sample_id,connector_name,filename,label,gray_mean,gray_std,band_mean,band_std,board_id
20251106110559_TOP,conn1,20251106110559_TOP.png,OK,0.5356901288032532,0.2589465081691742,0.5367608070373535,0.2072955965995788,20251106110559
20251106110633_TOP,conn1,20251106110633_TOP.png,OK,0.5392799973487854,0.2646432518959045,0.5639916062355042,0.2136934548616409,20251106110633
20251106110712_TOP,conn1,20251106110712_TOP.png,OK,0.5327147841453552,0.2577148377895355,0.558280885219574,0.2226188480854034,20251106110712
20251106110746_TOP,conn1,20251106110746_TOP.png,OK,0.5331306457519531,0.2663253247737884,0.4881881475448608,0.2267427444458007,20251106110746
20251106110824_TOP,conn1,20251106110824_TOP.png,OK,0.5187960267066956,0.2720623612403869,0.4339795410633087,0.2331852167844772,20251106110824
20251106110900_TOP,conn1,20251106110900_TOP.png,OK,0.539746105670929,0.2659504413604736,0.5312493443489075,0.2141457349061966,20251106110900
20251106110939_TOP,conn1,20251106110939_TOP.png,OK,0.5346763730049133,0.2676321566104889,0.5436222553253174,0.2212437838315963,20251106110939
20251106111015_TOP,conn1,20251106111015_TOP.png,OK,0.5130206942558289,0.2570025026798248,0.5072992444038391,0.1944547295570373,20251106111015
20251106111050_TOP,conn1,20251106111050_TOP.png,OK,0.5452530384063721,0.2745223641395569,0.5348904728889465,0.2189389616250991,20251106111050
20251106111126_TOP,conn1,20251106111126_TOP.png,OK,0.5407459139823914,0.2667142152786255,0.471096783876419,0.1982604563236236,20251106111126
20251106111204_TOP,conn1,20251106111204_TOP.png,OK,0.5690441727638245,0.2707813084125519,0.5116860866546631,0.2046443372964859,20251106111204
20251106111239_TOP,conn1,20251106111239_TOP.png,OK,0.5286961793899536,0.2607079148292541,0.5626822113990784,0.2295842915773391,20251106111239
20251106111316_TOP,conn1,20251106111316_TOP.png,OK,0.5729430317878723,0.2673127651214599,0.5635145306587219,0.2139705419540405,20251106111316
20251106111352_TOP,conn1,20251106111352_TOP.png,OK,0.5357000231742859,0.2639013528823852,0.5262530446052551,0.2166458666324615,20251106111352
20251106111429_TOP,conn1,20251106111429_TOP.png,OK,0.5486968755722046,0.2784640192985534,0.5081577301025391,0.1926207095384597,20251106111429
20251106111505_TOP,conn1,20251106111505_TOP.png,OK,0.5547430515289307,0.2733062505722046,0.5594539642333984,0.2196543961763382,20251106111505
20251106111542_TOP,conn1,20251106111542_TOP.png,OK,0.5664471387863159,0.2648734450340271,0.5195016860961914,0.2088158577680587,20251106111542
20251106111617_TOP,conn1,20251106111617_TOP.png,OK,0.560246467590332,0.2717216312885284,0.5127294063568115,0.2004744708538055,20251106111617
20251106111653_TOP,conn1,20251106111653_TOP.png,OK,0.5494856834411621,0.2659017741680145,0.4719565808773041,0.1862750053405761,20251106111653
20251106111729_TOP,conn1,20251106111729_TOP.png,OK,0.5489342212677002,0.2698995471000671,0.5202081799507141,0.214283749461174,20251106111729
20251106111808_TOP,conn1,20251106111808_TOP.png,OK,0.5361067652702332,0.2595844268798828,0.5602325201034546,0.2201131284236908,20251106111808
20251106111842_TOP,conn1,20251106111842_TOP.png,OK,0.5477234721183777,0.2752382755279541,0.5296057462692261,0.2144341766834259,20251106111842
20251106111918_TOP,conn1,20251106111918_TOP.png,OK,0.5295875668525696,0.2566089332103729,0.5456525087356567,0.2056873738765716,20251106111918
20251106111955_TOP,conn1,20251106111955_TOP.png,OK,0.5565636157989502,0.2552657723426819,0.570870041847229,0.2137041389942169,20251106111955
20251106112032_TOP,conn1,20251106112032_TOP.png,OK,0.5571467280387878,0.2646741271018982,0.531542956829071,0.2140142768621444,20251106112032
20251106112109_TOP,conn1,20251106112109_TOP.png,OK,0.5280801057815552,0.2623815238475799,0.4993250370025635,0.1986709684133529,20251106112109
20251106112144_TOP,conn1,20251106112144_TOP.png,OK,0.5642572641372681,0.2740688323974609,0.4997496604919433,0.2041138410568237,20251106112144
20251106112220_TOP,conn1,20251106112220_TOP.png,OK,0.5426539778709412,0.2574183940887451,0.5488977432250977,0.2240060567855835,20251106112220
20251106112255_TOP,conn1,20251106112255_TOP.png,OK,0.5389766693115234,0.2628117203712463,0.5729422569274902,0.217491015791893,20251106112255
20251106112334_TOP,conn1,20251106112334_TOP.png,OK,0.5303323268890381,0.2619070708751678,0.5082770586013794,0.1944194138050079,20251106112334
20251106112409_TOP,conn1,20251106112409_TOP.png,OK,0.5440833568572998,0.256212055683136,0.5450639724731445,0.2148852795362472,20251106112409
20251106112445_TOP,conn1,20251106112445_TOP.png,OK,0.5416178703308105,0.2560539543628692,0.5064957737922668,0.2266073077917099,20251106112445
20251106112523_TOP,conn1,20251106112523_TOP.png,OK,0.5492860674858093,0.2634856104850769,0.5215620994567871,0.2236118614673614,20251106112523
20251106112559_TOP,conn1,20251106112559_TOP.png,OK,0.5594711899757385,0.2783016562461853,0.4619587063789367,0.1991528868675232,20251106112559
20251106112633_TOP,conn1,20251106112633_TOP.png,OK,0.5455319881439209,0.2701279520988464,0.49774169921875,0.2225016951560974,20251106112633
20251106112712_TOP,conn1,20251106112712_TOP.png,OK,0.5782209634780884,0.2708030641078949,0.5690416097640991,0.2262063771486282,20251106112712
20251106112748_TOP,conn1,20251106112748_TOP.png,OK,0.5477112531661987,0.2767356336116791,0.5177768468856812,0.2184451520442962,20251106112748
20251106112823_TOP,conn1,20251106112823_TOP.png,OK,0.5498001575469971,0.2665535509586334,0.5540159344673157,0.2173323333263397,20251106112823
20251106112900_TOP,conn1,20251106112900_TOP.png,OK,0.5568652749061584,0.2619128823280334,0.6596361398696899,0.2307491898536682,20251106112900
20251106112937_TOP,conn1,20251106112937_TOP.png,OK,0.560019314289093,0.2641094624996185,0.5493800640106201,0.2161817550659179,20251106112937
20251106113014_TOP,conn1,20251106113014_TOP.png,OK,0.5248076319694519,0.2773117125034332,0.4435422420501709,0.1942097097635269,20251106113014
20251106113049_TOP,conn1,20251106113049_TOP.png,OK,0.530502200126648,0.2560241520404815,0.5656797289848328,0.2069512754678726,20251106113049
20251106113126_TOP,conn1,20251106113126_TOP.png,OK,0.5346789360046387,0.2660526037216186,0.5489789843559265,0.2115451097488403,20251106113126
20251106113202_TOP,conn1,20251106113202_TOP.png,OK,0.5406843423843384,0.2630144655704498,0.5413154363632202,0.2122509777545929,20251106113202
20251106113240_TOP,conn1,20251106113240_TOP.png,OK,0.5415635108947754,0.2667981088161468,0.5485070943832397,0.2065694034099578,20251106113240
20251106113316_TOP,conn1,20251106113316_TOP.png,OK,0.5452513694763184,0.2704339921474457,0.526554524898529,0.2036571502685547,20251106113316
20251106113351_TOP,conn1,20251106113351_TOP.png,OK,0.5306832790374756,0.2598467469215393,0.5197192430496216,0.2049986720085144,20251106113351
20251106113428_TOP,conn1,20251106113428_TOP.png,OK,0.5368534326553345,0.2659385204315185,0.5205764174461365,0.2098370492458343,20251106113428
20251106130408_TOP,conn1,20251106130408_TOP.png,OK,0.524863064289093,0.2633403241634369,0.4981624186038971,0.2073781341314315,20251106130408
20251106130444_TOP,conn1,20251106130444_TOP.png,OK,0.5381906628608704,0.2649377882480621,0.5155526399612427,0.2039869129657745,20251106130444
20251106130521_TOP,conn1,20251106130521_TOP.png,OK,0.5425583720207214,0.2696576118469238,0.5618748068809509,0.2164076268672943,20251106130521
20251106130557_TOP,conn1,20251106130557_TOP.png,OK,0.5523281693458557,0.274380475282669,0.4351578056812286,0.1960887163877487,20251106130557
20251106130633_TOP,conn1,20251106130633_TOP.png,OK,0.5421865582466125,0.268005758523941,0.4631802141666412,0.2053628414869308,20251106130633
20251106130711_TOP,conn1,20251106130711_TOP.png,OK,0.5417989492416382,0.2727741003036499,0.4935868084430694,0.2066592574119568,20251106130711
20251106130747_TOP,conn1,20251106130747_TOP.png,OK,0.5332440733909607,0.2658624351024627,0.5297499299049377,0.2147397696971893,20251106130747
20251106130824_TOP,conn1,20251106130824_TOP.png,OK,0.5339663624763489,0.2676937878131866,0.5579257607460022,0.2340770363807678,20251106130824
20251106130903_TOP,conn1,20251106130903_TOP.png,OK,0.5430172085762024,0.274937093257904,0.5354028940200806,0.221066415309906,20251106130903
20251106130936_TOP,conn1,20251106130936_TOP.png,OK,0.5373420119285583,0.2657142579555511,0.5432630777359009,0.2203697115182876,20251106130936
20251106131013_TOP,conn1,20251106131013_TOP.png,OK,0.5186701416969299,0.2582686245441437,0.5299675464630127,0.2123169749975204,20251106131013
20251106131049_TOP,conn1,20251106131049_TOP.png,OK,0.5496492981910706,0.269150048494339,0.5314223766326904,0.1954766064882278,20251106131049
20251106131124_TOP,conn1,20251106131124_TOP.png,OK,0.5236092805862427,0.2571462392807007,0.5456629395484924,0.2175831198692321,20251106131124
20251106131202_TOP,conn1,20251106131202_TOP.png,OK,0.5526542067527771,0.2767090201377868,0.5111081004142761,0.2180489152669906,20251106131202
20251106131240_TOP,conn1,20251106131240_TOP.png,OK,0.544343888759613,0.2714892327785492,0.5224153399467468,0.2059775441884994,20251106131240
20251106131314_TOP,conn1,20251106131314_TOP.png,OK,0.547258198261261,0.2695823907852173,0.5257077813148499,0.2207937091588974,20251106131314
20251106131351_TOP,conn1,20251106131351_TOP.png,OK,0.5486311912536621,0.2717907130718231,0.5385865569114685,0.2158698141574859,20251106131351
20251106131428_TOP,conn1,20251106131428_TOP.png,OK,0.5512768030166626,0.2668064832687378,0.4913993179798126,0.2096148580312729,20251106131428
20251106131503_TOP,conn1,20251106131503_TOP.png,OK,0.560519278049469,0.276656299829483,0.4962672293186188,0.1987165808677673,20251106131503
20251106131541_TOP,conn1,20251106131541_TOP.png,OK,0.5593875050544739,0.2713953554630279,0.5627490282058716,0.2222702503204345,20251106131541
20251106131615_TOP,conn1,20251106131615_TOP.png,KO,0.6122745871543884,0.3001429736614227,0.6256750226020813,0.2914360761642456,20251106131615
20251106131652_TOP,conn1,20251106131652_TOP.png,OK,0.5533492565155029,0.2629087269306183,0.5679104924201965,0.2268485873937606,20251106131652
20251106131729_TOP,conn1,20251106131729_TOP.png,OK,0.5411525964736938,0.2649223506450653,0.4970759153366089,0.2012728005647659,20251106131729
20251106131805_TOP,conn1,20251106131805_TOP.png,OK,0.5520697832107544,0.2582586705684662,0.5589795708656311,0.2090518921613693,20251106131805
20251106131841_TOP,conn1,20251106131841_TOP.png,OK,0.5402981042861938,0.2586931884288788,0.5555782914161682,0.2233515232801437,20251106131841
20251106131917_TOP,conn1,20251106131917_TOP.png,OK,0.5460537672042847,0.2665597796440124,0.5590423941612244,0.2224202305078506,20251106131917
20251106131952_TOP,conn1,20251106131952_TOP.png,OK,0.5503393411636353,0.2721359431743622,0.5055494904518127,0.2180993258953094,20251106131952
20251106132030_TOP,conn1,20251106132030_TOP.png,OK,0.5511811971664429,0.2715775668621063,0.5394254326820374,0.2262751758098602,20251106132030
20251106132107_TOP,conn1,20251106132107_TOP.png,OK,0.5396767854690552,0.2640284299850464,0.495119035243988,0.2093985825777053,20251106132107
20251106132144_TOP,conn1,20251106132144_TOP.png,OK,0.5289320945739746,0.2542241215705871,0.5112456679344177,0.2258392721414566,20251106132144
20251106132219_TOP,conn1,20251106132219_TOP.png,OK,0.5416281223297119,0.2696210443973541,0.5178593993186951,0.2012220621109008,20251106132219
20251106132256_TOP,conn1,20251106132256_TOP.png,OK,0.5186405181884766,0.2615065276622772,0.4972645938396454,0.1931093782186508,20251106132256
20251106132332_TOP,conn1,20251106132332_TOP.png,OK,0.5627761483192444,0.2742237746715545,0.5134804248809814,0.2100052684545517,20251106132332
20251106132408_TOP,conn1,20251106132408_TOP.png,OK,0.5543763041496277,0.2708527147769928,0.534300684928894,0.2163083553314209,20251106132408
20251106132445_TOP,conn1,20251106132445_TOP.png,OK,0.562183141708374,0.2701157033443451,0.5621906518936157,0.2178023308515548,20251106132445
20251106132520_TOP,conn1,20251106132520_TOP.png,OK,0.5502274036407471,0.2619220614433288,0.549401044845581,0.2166476100683212,20251106132520
20251106132557_TOP,conn1,20251106132557_TOP.png,OK,0.5690605640411377,0.2767921388149261,0.5100411772727966,0.2080885916948318,20251106132557
20251106132635_TOP,conn1,20251106132635_TOP.png,OK,0.5673223733901978,0.2756688296794891,0.5299819111824036,0.2167502045631408,20251106132635
20251106132710_TOP,conn1,20251106132710_TOP.png,OK,0.5506629347801208,0.2723227739334106,0.5642694234848022,0.2147225439548492,20251106132710
20251106132747_TOP,conn1,20251106132747_TOP.png,OK,0.5711857080459595,0.2727301716804504,0.6727495193481445,0.209499329328537,20251106132747
20251106132824_TOP,conn1,20251106132824_TOP.png,OK,0.5513108968734741,0.271765649318695,0.514308750629425,0.2205701917409896,20251106132824
20251106132900_TOP,conn1,20251106132900_TOP.png,OK,0.5636584162712097,0.2800821959972381,0.5380702018737793,0.2157566398382187,20251106132900
20251106132935_TOP,conn1,20251106132935_TOP.png,OK,0.5451868176460266,0.2666794657707214,0.5578011870384216,0.215771272778511,20251106132935
20251106133012_TOP,conn1,20251106133012_TOP.png,OK,0.5445479154586792,0.2747922539710998,0.4864842295646667,0.2021012306213379,20251106133012
20251106133048_TOP,conn1,20251106133048_TOP.png,OK,0.5481656193733215,0.2660100758075714,0.5493459701538086,0.215545043349266,20251106133048
20251106133124_TOP,conn1,20251106133124_TOP.png,OK,0.5609592795372009,0.2695493400096893,0.5692552924156189,0.206786498427391,20251106133124
20251106133202_TOP,conn1,20251106133202_TOP.png,OK,0.5416681170463562,0.2688909769058227,0.5518834590911865,0.2237496227025985,20251106133202
20251106133238_TOP,conn1,20251106133238_TOP.png,OK,0.5670396089553833,0.2678033113479614,0.5814695358276367,0.2156673669815063,20251106133238
20251106135917_TOP,conn1,20251106135917_TOP.png,OK,0.5609611868858337,0.2671709656715393,0.5843216180801392,0.213549718260765,20251106135917
20251106135955_TOP,conn1,20251106135955_TOP.png,OK,0.5383487343788147,0.2606991827487945,0.5776843428611755,0.221398651599884,20251106135955
20251106140029_TOP,conn1,20251106140029_TOP.png,OK,0.5604338645935059,0.2634138464927673,0.505725085735321,0.2234479337930679,20251106140029
20251106140108_TOP,conn1,20251106140108_TOP.png,OK,0.5446042418479919,0.2599267959594726,0.534705638885498,0.2000475227832794,20251106140108
20251106140143_TOP,conn1,20251106140143_TOP.png,OK,0.5379205942153931,0.2649205923080444,0.5228846073150635,0.2193588465452194,20251106140143
20251106140220_TOP,conn1,20251106140220_TOP.png,OK,0.5484611988067627,0.2644876837730407,0.5790906548500061,0.2264953851699829,20251106140220
20251106140254_TOP,conn1,20251106140254_TOP.png,OK,0.5412574410438538,0.2646816670894623,0.5095994472503662,0.2046956270933151,20251106140254
20251106140333_TOP,conn1,20251106140333_TOP.png,OK,0.5257555246353149,0.2575524151325226,0.5581852793693542,0.2100253403186798,20251106140333
20251106140408_TOP,conn1,20251106140408_TOP.png,OK,0.5109295845031738,0.264007955789566,0.4429459273815155,0.2272199094295501,20251106140408
20251106140444_TOP,conn1,20251106140444_TOP.png,OK,0.5415762662887573,0.2699159383773803,0.5290591716766357,0.2014822214841842,20251106140444
20251106140521_TOP,conn1,20251106140521_TOP.png,OK,0.5413509011268616,0.2782652378082275,0.4881068766117096,0.2485002428293228,20251106140521
20251106140557_TOP,conn1,20251106140557_TOP.png,OK,0.557468831539154,0.2720482945442199,0.5532806515693665,0.2032822519540786,20251106140557
20251106140634_TOP,conn1,20251106140634_TOP.png,OK,0.5414296388626099,0.2578283846378326,0.5763028264045715,0.212614819407463,20251106140634
20251106140711_TOP,conn1,20251106140711_TOP.png,OK,0.5710371136665344,0.2760781347751617,0.5850516557693481,0.232586070895195,20251106140711
20251106140748_TOP,conn1,20251106140748_TOP.png,OK,0.5480694770812988,0.2698080837726593,0.4949381649494171,0.2186527997255325,20251106140748
20251106140823_TOP,conn1,20251106140823_TOP.png,OK,0.5520192980766296,0.2653667628765106,0.5616205334663391,0.2057843655347824,20251106140823
20251106140859_TOP,conn1,20251106140859_TOP.png,OK,0.5309685468673706,0.2726715207099914,0.4661306142807007,0.2445568740367889,20251106140859
20251106140934_TOP,conn1,20251106140934_TOP.png,OK,0.5450154542922974,0.2632758021354675,0.5553462505340576,0.2197428792715072,20251106140934
20251106141010_TOP,conn1,20251106141010_TOP.png,OK,0.5580236315727234,0.2620109021663666,0.5636088252067566,0.2142022401094436,20251106141010
20251106141048_TOP,conn1,20251106141048_TOP.png,OK,0.5515925884246826,0.2700154781341553,0.5389326214790344,0.2097415477037429,20251106141048
20251106141123_TOP,conn1,20251106141123_TOP.png,OK,0.5447037816047668,0.2775079011917114,0.4741952121257782,0.229846641421318,20251106141123
20251106141200_TOP,conn1,20251106141200_TOP.png,OK,0.5532472729682922,0.2739401161670685,0.5626415610313416,0.2267145216464996,20251106141200
20251106141239_TOP,conn1,20251106141239_TOP.png,OK,0.5499802827835083,0.2715119421482086,0.5692434906959534,0.2237129807472229,20251106141239
20251106141313_TOP,conn1,20251106141313_TOP.png,OK,0.5438046455383301,0.279575377702713,0.4701819121837616,0.2494482994079589,20251106141313
20251106141351_TOP,conn1,20251106141351_TOP.png,OK,0.5476407408714294,0.2771531641483307,0.5339100956916809,0.2035393863916397,20251106141351
20251106141426_TOP,conn1,20251106141426_TOP.png,OK,0.5469077229499817,0.2701777517795563,0.5625249147415161,0.2170926481485366,20251106141426
20251106141502_TOP,conn1,20251106141502_TOP.png,OK,0.5665088891983032,0.2772463262081146,0.500066876411438,0.218921884894371,20251106141502
20251106141538_TOP,conn1,20251106141538_TOP.png,OK,0.5621193051338196,0.2707736790180206,0.5718661546707153,0.2221630215644836,20251106141538
20251106141615_TOP,conn1,20251106141615_TOP.png,OK,0.5150760412216187,0.2649814486503601,0.5193837285041809,0.2352192550897598,20251106141615
20251106141652_TOP,conn1,20251106141652_TOP.png,OK,0.5507766008377075,0.264114499092102,0.4956576824188232,0.2089067697525024,20251106141652
20251106141729_TOP,conn1,20251106141729_TOP.png,OK,0.5220388770103455,0.2747659385204315,0.4852469563484192,0.2435796558856964,20251106141729
20251106141804_TOP,conn1,20251106141804_TOP.png,OK,0.5461679697036743,0.2762144804000854,0.5337488055229187,0.2228858321905136,20251106141804
20251106141840_TOP,conn1,20251106141840_TOP.png,OK,0.5231931209564209,0.2794800698757171,0.4452264904975891,0.2367142438888549,20251106141840
20251106141916_TOP,conn1,20251106141916_TOP.png,OK,0.5629757642745972,0.2584286630153656,0.5282793641090393,0.2210026383399963,20251106141916
20251106141954_TOP,conn1,20251106141954_TOP.png,OK,0.5445038676261902,0.2726151943206787,0.5098183155059814,0.2249420434236526,20251106141954
20251106142030_TOP,conn1,20251106142030_TOP.png,OK,0.5444238185882568,0.2843999862670898,0.50323086977005,0.2310729920864105,20251106142030
20251106142106_TOP,conn1,20251106142106_TOP.png,OK,0.5431405901908875,0.2751443386077881,0.5429511070251465,0.2174327075481414,20251106142106
20251106142143_TOP,conn1,20251106142143_TOP.png,OK,0.54038405418396,0.2716179192066192,0.4944977760314941,0.2261001467704773,20251106142143
20251106142218_TOP,conn1,20251106142218_TOP.png,OK,0.5468907952308655,0.2837336361408233,0.484467089176178,0.2181901335716247,20251106142218
20251106142255_TOP,conn1,20251106142255_TOP.png,OK,0.5481526851654053,0.2624355554580688,0.54701167345047,0.227383404970169,20251106142255
20251106142332_TOP,conn1,20251106142332_TOP.png,OK,0.5408074855804443,0.2750925123691559,0.5053175091743469,0.2094773799180984,20251106142332
20251106142408_TOP,conn1,20251106142408_TOP.png,OK,0.5665635466575623,0.2726487219333648,0.522077202796936,0.2138435989618301,20251106142408
20251106142445_TOP,conn1,20251106142445_TOP.png,OK,0.5462758541107178,0.2653563618659973,0.5030500292778015,0.2179757803678512,20251106142445
20251106142521_TOP,conn1,20251106142521_TOP.png,OK,0.5426163077354431,0.2737683653831482,0.467706024646759,0.1945341229438781,20251106142521
20251106142557_TOP,conn1,20251106142557_TOP.png,OK,0.5547248721122742,0.2800332307815552,0.5389129519462585,0.2268447130918502,20251106142557
20251106142633_TOP,conn1,20251106142633_TOP.png,OK,0.5461028814315796,0.2828443944454193,0.5505819916725159,0.2258636653423309,20251106142633
20251106142709_TOP,conn1,20251106142709_TOP.png,OK,0.5467627048492432,0.2708512544631958,0.5304511785507202,0.216001808643341,20251106142709
20251106142745_TOP,conn1,20251106142745_TOP.png,OK,0.534882128238678,0.273540049791336,0.5188397765159607,0.2334588915109634,20251106142745
20251106164243_TOP,conn1,20251106164243_TOP.png,OK,0.5757838487625122,0.2765360176563263,0.52280592918396,0.2364097386598587,20251106164243
20251106164318_TOP,conn1,20251106164318_TOP.png,OK,0.5514950156211853,0.2671883702278137,0.5413783192634583,0.2314512878656387,20251106164318
20251106164354_TOP,conn1,20251106164354_TOP.png,OK,0.5521296858787537,0.2595112025737762,0.534059464931488,0.2171041816473007,20251106164354
20251106164433_TOP,conn1,20251106164433_TOP.png,OK,0.5501369833946228,0.2726435661315918,0.5291260480880737,0.2243555337190628,20251106164433
20251106164507_TOP,conn1,20251106164507_TOP.png,OK,0.5377384424209595,0.2566737830638885,0.5162866115570068,0.2038353234529495,20251106164507
20251106164545_TOP,conn1,20251106164545_TOP.png,OK,0.5491172075271606,0.2640018761157989,0.5331787467002869,0.2124628573656082,20251106164545
20251106164620_TOP,conn1,20251106164620_TOP.png,KO,0.5868373513221741,0.2807013988494873,0.6235648393630981,0.2774472534656524,20251106164620
20251106164656_TOP,conn1,20251106164656_TOP.png,OK,0.5380107164382935,0.2773922979831695,0.4364108443260193,0.2433799356222152,20251106164656
20251106164732_TOP,conn1,20251106164732_TOP.png,OK,0.5499775409698486,0.2706017792224884,0.4780040979385376,0.2076625674962997,20251106164732
20251106164808_TOP,conn1,20251106164808_TOP.png,OK,0.5656887292861938,0.2640693485736847,0.5145551562309265,0.2073846757411956,20251106164808
20251106164844_TOP,conn1,20251106164844_TOP.png,OK,0.5316850543022156,0.2675527930259704,0.4622640907764435,0.2305581122636795,20251106164844
20251106164921_TOP,conn1,20251106164921_TOP.png,OK,0.5503737330436707,0.2725773751735687,0.5129364728927612,0.2146950811147689,20251106164921
20251106164957_TOP,conn1,20251106164957_TOP.png,OK,0.5559026002883911,0.2682921290397644,0.5305835604667664,0.2218947112560272,20251106164957
20251106165034_TOP,conn1,20251106165034_TOP.png,OK,0.5811527371406555,0.2797653675079345,0.565403163433075,0.2292579859495163,20251106165034
20251106165110_TOP,conn1,20251106165110_TOP.png,OK,0.5485476851463318,0.2715116143226623,0.526009202003479,0.2390377968549728,20251106165110
20251106165146_TOP,conn1,20251106165146_TOP.png,OK,0.5311005711555481,0.277035504579544,0.4871631562709808,0.2424468100070953,20251106165146
20251106165224_TOP,conn1,20251106165224_TOP.png,OK,0.5594773292541504,0.2729687690734863,0.5553895235061646,0.223447099328041,20251106165224
20251106165259_TOP,conn1,20251106165259_TOP.png,OK,0.5633085370063782,0.26811283826828,0.5672211050987244,0.229193314909935,20251106165259
20251106165335_TOP,conn1,20251106165335_TOP.png,OK,0.5435002446174622,0.2614858448505401,0.4701111316680908,0.2259590923786163,20251106165335
20251106165411_TOP,conn1,20251106165411_TOP.png,OK,0.5531935095787048,0.2714532613754272,0.535912811756134,0.2309932112693786,20251106165411
20251106165448_TOP,conn1,20251106165448_TOP.png,OK,0.5396177172660828,0.2792258262634277,0.4566871523857116,0.2302655130624771,20251106165448
20251106165523_TOP,conn1,20251106165523_TOP.png,OK,0.5490382313728333,0.2609559595584869,0.5637215971946716,0.2226350158452987,20251106165523
20251106165601_TOP,conn1,20251106165601_TOP.png,OK,0.5452092289924622,0.2688733637332916,0.5619730949401855,0.2202833294868469,20251106165601
20251106165638_TOP,conn1,20251106165638_TOP.png,OK,0.5671557784080505,0.2778132855892181,0.5831603407859802,0.212755411863327,20251106165638
20251106165714_TOP,conn1,20251106165714_TOP.png,OK,0.5766599774360657,0.2763050198554992,0.5616952776908875,0.23367440700531,20251106165714
20251106165750_TOP,conn1,20251106165750_TOP.png,OK,0.5555042028427124,0.2720636427402496,0.511426568031311,0.2237276881933212,20251106165750
20251106165826_TOP,conn1,20251106165826_TOP.png,OK,0.5505706071853638,0.2716077268123626,0.5314289331436157,0.2392351478338241,20251106165826
20251106165901_TOP,conn1,20251106165901_TOP.png,OK,0.5567116141319275,0.2760354280471802,0.5484232306480408,0.2297912687063217,20251106165901
20251106165939_TOP,conn1,20251106165939_TOP.png,OK,0.5453747510910034,0.2714748382568359,0.5046883225440979,0.228218987584114,20251106165939
20251106110559_TOP,conn2,20251106110559_TOP.png,OK,0.4731144309043884,0.2722097039222717,0.4350875318050384,0.230251207947731,20251106110559
20251106110633_TOP,conn2,20251106110633_TOP.png,OK,0.469207763671875,0.2703180611133575,0.4334519505500793,0.2418943792581558,20251106110633
20251106110712_TOP,conn2,20251106110712_TOP.png,OK,0.4585743844509125,0.2719480097293854,0.4226845502853393,0.2065543085336685,20251106110712
20251106110746_TOP,conn2,20251106110746_TOP.png,OK,0.4814381599426269,0.2742480933666229,0.4275657534599304,0.2448548078536987,20251106110746
20251106110824_TOP,conn2,20251106110824_TOP.png,OK,0.466194748878479,0.281684398651123,0.4238256216049194,0.2316908091306686,20251106110824
20251106110900_TOP,conn2,20251106110900_TOP.png,OK,0.4730922877788543,0.2692421078681946,0.4484119117259979,0.2473116070032119,20251106110900
20251106110939_TOP,conn2,20251106110939_TOP.png,OK,0.4729819297790527,0.2650685608386993,0.4530220627784729,0.2477057576179504,20251106110939
20251106111015_TOP,conn2,20251106111015_TOP.png,OK,0.4738703370094299,0.272822231054306,0.4466697573661804,0.252369076013565,20251106111015
20251106111050_TOP,conn2,20251106111050_TOP.png,OK,0.4787641763687134,0.2701700925827026,0.4797003269195556,0.2689559161663055,20251106111050
20251106111126_TOP,conn2,20251106111126_TOP.png,OK,0.4564301371574402,0.2744724154472351,0.4436952471733093,0.2597004175186157,20251106111126
20251106111204_TOP,conn2,20251106111204_TOP.png,OK,0.462297648191452,0.2725689113140106,0.4174552261829376,0.2278419137001037,20251106111204
20251106111239_TOP,conn2,20251106111239_TOP.png,OK,0.4618754684925079,0.2671991288661957,0.4219451546669006,0.2122403532266616,20251106111239
20251106111316_TOP,conn2,20251106111316_TOP.png,OK,0.4732430279254913,0.2732039093971252,0.4299637377262115,0.2335844784975052,20251106111316
20251106111352_TOP,conn2,20251106111352_TOP.png,OK,0.4620584547519684,0.2713698148727417,0.4142386615276336,0.2269479036331176,20251106111352
20251106111429_TOP,conn2,20251106111429_TOP.png,OK,0.4715043604373932,0.2699026763439178,0.477679431438446,0.2851719260215759,20251106111429
20251106111505_TOP,conn2,20251106111505_TOP.png,OK,0.4686201214790344,0.2656665742397308,0.3996202051639557,0.2291822582483291,20251106111505
20251106111542_TOP,conn2,20251106111542_TOP.png,OK,0.4747869074344635,0.2703957855701446,0.4397551119327545,0.2346155643463134,20251106111542
20251106111617_TOP,conn2,20251106111617_TOP.png,OK,0.4675919115543365,0.274157166481018,0.4229304492473602,0.2465368658304214,20251106111617
20251106111653_TOP,conn2,20251106111653_TOP.png,OK,0.4575355648994446,0.2640048265457153,0.4388440549373626,0.2201942354440689,20251106111653
20251106111729_TOP,conn2,20251106111729_TOP.png,OK,0.4814328551292419,0.2722751200199127,0.4779548346996307,0.2700869739055633,20251106111729
20251106111808_TOP,conn2,20251106111808_TOP.png,OK,0.4785301387310028,0.2741229236125946,0.4502262473106384,0.2525208294391632,20251106111808
20251106111842_TOP,conn2,20251106111842_TOP.png,OK,0.4682279825210571,0.2658920586109161,0.4510290622711181,0.2428595721721649,20251106111842
20251106111918_TOP,conn2,20251106111918_TOP.png,OK,0.4796952307224273,0.2800163328647613,0.4314097464084625,0.2353648543357849,20251106111918
20251106111955_TOP,conn2,20251106111955_TOP.png,OK,0.4642039537429809,0.2712810635566711,0.4643031358718872,0.2384383529424667,20251106111955
20251106112032_TOP,conn2,20251106112032_TOP.png,OK,0.4539214074611664,0.2645925283432007,0.4487240016460418,0.2400284856557846,20251106112032
20251106112109_TOP,conn2,20251106112109_TOP.png,OK,0.470233142375946,0.271201342344284,0.4259000420570373,0.2530607581138611,20251106112109
20251106112144_TOP,conn2,20251106112144_TOP.png,OK,0.4784961938858032,0.2716542184352875,0.4528734385967254,0.2678499221801758,20251106112144
20251106112220_TOP,conn2,20251106112220_TOP.png,OK,0.4688740074634552,0.2671026885509491,0.4396534562110901,0.2248030602931976,20251106112220
20251106112255_TOP,conn2,20251106112255_TOP.png,OK,0.4717968702316284,0.2719426453113556,0.4493737518787384,0.2395556569099426,20251106112255
20251106112334_TOP,conn2,20251106112334_TOP.png,OK,0.4774799346923828,0.2779664695262909,0.4105570018291473,0.2486641108989715,20251106112334
20251106112409_TOP,conn2,20251106112409_TOP.png,OK,0.4652381837368011,0.2694692313671112,0.4481255710124969,0.2271078675985336,20251106112409
20251106112445_TOP,conn2,20251106112445_TOP.png,OK,0.4679431021213531,0.2649213075637817,0.4433006644248962,0.2395435273647308,20251106112445
20251106112523_TOP,conn2,20251106112523_TOP.png,OK,0.4625343680381775,0.2749887108802795,0.4360116720199585,0.2432154417037964,20251106112523
20251106112559_TOP,conn2,20251106112559_TOP.png,OK,0.4680207073688507,0.2669581174850464,0.4374281466007232,0.2358709573745727,20251106112559
20251106112633_TOP,conn2,20251106112633_TOP.png,OK,0.4495630264282226,0.2646178305149078,0.4174448847770691,0.2283888012170791,20251106112633
20251106112712_TOP,conn2,20251106112712_TOP.png,OK,0.4659607410430908,0.2650692760944366,0.3944734036922455,0.2037268429994583,20251106112712
20251106112748_TOP,conn2,20251106112748_TOP.png,OK,0.4702499210834503,0.2685669362545013,0.464968740940094,0.2556632161140442,20251106112748
20251106112823_TOP,conn2,20251106112823_TOP.png,OK,0.4857257902622223,0.2740371525287628,0.4638118743896484,0.2498477399349212,20251106112823
20251106112900_TOP,conn2,20251106112900_TOP.png,OK,0.4616086184978485,0.2771737575531006,0.4960205256938934,0.2718800902366638,20251106112900
20251106112937_TOP,conn2,20251106112937_TOP.png,OK,0.4714335203170776,0.2770447134971618,0.4665005505084991,0.2409122139215469,20251106112937
20251106113014_TOP,conn2,20251106113014_TOP.png,OK,0.4757819473743438,0.2752299904823303,0.4879128634929657,0.2855327725410461,20251106113014
20251106113049_TOP,conn2,20251106113049_TOP.png,OK,0.4749301075935364,0.2759023010730743,0.4601553380489349,0.2394328415393829,20251106113049
20251106113126_TOP,conn2,20251106113126_TOP.png,OK,0.4618983864784241,0.2660651803016662,0.4311370253562927,0.2400472611188888,20251106113126
20251106113202_TOP,conn2,20251106113202_TOP.png,OK,0.4633311033248901,0.2694973051548004,0.4330169558525085,0.2371921688318252,20251106113202
20251106113240_TOP,conn2,20251106113240_TOP.png,OK,0.4707635343074798,0.2731162011623382,0.4647020697593689,0.2541151046752929,20251106113240
20251106113316_TOP,conn2,20251106113316_TOP.png,OK,0.44656503200531,0.2608819901943207,0.4743677377700805,0.2732801437377929,20251106113316
20251106113351_TOP,conn2,20251106113351_TOP.png,OK,0.4604962468147278,0.2727267146110534,0.4748409986495971,0.2474919259548187,20251106113351
20251106113428_TOP,conn2,20251106113428_TOP.png,OK,0.4773739278316498,0.2702758312225342,0.4479004144668579,0.2381586134433746,20251106113428
20251106130408_TOP,conn2,20251106130408_TOP.png,OK,0.4560919404029846,0.2623339295387268,0.4386134743690491,0.2218409478664398,20251106130408
20251106130444_TOP,conn2,20251106130444_TOP.png,OK,0.465991199016571,0.2733615040779114,0.4352493286132812,0.2502683401107788,20251106130444
20251106130521_TOP,conn2,20251106130521_TOP.png,OK,0.4575070738792419,0.2723246812820434,0.4415628314018249,0.2384272664785385,20251106130521
20251106130557_TOP,conn2,20251106130557_TOP.png,OK,0.4701135754585266,0.2664242684841156,0.4162617325782776,0.2213477790355682,20251106130557
20251106130633_TOP,conn2,20251106130633_TOP.png,OK,0.4701795578002929,0.2747252583503723,0.4486151933670044,0.2583150565624237,20251106130633
20251106130711_TOP,conn2,20251106130711_TOP.png,OK,0.4614105224609375,0.2665007412433624,0.4458352327346802,0.25096595287323,20251106130711
20251106130747_TOP,conn2,20251106130747_TOP.png,OK,0.4585572183132171,0.2720264494419098,0.4476042091846466,0.261296659708023,20251106130747
20251106130824_TOP,conn2,20251106130824_TOP.png,OK,0.4544369280338287,0.263148695230484,0.4193307757377624,0.2097836136817932,20251106130824
20251106130903_TOP,conn2,20251106130903_TOP.png,OK,0.4644768536090851,0.2787643074989319,0.5050790309906006,0.2680557072162628,20251106130903
20251106130936_TOP,conn2,20251106130936_TOP.png,OK,0.4613054096698761,0.2724451422691345,0.4354356527328491,0.2541302442550659,20251106130936
20251106131013_TOP,conn2,20251106131013_TOP.png,OK,0.4781839847564697,0.2784771621227264,0.4168021976947784,0.2254002690315246,20251106131013
20251106131049_TOP,conn2,20251106131049_TOP.png,OK,0.4593842923641205,0.2677604854106903,0.4221555292606354,0.2354737371206283,20251106131049
20251106131124_TOP,conn2,20251106131124_TOP.png,OK,0.4712474644184112,0.2749996185302734,0.4157890379428863,0.219967320561409,20251106131124
20251106131202_TOP,conn2,20251106131202_TOP.png,OK,0.4837138652801513,0.2655597627162933,0.4877806305885315,0.2587553858757019,20251106131202
20251106131240_TOP,conn2,20251106131240_TOP.png,OK,0.4584724605083465,0.2625772655010223,0.4264197647571563,0.2322495281696319,20251106131240
20251106131314_TOP,conn2,20251106131314_TOP.png,OK,0.469635933637619,0.2698818743228912,0.4254628717899322,0.2474092096090316,20251106131314
20251106131351_TOP,conn2,20251106131351_TOP.png,OK,0.4717278480529785,0.2706758975982666,0.4316807687282562,0.2499699741601944,20251106131351
20251106131428_TOP,conn2,20251106131428_TOP.png,OK,0.4562957882881164,0.2747179567813873,0.4401403665542602,0.2585257887840271,20251106131428
20251106131503_TOP,conn2,20251106131503_TOP.png,OK,0.4658701419830322,0.2756909132003784,0.4602460265159607,0.2379187941551208,20251106131503
20251106131541_TOP,conn2,20251106131541_TOP.png,OK,0.4610670804977417,0.2709419429302215,0.4544090628623962,0.2415389865636825,20251106131541
20251106131615_TOP,conn2,20251106131615_TOP.png,KO,0.5060185194015503,0.2757999897003174,0.5536887645721436,0.2857201397418976,20251106131615
20251106131652_TOP,conn2,20251106131652_TOP.png,OK,0.4792907834053039,0.2750783562660217,0.4378347396850586,0.233976811170578,20251106131652
20251106131729_TOP,conn2,20251106131729_TOP.png,OK,0.4738219082355499,0.2721596956253052,0.4789614677429199,0.2770187854766845,20251106131729
20251106131805_TOP,conn2,20251106131805_TOP.png,OK,0.4551071524620056,0.2649815082550049,0.4370008111000061,0.2239184826612472,20251106131805
20251106131841_TOP,conn2,20251106131841_TOP.png,OK,0.467929869890213,0.2816601395606994,0.4717719554901123,0.2431254237890243,20251106131841
20251106131917_TOP,conn2,20251106131917_TOP.png,OK,0.4665695130825043,0.2665999829769134,0.4560211896896362,0.2510974705219269,20251106131917
20251106131952_TOP,conn2,20251106131952_TOP.png,OK,0.4624025523662567,0.2709735631942749,0.4369964003562927,0.243209570646286,20251106131952
20251106132030_TOP,conn2,20251106132030_TOP.png,OK,0.4581681787967682,0.2716367840766907,0.415492832660675,0.2318346947431564,20251106132030
20251106132107_TOP,conn2,20251106132107_TOP.png,OK,0.4617058932781219,0.2706792056560516,0.4440673589706421,0.2571527659893036,20251106132107
20251106132144_TOP,conn2,20251106132144_TOP.png,OK,0.4609655141830444,0.2680586278438568,0.4287871420383453,0.2213088870048523,20251106132144
20251106132219_TOP,conn2,20251106132219_TOP.png,OK,0.4552426338195801,0.2680016756057739,0.4544144868850708,0.2544339597225189,20251106132219
20251106132256_TOP,conn2,20251106132256_TOP.png,OK,0.4590034484863281,0.2706055045127868,0.4399605691432953,0.2656495273113251,20251106132256
20251106132332_TOP,conn2,20251106132332_TOP.png,OK,0.4666032195091247,0.2697341442108154,0.4581989049911499,0.2253324836492538,20251106132332
20251106132408_TOP,conn2,20251106132408_TOP.png,OK,0.4713248312473297,0.2704099118709564,0.4463298320770263,0.262561172246933,20251106132408
20251106132445_TOP,conn2,20251106132445_TOP.png,OK,0.4577215015888214,0.276690274477005,0.4565955102443695,0.2590240240097046,20251106132445
20251106132520_TOP,conn2,20251106132520_TOP.png,OK,0.4583606123924255,0.2688052356243133,0.4370822012424469,0.2359411716461181,20251106132520
20251106132557_TOP,conn2,20251106132557_TOP.png,OK,0.4727777540683746,0.2738975882530212,0.4494896233081817,0.2598855793476105,20251106132557
20251106132635_TOP,conn2,20251106132635_TOP.png,OK,0.4654498696327209,0.2700915932655334,0.4411672055721283,0.2528756558895111,20251106132635
20251106132710_TOP,conn2,20251106132710_TOP.png,OK,0.4754115641117096,0.2670440673828125,0.4528258740901947,0.249839186668396,20251106132710
20251106132747_TOP,conn2,20251106132747_TOP.png,OK,0.4759754240512848,0.2790493965148926,0.5212664604187012,0.2851814031600952,20251106132747
20251106132824_TOP,conn2,20251106132824_TOP.png,OK,0.4647726118564605,0.2654569149017334,0.4348553121089935,0.2305561006069183,20251106132824
20251106132900_TOP,conn2,20251106132900_TOP.png,OK,0.4647373557090759,0.2729931771755218,0.4426049888134002,0.2508618831634521,20251106132900
20251106132935_TOP,conn2,20251106132935_TOP.png,OK,0.470957487821579,0.2657681107521057,0.4594476521015167,0.2565230131149292,20251106132935
20251106133012_TOP,conn2,20251106133012_TOP.png,OK,0.4675200581550598,0.2744472920894623,0.4478567242622375,0.2600672841072082,20251106133012
20251106133048_TOP,conn2,20251106133048_TOP.png,OK,0.4775877892971039,0.2745506465435028,0.4603351056575775,0.2623007595539093,20251106133048
20251106133124_TOP,conn2,20251106133124_TOP.png,OK,0.481448084115982,0.2747604250907898,0.4530832767486572,0.250720202922821,20251106133124
20251106133202_TOP,conn2,20251106133202_TOP.png,OK,0.4616442024707794,0.2625103890895843,0.4317026436328888,0.2472496479749679,20251106133202
20251106133238_TOP,conn2,20251106133238_TOP.png,OK,0.4658684134483337,0.2686050236225128,0.423775315284729,0.2186210453510284,20251106133238
20251106135917_TOP,conn2,20251106135917_TOP.png,OK,0.4706731736660003,0.273681640625,0.4228763878345489,0.2263765782117843,20251106135917
20251106135955_TOP,conn2,20251106135955_TOP.png,OK,0.4738390147686004,0.2706102728843689,0.4288899004459381,0.2231238931417465,20251106135955
20251106140029_TOP,conn2,20251106140029_TOP.png,OK,0.4558991193771362,0.276146650314331,0.4238781034946441,0.2174066752195358,20251106140029
20251106140108_TOP,conn2,20251106140108_TOP.png,OK,0.463067889213562,0.2750358879566192,0.495158702135086,0.2583027184009552,20251106140108
20251106140143_TOP,conn2,20251106140143_TOP.png,OK,0.4590562880039215,0.2760403156280517,0.415484070777893,0.2313272953033447,20251106140143
20251106140220_TOP,conn2,20251106140220_TOP.png,OK,0.4670440554618835,0.2726773023605346,0.4258913397789001,0.2142274379730224,20251106140220
20251106140254_TOP,conn2,20251106140254_TOP.png,OK,0.4729259610176086,0.272903174161911,0.4690925180912018,0.2551084458827972,20251106140254
20251106140333_TOP,conn2,20251106140333_TOP.png,OK,0.4708664417266845,0.2755658328533172,0.4454985857009887,0.2474920004606247,20251106140333
20251106140408_TOP,conn2,20251106140408_TOP.png,OK,0.4596468508243561,0.2631604373455047,0.4404687881469726,0.2394046634435653,20251106140408
20251106140444_TOP,conn2,20251106140444_TOP.png,OK,0.4635699689388275,0.2757909595966339,0.4737999141216278,0.2723857462406158,20251106140444
20251106140521_TOP,conn2,20251106140521_TOP.png,OK,0.4619897603988647,0.2659707069396972,0.4531920254230499,0.2384116500616073,20251106140521
20251106140557_TOP,conn2,20251106140557_TOP.png,OK,0.4628838300704956,0.2702245712280273,0.4651960730552673,0.2530970573425293,20251106140557
20251106140634_TOP,conn2,20251106140634_TOP.png,OK,0.4514806866645813,0.265866219997406,0.4200614392757416,0.2246888577938079,20251106140634
20251106140711_TOP,conn2,20251106140711_TOP.png,OK,0.4602672457695007,0.2693879008293152,0.4581366181373596,0.2654354274272918,20251106140711
20251106140748_TOP,conn2,20251106140748_TOP.png,OK,0.4702937006950378,0.2727086544036865,0.4973610639572143,0.2768157124519348,20251106140748
20251106140823_TOP,conn2,20251106140823_TOP.png,OK,0.4771302044391632,0.269522100687027,0.4736578464508056,0.2553552985191345,20251106140823
20251106140859_TOP,conn2,20251106140859_TOP.png,OK,0.4630248844623565,0.2660509347915649,0.4495283961296081,0.2257915288209915,20251106140859
20251106140934_TOP,conn2,20251106140934_TOP.png,OK,0.4645015299320221,0.273164838552475,0.4657311141490936,0.2544136643409729,20251106140934
20251106141010_TOP,conn2,20251106141010_TOP.png,OK,0.4565285444259643,0.274207204580307,0.4547757506370544,0.2411841303110122,20251106141010
20251106141048_TOP,conn2,20251106141048_TOP.png,OK,0.4724147915840149,0.2719604969024658,0.4447882175445556,0.2417411208152771,20251106141048
20251106141123_TOP,conn2,20251106141123_TOP.png,OK,0.4740381836891174,0.2690507173538208,0.4772367775440216,0.2454721927642822,20251106141123
20251106141200_TOP,conn2,20251106141200_TOP.png,OK,0.4792337715625763,0.2803637087345123,0.4793035984039306,0.2557456195354461,20251106141200
20251106141239_TOP,conn2,20251106141239_TOP.png,OK,0.463996559381485,0.2661715447902679,0.4467397034168243,0.2249623239040374,20251106141239
20251106141313_TOP,conn2,20251106141313_TOP.png,OK,0.4657900333404541,0.2724094986915588,0.4732266664505005,0.2511503994464874,20251106141313
20251106141351_TOP,conn2,20251106141351_TOP.png,OK,0.4611861109733581,0.2622812986373901,0.4589038789272308,0.2270774841308593,20251106141351
20251106141426_TOP,conn2,20251106141426_TOP.png,OK,0.4489392638206482,0.2602036297321319,0.4416410028934479,0.2292505204677581,20251106141426
20251106141502_TOP,conn2,20251106141502_TOP.png,OK,0.4716179072856903,0.2709077894687652,0.4712145328521728,0.2484080791473388,20251106141502
20251106141538_TOP,conn2,20251106141538_TOP.png,OK,0.4658557474613189,0.267772227525711,0.4421454071998596,0.2327424138784408,20251106141538
20251106141615_TOP,conn2,20251106141615_TOP.png,OK,0.4700403213500976,0.2691829204559326,0.4923333823680877,0.2576517164707184,20251106141615
20251106141652_TOP,conn2,20251106141652_TOP.png,OK,0.4492344856262207,0.2550696134567261,0.4457078874111175,0.2174316048622131,20251106141652
20251106141729_TOP,conn2,20251106141729_TOP.png,OK,0.471375823020935,0.2639757394790649,0.4645922183990478,0.2471073567867279,20251106141729
20251106141804_TOP,conn2,20251106141804_TOP.png,OK,0.4596612751483917,0.2754991054534912,0.5015788078308105,0.2635301351547241,20251106141804
20251106141840_TOP,conn2,20251106141840_TOP.png,OK,0.470591127872467,0.2745156288146972,0.4576584100723266,0.2549484372138977,20251106141840
20251106141916_TOP,conn2,20251106141916_TOP.png,OK,0.4639628827571869,0.2666574716567993,0.4556041955947876,0.2270118594169616,20251106141916
20251106141954_TOP,conn2,20251106141954_TOP.png,OK,0.4568675458431244,0.2635179758071899,0.4690198600292206,0.2371144890785217,20251106141954
20251106142030_TOP,conn2,20251106142030_TOP.png,OK,0.45970019698143,0.2642478942871094,0.4558490514755249,0.2489407509565353,20251106142030
20251106142106_TOP,conn2,20251106142106_TOP.png,OK,0.4651512205600738,0.2678505480289459,0.442884236574173,0.2302554845809936,20251106142106
20251106142143_TOP,conn2,20251106142143_TOP.png,OK,0.4706253409385681,0.2677302360534668,0.484464555978775,0.257825493812561,20251106142143
20251106142218_TOP,conn2,20251106142218_TOP.png,OK,0.4563490748405456,0.2601126730442047,0.4572354555130005,0.2264179587364196,20251106142218
20251106142255_TOP,conn2,20251106142255_TOP.png,OK,0.4587754309177398,0.2649707794189453,0.4375959038734436,0.2145658880472183,20251106142255
20251106142332_TOP,conn2,20251106142332_TOP.png,OK,0.4513891935348511,0.2637073993682861,0.467090755701065,0.25607430934906,20251106142332
20251106142408_TOP,conn2,20251106142408_TOP.png,OK,0.4692101776599884,0.2706700563430786,0.4382921755313873,0.2320532649755478,20251106142408
20251106142445_TOP,conn2,20251106142445_TOP.png,OK,0.4748960733413696,0.2614759504795074,0.4560386538505554,0.2194115221500396,20251106142445
20251106142521_TOP,conn2,20251106142521_TOP.png,OK,0.4615402519702911,0.2683331966400146,0.4772815704345703,0.2325339764356613,20251106142521
20251106142557_TOP,conn2,20251106142557_TOP.png,OK,0.4727741181850433,0.2660228908061981,0.4688881337642669,0.2426950186491012,20251106142557
20251106142633_TOP,conn2,20251106142633_TOP.png,OK,0.4749799966812134,0.2682077586650848,0.4799456894397735,0.2594772279262543,20251106142633
20251106142709_TOP,conn2,20251106142709_TOP.png,OK,0.4677928686141968,0.2621094584465027,0.4403491020202636,0.2299077212810516,20251106142709
20251106142745_TOP,conn2,20251106142745_TOP.png,OK,0.4661629199981689,0.2681635618209839,0.4503240883350372,0.2180013358592987,20251106142745
20251106164243_TOP,conn2,20251106164243_TOP.png,OK,0.4743076264858246,0.2723515927791595,0.484929621219635,0.2605457901954651,20251106164243
20251106164318_TOP,conn2,20251106164318_TOP.png,OK,0.4789595901966095,0.2710390985012054,0.4574398398399353,0.2294438779354095,20251106164318
20251106164354_TOP,conn2,20251106164354_TOP.png,OK,0.4680391550064087,0.2683540284633636,0.4614652395248413,0.2393497675657272,20251106164354
20251106164433_TOP,conn2,20251106164433_TOP.png,OK,0.4656350910663605,0.2690091431140899,0.4582584798336029,0.2240721583366394,20251106164433
20251106164507_TOP,conn2,20251106164507_TOP.png,OK,0.4647563397884369,0.2712693214416504,0.4359291493892669,0.2391919046640396,20251106164507
20251106164545_TOP,conn2,20251106164545_TOP.png,OK,0.4789822399616241,0.2624983489513397,0.4723386168479919,0.2396276593208313,20251106164545
20251106164620_TOP,conn2,20251106164620_TOP.png,KO,0.4868008196353912,0.2726825177669525,0.4722342491149902,0.2410680949687957,20251106164620
20251106164656_TOP,conn2,20251106164656_TOP.png,OK,0.4758125841617584,0.2731092274188995,0.455894410610199,0.2444679886102676,20251106164656
20251106164732_TOP,conn2,20251106164732_TOP.png,OK,0.4703542590141296,0.2647401392459869,0.4630549550056457,0.2515867352485657,20251106164732
20251106164808_TOP,conn2,20251106164808_TOP.png,OK,0.4782969057559967,0.2720049321651459,0.4615384638309479,0.2412788867950439,20251106164808
20251106164844_TOP,conn2,20251106164844_TOP.png,OK,0.4609809517860412,0.2616696357727051,0.4505328238010406,0.2272854745388031,20251106164844
20251106164921_TOP,conn2,20251106164921_TOP.png,OK,0.4840197265148163,0.2714381814002991,0.488737016916275,0.2618638277053833,20251106164921
20251106164957_TOP,conn2,20251106164957_TOP.png,OK,0.4726712107658386,0.2726782560348511,0.488442450761795,0.265453428030014,20251106164957
20251106165034_TOP,conn2,20251106165034_TOP.png,OK,0.481676697731018,0.2696790099143982,0.4631527960300445,0.2420391887426376,20251106165034
20251106165110_TOP,conn2,20251106165110_TOP.png,OK,0.4752174913883209,0.2669562101364136,0.4681815505027771,0.255220890045166,20251106165110
20251106165146_TOP,conn2,20251106165146_TOP.png,OK,0.4787328541278839,0.2682130336761474,0.4785292446613312,0.2349022030830383,20251106165146
20251106165224_TOP,conn2,20251106165224_TOP.png,OK,0.4787501692771911,0.2686026990413666,0.4523198306560516,0.2479360550642013,20251106165224
20251106165259_TOP,conn2,20251106165259_TOP.png,OK,0.4852122962474823,0.2681683301925659,0.4505442976951599,0.2226244807243347,20251106165259
20251106165335_TOP,conn2,20251106165335_TOP.png,OK,0.4735741913318634,0.2657178342342376,0.4565386772155761,0.2331060767173767,20251106165335
20251106165411_TOP,conn2,20251106165411_TOP.png,OK,0.4727924168109894,0.2612969279289245,0.4539336264133453,0.2236469089984893,20251106165411
20251106165448_TOP,conn2,20251106165448_TOP.png,OK,0.4709314703941345,0.2689598202705383,0.4663092792034149,0.2515787482261657,20251106165448
20251106165523_TOP,conn2,20251106165523_TOP.png,OK,0.47095388174057,0.2649621367454529,0.465944766998291,0.2458636164665222,20251106165523
20251106165601_TOP,conn2,20251106165601_TOP.png,OK,0.4800238311290741,0.2682131230831146,0.4888228178024292,0.2517823278903961,20251106165601
20251106165638_TOP,conn2,20251106165638_TOP.png,OK,0.4773165881633758,0.2667079567909241,0.4645861983299255,0.2500665485858917,20251106165638
20251106165714_TOP,conn2,20251106165714_TOP.png,OK,0.4735831618309021,0.2670473754405975,0.4721309542655945,0.243850365281105,20251106165714
20251106165750_TOP,conn2,20251106165750_TOP.png,OK,0.4812455773353576,0.2654649317264557,0.4731381237506866,0.2433012723922729,20251106165750
20251106165826_TOP,conn2,20251106165826_TOP.png,OK,0.4722617268562317,0.2688975036144256,0.4465768337249756,0.2382573187351226,20251106165826
20251106165901_TOP,conn2,20251106165901_TOP.png,OK,0.4830407798290252,0.2699286639690399,0.4591290354728699,0.2338198125362396,20251106165901
20251106165939_TOP,conn2,20251106165939_TOP.png,OK,0.4770703911781311,0.269439160823822,0.4885287582874298,0.2637797594070434,20251106165939
20251106110559_TOP,conn3,20251106110559_TOP.png,OK,0.6003161072731018,0.2552564740180969,0.7165754437446594,0.1710983365774154,20251106110559
20251106110633_TOP,conn3,20251106110633_TOP.png,OK,0.5926199555397034,0.2433449029922485,0.7027186155319214,0.1583650410175323,20251106110633
20251106110712_TOP,conn3,20251106110712_TOP.png,OK,0.5990777015686035,0.2537700533866882,0.7115033268928528,0.1741956323385238,20251106110712
20251106110746_TOP,conn3,20251106110746_TOP.png,OK,0.6064486503601074,0.2456001341342926,0.7213442325592041,0.1340352594852447,20251106110746
20251106110824_TOP,conn3,20251106110824_TOP.png,OK,0.6000972986221313,0.2465056478977203,0.7258934378623962,0.1426189839839935,20251106110824
20251106110900_TOP,conn3,20251106110900_TOP.png,OK,0.6041582822799683,0.2484829127788543,0.7303252816200256,0.1331331878900528,20251106110900
20251106110939_TOP,conn3,20251106110939_TOP.png,OK,0.6103219389915466,0.2419056445360183,0.7421737909317017,0.1235140413045883,20251106110939
20251106111015_TOP,conn3,20251106111015_TOP.png,OK,0.5827797055244446,0.2347301691770553,0.7244723439216614,0.1294770836830139,20251106111015
20251106111050_TOP,conn3,20251106111050_TOP.png,OK,0.5899246335029602,0.2431143224239349,0.7310618162155151,0.1290879398584365,20251106111050
20251106111126_TOP,conn3,20251106111126_TOP.png,OK,0.6017252802848816,0.2336547821760177,0.7339205145835876,0.121527761220932,20251106111126
20251106111204_TOP,conn3,20251106111204_TOP.png,OK,0.5935819745063782,0.2503746449947357,0.6804840564727783,0.1453220546245575,20251106111204
20251106111239_TOP,conn3,20251106111239_TOP.png,OK,0.5994331240653992,0.2562319040298462,0.6986681818962097,0.1798291355371475,20251106111239
20251106111316_TOP,conn3,20251106111316_TOP.png,OK,0.6041064262390137,0.2466711997985839,0.729835033416748,0.1540774405002594,20251106111316
20251106111352_TOP,conn3,20251106111352_TOP.png,OK,0.6100537180900574,0.244914174079895,0.7050163149833679,0.1452276110649109,20251106111352
20251106111429_TOP,conn3,20251106111429_TOP.png,OK,0.5948666334152222,0.2344192564487457,0.7247474193572998,0.129212886095047,20251106111429
20251106111505_TOP,conn3,20251106111505_TOP.png,OK,0.5976019501686096,0.2485893964767456,0.7210733890533447,0.143980860710144,20251106111505
20251106111542_TOP,conn3,20251106111542_TOP.png,OK,0.6068527102470398,0.2479897141456604,0.7209576964378357,0.1557420343160629,20251106111542
20251106111617_TOP,conn3,20251106111617_TOP.png,OK,0.613554060459137,0.2398262470960617,0.7467761635780334,0.1387404799461364,20251106111617
20251106111653_TOP,conn3,20251106111653_TOP.png,OK,0.5982637405395508,0.2550647258758545,0.7025423049926758,0.1801216602325439,20251106111653
20251106111729_TOP,conn3,20251106111729_TOP.png,OK,0.6024703979492188,0.2371731698513031,0.7340167164802551,0.1273133158683776,20251106111729
20251106111808_TOP,conn3,20251106111808_TOP.png,OK,0.6018268465995789,0.2432326972484588,0.7277892827987671,0.1366309076547622,20251106111808
20251106111842_TOP,conn3,20251106111842_TOP.png,OK,0.6038760542869568,0.2508269846439361,0.705812394618988,0.1415468603372573,20251106111842
20251106111918_TOP,conn3,20251106111918_TOP.png,OK,0.5933437347412109,0.2482721954584121,0.7185092568397522,0.1555669754743576,20251106111918
20251106111955_TOP,conn3,20251106111955_TOP.png,OK,0.6073735356330872,0.2571976780891418,0.7193683981895447,0.1773083806037902,20251106111955
20251106112032_TOP,conn3,20251106112032_TOP.png,OK,0.602726936340332,0.2556202411651611,0.7293335795402527,0.1391410231590271,20251106112032
20251106112109_TOP,conn3,20251106112109_TOP.png,OK,0.5875260829925537,0.2398557513952255,0.7138830423355103,0.134296640753746,20251106112109
20251106112144_TOP,conn3,20251106112144_TOP.png,OK,0.5919235944747925,0.2335067689418792,0.7166516780853271,0.1328331381082534,20251106112144
20251106112220_TOP,conn3,20251106112220_TOP.png,OK,0.6032093167304993,0.2552816569805145,0.7238389849662781,0.165855124592781,20251106112220
20251106112255_TOP,conn3,20251106112255_TOP.png,OK,0.591241180896759,0.2462369948625564,0.707036554813385,0.1606121808290481,20251106112255
20251106112334_TOP,conn3,20251106112334_TOP.png,OK,0.6297363638877869,0.2459961026906967,0.7311294078826904,0.1375912427902221,20251106112334
20251106112409_TOP,conn3,20251106112409_TOP.png,OK,0.602324903011322,0.2606564164161682,0.7357079386711121,0.153188869357109,20251106112409
20251106112445_TOP,conn3,20251106112445_TOP.png,OK,0.5967485904693604,0.2341950684785843,0.7270476818084717,0.1224781721830368,20251106112445
20251106112523_TOP,conn3,20251106112523_TOP.png,OK,0.6041397452354431,0.2434811741113662,0.7243616580963135,0.1518924832344055,20251106112523
20251106112559_TOP,conn3,20251106112559_TOP.png,OK,0.6034582257270813,0.2449564933776855,0.6981061100959778,0.1520393937826156,20251106112559
20251106112633_TOP,conn3,20251106112633_TOP.png,OK,0.599534273147583,0.2420297265052795,0.7302609086036682,0.1350456327199936,20251106112633
20251106112712_TOP,conn3,20251106112712_TOP.png,OK,0.6067193150520325,0.2425056844949722,0.7253995537757874,0.1471195966005325,20251106112712
20251106112748_TOP,conn3,20251106112748_TOP.png,OK,0.5881607532501221,0.2446473091840744,0.7043861746788025,0.141788512468338,20251106112748
20251106112823_TOP,conn3,20251106112823_TOP.png,OK,0.6006975173950195,0.2444398999214172,0.7254332900047302,0.1375005841255188,20251106112823
20251106112900_TOP,conn3,20251106112900_TOP.png,OK,0.6047797203063965,0.2476962655782699,0.7059155106544495,0.1614700257778167,20251106112900
20251106112937_TOP,conn3,20251106112937_TOP.png,OK,0.602151095867157,0.2484955042600631,0.6984418630599976,0.1627555042505264,20251106112937
20251106113014_TOP,conn3,20251106113014_TOP.png,OK,0.5960035920143127,0.2436396479606628,0.7293180227279663,0.1389916241168975,20251106113014
20251106113049_TOP,conn3,20251106113049_TOP.png,OK,0.605103611946106,0.2466457784175872,0.7154962420463562,0.1556612253189087,20251106113049
20251106113126_TOP,conn3,20251106113126_TOP.png,OK,0.6036996245384216,0.246743306517601,0.7512742877006531,0.1195908784866333,20251106113126
20251106113202_TOP,conn3,20251106113202_TOP.png,OK,0.6051036715507507,0.249800443649292,0.7268531918525696,0.1519719809293747,20251106113202
20251106113240_TOP,conn3,20251106113240_TOP.png,OK,0.6006739735603333,0.2513021826744079,0.7258896827697754,0.152975395321846,20251106113240
20251106113316_TOP,conn3,20251106113316_TOP.png,OK,0.6044127345085144,0.244424507021904,0.7397896647453308,0.1273725628852844,20251106113316
20251106113351_TOP,conn3,20251106113351_TOP.png,OK,0.5826277732849121,0.2343467772006988,0.7151691913604736,0.128657728433609,20251106113351
20251106113428_TOP,conn3,20251106113428_TOP.png,OK,0.5933901071548462,0.2430363446474075,0.7272628545761108,0.1352550536394119,20251106113428
20251106130408_TOP,conn3,20251106130408_TOP.png,OK,0.601932942867279,0.244299903512001,0.6835659742355347,0.1668741554021835,20251106130408
20251106130444_TOP,conn3,20251106130444_TOP.png,OK,0.6037535667419434,0.250707745552063,0.7563663125038147,0.1244255825877189,20251106130444
20251106130521_TOP,conn3,20251106130521_TOP.png,OK,0.5881776809692383,0.248314619064331,0.6924512982368469,0.1544524580240249,20251106130521
20251106130557_TOP,conn3,20251106130557_TOP.png,OK,0.6063416600227356,0.2487614154815673,0.7330838441848755,0.1467177271842956,20251106130557
20251106130633_TOP,conn3,20251106130633_TOP.png,OK,0.5922191739082336,0.2445840835571289,0.72744220495224,0.1402719467878341,20251106130633
20251106130711_TOP,conn3,20251106130711_TOP.png,OK,0.6026889681816101,0.2539816200733185,0.7512041926383972,0.1218724623322486,20251106130711
20251106130747_TOP,conn3,20251106130747_TOP.png,OK,0.5911976099014282,0.2487796247005462,0.7104660868644714,0.1456146836280822,20251106130747
20251106130824_TOP,conn3,20251106130824_TOP.png,OK,0.5828402042388916,0.2512447535991668,0.6959152817726135,0.160005509853363,20251106130824
20251106130903_TOP,conn3,20251106130903_TOP.png,OK,0.6016930937767029,0.2466580271720886,0.7302971482276917,0.1372484415769577,20251106130903
20251106130936_TOP,conn3,20251106130936_TOP.png,OK,0.6347098350524902,0.2491128295660019,0.7423288226127625,0.1286912113428115,20251106130936
20251106131013_TOP,conn3,20251106131013_TOP.png,OK,0.6085444688796997,0.2571171224117279,0.7323097586631775,0.1459040343761444,20251106131013
20251106131049_TOP,conn3,20251106131049_TOP.png,OK,0.6132228970527649,0.242566630244255,0.7132934331893921,0.1454678177833557,20251106131049
20251106131124_TOP,conn3,20251106131124_TOP.png,OK,0.5937198996543884,0.2437959611415863,0.7263580560684204,0.136636346578598,20251106131124
20251106131202_TOP,conn3,20251106131202_TOP.png,OK,0.5956709980964661,0.2372735142707824,0.7254964709281921,0.1263001561164856,20251106131202
20251106131240_TOP,conn3,20251106131240_TOP.png,OK,0.5922309160232544,0.2380609065294265,0.7258728742599487,0.1246580109000206,20251106131240
20251106131314_TOP,conn3,20251106131314_TOP.png,OK,0.6079665422439575,0.2384693920612335,0.7247649431228638,0.1372244507074356,20251106131314
20251106131351_TOP,conn3,20251106131351_TOP.png,OK,0.599626898765564,0.2465855628252029,0.7419542670249939,0.1278380751609802,20251106131351
20251106131428_TOP,conn3,20251106131428_TOP.png,OK,0.5999225378036499,0.2416860163211822,0.7394013404846191,0.1237535625696182,20251106131428
20251106131503_TOP,conn3,20251106131503_TOP.png,OK,0.6183585524559021,0.2463973760604858,0.7271477580070496,0.1505187749862671,20251106131503
20251106131541_TOP,conn3,20251106131541_TOP.png,OK,0.6125363707542419,0.248930275440216,0.7244935035705566,0.1489344239234924,20251106131541
20251106131615_TOP,conn3,20251106131615_TOP.png,OK,0.5644305348396301,0.2348008155822754,0.696077823638916,0.1338849514722824,20251106131615
20251106131652_TOP,conn3,20251106131652_TOP.png,OK,0.607765257358551,0.2507230639457702,0.723179280757904,0.1536652445793151,20251106131652
20251106131729_TOP,conn3,20251106131729_TOP.png,OK,0.5969884991645813,0.2481450736522674,0.7292791604995728,0.1308826804161071,20251106131729
20251106131805_TOP,conn3,20251106131805_TOP.png,OK,0.5947315096855164,0.2407073080539703,0.7140762805938721,0.1515885442495346,20251106131805
20251106131841_TOP,conn3,20251106131841_TOP.png,OK,0.600906491279602,0.2492246478796005,0.7349383234977722,0.1361356973648071,20251106131841
20251106131917_TOP,conn3,20251106131917_TOP.png,OK,0.5951853394508362,0.234716922044754,0.7245791554450989,0.1299115866422653,20251106131917
20251106131952_TOP,conn3,20251106131952_TOP.png,OK,0.5981855988502502,0.2414348721504211,0.7131522297859192,0.136939451098442,20251106131952
20251106132030_TOP,conn3,20251106132030_TOP.png,OK,0.6039050221443176,0.2431247979402542,0.735791802406311,0.1377097517251968,20251106132030
20251106132107_TOP,conn3,20251106132107_TOP.png,OK,0.6013259887695312,0.246006429195404,0.7424651384353638,0.1273399740457534,20251106132107
20251106132144_TOP,conn3,20251106132144_TOP.png,OK,0.6036447882652283,0.2553856372833252,0.7297406792640686,0.1680562049150467,20251106132144
20251106132219_TOP,conn3,20251106132219_TOP.png,OK,0.6042535305023193,0.2402404546737671,0.7423726320266724,0.1259216219186782,20251106132219
20251106132256_TOP,conn3,20251106132256_TOP.png,OK,0.6077671647071838,0.2502769529819488,0.7271233201026917,0.1315341144800186,20251106132256
20251106132332_TOP,conn3,20251106132332_TOP.png,OK,0.5879663228988647,0.2385442405939102,0.6806284785270691,0.1489426642656326,20251106132332
20251106132408_TOP,conn3,20251106132408_TOP.png,OK,0.5939424633979797,0.2381644397974014,0.7185074090957642,0.1372052729129791,20251106132408
20251106132445_TOP,conn3,20251106132445_TOP.png,OK,0.580284833908081,0.2407525479793548,0.6815295219421387,0.1504404544830322,20251106132445
20251106132520_TOP,conn3,20251106132520_TOP.png,OK,0.5985913872718811,0.2429848313331604,0.7171506285667419,0.1420759260654449,20251106132520
20251106132557_TOP,conn3,20251106132557_TOP.png,OK,0.5992336869239807,0.2406491488218307,0.7386555075645447,0.1198445335030555,20251106132557
20251106132635_TOP,conn3,20251106132635_TOP.png,OK,0.6002222299575806,0.235587403178215,0.6987175941467285,0.1378991603851318,20251106132635
20251106132710_TOP,conn3,20251106132710_TOP.png,OK,0.5871306657791138,0.2464217245578766,0.7023215889930725,0.1438646465539932,20251106132710
20251106132747_TOP,conn3,20251106132747_TOP.png,OK,0.5921802520751953,0.2425349950790405,0.7260178327560425,0.1372774988412857,20251106132747
20251106132824_TOP,conn3,20251106132824_TOP.png,OK,0.5966399312019348,0.2316722124814987,0.7260159850120544,0.1244042813777923,20251106132824
20251106132900_TOP,conn3,20251106132900_TOP.png,OK,0.5889377593994141,0.2390969842672348,0.7051533460617065,0.1414805799722671,20251106132900
20251106132935_TOP,conn3,20251106132935_TOP.png,OK,0.5964025259017944,0.2395224720239639,0.7224046587944031,0.1371386349201202,20251106132935
20251106133012_TOP,conn3,20251106133012_TOP.png,OK,0.5999024510383606,0.2428322881460189,0.7356961369514465,0.1386125236749649,20251106133012
20251106133048_TOP,conn3,20251106133048_TOP.png,OK,0.5984969735145569,0.2452725172042846,0.7246311902999878,0.1370232701301574,20251106133048
20251106133124_TOP,conn3,20251106133124_TOP.png,OK,0.5993152260780334,0.2526942789554596,0.7266944646835327,0.1456024944782257,20251106133124
20251106133202_TOP,conn3,20251106133202_TOP.png,OK,0.5934849977493286,0.2437392473220825,0.7252507209777832,0.1463596075773239,20251106133202
20251106133238_TOP,conn3,20251106133238_TOP.png,OK,0.6114779114723206,0.2532114684581756,0.7316213846206665,0.1630228757858276,20251106133238
20251106135917_TOP,conn3,20251106135917_TOP.png,OK,0.5925285220146179,0.2590981423854828,0.7256377935409546,0.1653541177511215,20251106135917
20251106135955_TOP,conn3,20251106135955_TOP.png,OK,0.5904933214187622,0.245270550251007,0.7096689343452454,0.1397267132997512,20251106135955
20251106140029_TOP,conn3,20251106140029_TOP.png,OK,0.594346284866333,0.2596556842327118,0.7250137329101562,0.1685208231210708,20251106140029
20251106140108_TOP,conn3,20251106140108_TOP.png,OK,0.5856419205665588,0.2476515024900436,0.6928346753120422,0.1551865339279174,20251106140108
20251106140143_TOP,conn3,20251106140143_TOP.png,OK,0.5825204849243164,0.2460276335477829,0.7013030648231506,0.1479821056127548,20251106140143
20251106140220_TOP,conn3,20251106140220_TOP.png,OK,0.6104682683944702,0.2588669061660766,0.7170374393463135,0.169925570487976,20251106140220
20251106140254_TOP,conn3,20251106140254_TOP.png,OK,0.5923249125480652,0.2469760328531265,0.7223739624023438,0.1425601541996002,20251106140254
20251106140333_TOP,conn3,20251106140333_TOP.png,OK,0.5992022752761841,0.2511218786239624,0.7194565534591675,0.1492872387170791,20251106140333
20251106140408_TOP,conn3,20251106140408_TOP.png,OK,0.5851877927780151,0.2396669685840606,0.7197461128234863,0.1409826129674911,20251106140408
20251106140444_TOP,conn3,20251106140444_TOP.png,OK,0.5981205105781555,0.245530754327774,0.7377070188522339,0.1330991685390472,20251106140444
20251106140521_TOP,conn3,20251106140521_TOP.png,OK,0.6088616251945496,0.238465815782547,0.7288671731948853,0.1362620890140533,20251106140521
20251106140557_TOP,conn3,20251106140557_TOP.png,OK,0.5814817547798157,0.2378191947937011,0.6909851431846619,0.1425874382257461,20251106140557
20251106140634_TOP,conn3,20251106140634_TOP.png,OK,0.5912978053092957,0.2518476247787475,0.695415735244751,0.1656631827354431,20251106140634
20251106140711_TOP,conn3,20251106140711_TOP.png,OK,0.602147102355957,0.2400354444980621,0.7425876259803772,0.1287035495042801,20251106140711
20251106140748_TOP,conn3,20251106140748_TOP.png,OK,0.5889529585838318,0.2339289635419845,0.7185574173927307,0.139910951256752,20251106140748
20251106140823_TOP,conn3,20251106140823_TOP.png,OK,0.5941614508628845,0.2438993752002716,0.7126075625419617,0.1451422125101089,20251106140823
20251106140859_TOP,conn3,20251106140859_TOP.png,OK,0.6020656824111938,0.2401735186576843,0.7052184343338013,0.1443839222192764,20251106140859
20251106140934_TOP,conn3,20251106140934_TOP.png,OK,0.5923213362693787,0.2482828199863433,0.7104436159133911,0.1502526700496673,20251106140934
20251106141010_TOP,conn3,20251106141010_TOP.png,OK,0.5911786556243896,0.2472414821386337,0.7121611833572388,0.1608711183071136,20251106141010
20251106141048_TOP,conn3,20251106141048_TOP.png,OK,0.6038194298744202,0.2399824559688568,0.7146327495574951,0.1526464223861694,20251106141048
20251106141123_TOP,conn3,20251106141123_TOP.png,OK,0.585278332233429,0.2353655248880386,0.6966198682785034,0.141578659415245,20251106141123
20251106141200_TOP,conn3,20251106141200_TOP.png,OK,0.5980756878852844,0.2481076866388321,0.6980473399162292,0.1648828685283661,20251106141200
20251106141239_TOP,conn3,20251106141239_TOP.png,OK,0.606837809085846,0.2519147992134094,0.7115120887756348,0.1582447737455368,20251106141239
20251106141313_TOP,conn3,20251106141313_TOP.png,OK,0.6069055795669556,0.2456838935613632,0.7253344655036926,0.147409051656723,20251106141313
20251106141351_TOP,conn3,20251106141351_TOP.png,OK,0.5882845520973206,0.2455810457468032,0.6837910413742065,0.1452807188034057,20251106141351
20251106141426_TOP,conn3,20251106141426_TOP.png,OK,0.5859487056732178,0.2397129982709884,0.704254150390625,0.1439665704965591,20251106141426
20251106141502_TOP,conn3,20251106141502_TOP.png,OK,0.6000082492828369,0.2481132894754409,0.7198824286460876,0.1461973637342453,20251106141502
20251106141538_TOP,conn3,20251106141538_TOP.png,OK,0.5901591777801514,0.2494166195392608,0.6922332048416138,0.1564349979162216,20251106141538
20251106141615_TOP,conn3,20251106141615_TOP.png,OK,0.5914787650108337,0.2391498237848281,0.721636176109314,0.1399468779563903,20251106141615
20251106141652_TOP,conn3,20251106141652_TOP.png,OK,0.5929886102676392,0.2490192502737045,0.7010892033576965,0.1549610197544098,20251106141652
20251106141729_TOP,conn3,20251106141729_TOP.png,OK,0.6094415187835693,0.2414260357618332,0.7266299724578857,0.1398574560880661,20251106141729
20251106141804_TOP,conn3,20251106141804_TOP.png,OK,0.6077845096588135,0.2534306049346924,0.7213285565376282,0.1560175120830536,20251106141804
20251106141840_TOP,conn3,20251106141840_TOP.png,OK,0.5927784442901611,0.2501010596752167,0.7063319087028503,0.1488965600728988,20251106141840
20251106141916_TOP,conn3,20251106141916_TOP.png,OK,0.5922132730484009,0.2500509321689605,0.6995048522949219,0.1652172356843948,20251106141916
20251106141954_TOP,conn3,20251106141954_TOP.png,OK,0.6078339219093323,0.2559099495410919,0.7118991017341614,0.1613652855157852,20251106141954
20251106142030_TOP,conn3,20251106142030_TOP.png,OK,0.5894777774810791,0.2466169148683548,0.7211459279060364,0.1325761824846267,20251106142030
20251106142106_TOP,conn3,20251106142106_TOP.png,OK,0.6016205549240112,0.2508409917354584,0.691802978515625,0.1629604548215866,20251106142106
20251106142143_TOP,conn3,20251106142143_TOP.png,OK,0.6006588935852051,0.2425799220800399,0.7002032399177551,0.149043008685112,20251106142143
20251106142218_TOP,conn3,20251106142218_TOP.png,OK,0.5940706729888916,0.2423760443925857,0.6867503523826599,0.1504437178373336,20251106142218
20251106142255_TOP,conn3,20251106142255_TOP.png,OK,0.6107634902000427,0.2567882537841797,0.7170299887657166,0.1752311438322067,20251106142255
20251106142332_TOP,conn3,20251106142332_TOP.png,OK,0.6078840494155884,0.2536381185054779,0.7361432909965515,0.1571447551250457,20251106142332
20251106142408_TOP,conn3,20251106142408_TOP.png,OK,0.5982916951179504,0.2560442984104156,0.7089910507202148,0.1608584821224212,20251106142408
20251106142445_TOP,conn3,20251106142445_TOP.png,OK,0.6051746606826782,0.250078946352005,0.7191308736801147,0.1615773737430572,20251106142445
20251106142521_TOP,conn3,20251106142521_TOP.png,OK,0.5832999348640442,0.2466367483139038,0.6922162175178528,0.1520866155624389,20251106142521
20251106142557_TOP,conn3,20251106142557_TOP.png,OK,0.5878172516822815,0.2405087649822235,0.6977071762084961,0.1536817848682403,20251106142557
20251106142633_TOP,conn3,20251106142633_TOP.png,OK,0.5898820161819458,0.2413409501314163,0.7185986638069153,0.1390640139579773,20251106142633
20251106142709_TOP,conn3,20251106142709_TOP.png,OK,0.5984342694282532,0.243111178278923,0.7225514650344849,0.1384879350662231,20251106142709
20251106142745_TOP,conn3,20251106142745_TOP.png,OK,0.6051784753799438,0.2576834857463836,0.7117903828620911,0.1712284535169601,20251106142745
20251106164243_TOP,conn3,20251106164243_TOP.png,OK,0.6024686694145203,0.2478818744421005,0.7323316335678101,0.1412897557020187,20251106164243
20251106164318_TOP,conn3,20251106164318_TOP.png,OK,0.6090476512908936,0.2496292889118194,0.7094569206237793,0.1488761305809021,20251106164318
20251106164354_TOP,conn3,20251106164354_TOP.png,OK,0.5981789827346802,0.2484422475099563,0.7158957719802856,0.1471869647502899,20251106164354
20251106164433_TOP,conn3,20251106164433_TOP.png,OK,0.6058884263038635,0.2606552243232727,0.7196153998374939,0.1786730289459228,20251106164433
20251106164507_TOP,conn3,20251106164507_TOP.png,OK,0.5985544323921204,0.2526593804359436,0.7153030633926392,0.151907593011856,20251106164507
20251106164545_TOP,conn3,20251106164545_TOP.png,OK,0.6051531434059143,0.243658035993576,0.7254776954650879,0.1454218924045562,20251106164545
20251106164620_TOP,conn3,20251106164620_TOP.png,OK,0.5771680474281311,0.2482284605503082,0.6920186877250671,0.1562524884939193,20251106164620
20251106164656_TOP,conn3,20251106164656_TOP.png,OK,0.5951627492904663,0.2512524724006653,0.7201136350631714,0.1409509181976318,20251106164656
20251106164732_TOP,conn3,20251106164732_TOP.png,OK,0.6129778623580933,0.2475760728120803,0.7375938296318054,0.1466754376888275,20251106164732
20251106164808_TOP,conn3,20251106164808_TOP.png,OK,0.5980981588363647,0.2500413656234741,0.7105567455291748,0.1469458639621734,20251106164808
20251106164844_TOP,conn3,20251106164844_TOP.png,OK,0.6087862849235535,0.248078316450119,0.7156624794006348,0.143249049782753,20251106164844
20251106164921_TOP,conn3,20251106164921_TOP.png,OK,0.5891630053520203,0.2465792149305343,0.7177846431732178,0.1452609598636627,20251106164921
20251106164957_TOP,conn3,20251106164957_TOP.png,OK,0.5982404351234436,0.2505131363868713,0.7253870368003845,0.1507150381803512,20251106164957
20251106165034_TOP,conn3,20251106165034_TOP.png,OK,0.591556191444397,0.244127094745636,0.7040934562683105,0.1575231999158859,20251106165034
20251106165110_TOP,conn3,20251106165110_TOP.png,OK,0.5951923727989197,0.2487304359674453,0.7273879051208496,0.1435828953981399,20251106165110
20251106165146_TOP,conn3,20251106165146_TOP.png,OK,0.6013192534446716,0.2548689842224121,0.7032493948936462,0.1684078872203827,20251106165146
20251106165224_TOP,conn3,20251106165224_TOP.png,OK,0.5938200354576111,0.247819036245346,0.7225583791732788,0.1349458396434784,20251106165224
20251106165259_TOP,conn3,20251106165259_TOP.png,OK,0.6193037629127502,0.2577290832996368,0.717278778553009,0.1660900861024856,20251106165259
20251106165335_TOP,conn3,20251106165335_TOP.png,OK,0.6122440695762634,0.2602829337120056,0.7133103013038635,0.1736307144165039,20251106165335
20251106165411_TOP,conn3,20251106165411_TOP.png,OK,0.603202223777771,0.2595742344856262,0.7188150882720947,0.177558034658432,20251106165411
20251106165448_TOP,conn3,20251106165448_TOP.png,OK,0.5962113738059998,0.250141978263855,0.7271971702575684,0.1485792100429535,20251106165448
20251106165523_TOP,conn3,20251106165523_TOP.png,OK,0.6001240015029907,0.2560488581657409,0.7269201278686523,0.1491897702217102,20251106165523
20251106165601_TOP,conn3,20251106165601_TOP.png,OK,0.5976377725601196,0.2493404448032379,0.7034526467323303,0.1515752226114273,20251106165601
20251106165638_TOP,conn3,20251106165638_TOP.png,OK,0.6214796900749207,0.2534456551074981,0.727491021156311,0.1660697013139724,20251106165638
20251106165714_TOP,conn3,20251106165714_TOP.png,OK,0.5998106002807617,0.2420874536037445,0.7205401062965393,0.1418366730213165,20251106165714
20251106165750_TOP,conn3,20251106165750_TOP.png,OK,0.6032935976982117,0.2466151863336563,0.7208364605903625,0.1425753384828567,20251106165750
20251106165826_TOP,conn3,20251106165826_TOP.png,OK,0.6063884496688843,0.251514583826065,0.7231267690658569,0.1640436053276062,20251106165826
20251106165901_TOP,conn3,20251106165901_TOP.png,OK,0.5930270552635193,0.2415013015270233,0.684852123260498,0.1458665132522583,20251106165901
20251106165939_TOP,conn3,20251106165939_TOP.png,OK,0.6167304515838623,0.2412487268447876,0.722614049911499,0.1495448499917984,20251106165939
20251106110559_TOP,conn4,20251106110559_TOP.png,PARTIAL OCCLUSION,0.4386222064495086,0.2041672617197036,0.4516238868236542,0.154377281665802,20251106110559
20251106110633_TOP,conn4,20251106110633_TOP.png,OK,0.444465160369873,0.2001097053289413,0.4445761144161224,0.1364678144454956,20251106110633
20251106110712_TOP,conn4,20251106110712_TOP.png,PARTIAL OCCLUSION,0.4332484304904938,0.1968075633049011,0.4493134319782257,0.1687106788158416,20251106110712
20251106110746_TOP,conn4,20251106110746_TOP.png,PARTIAL OCCLUSION,0.4227970242500305,0.2003464102745056,0.4306524097919464,0.1571279466152191,20251106110746
20251106110824_TOP,conn4,20251106110824_TOP.png,OK,0.4579187035560608,0.2161157876253128,0.4569937288761139,0.1422975957393646,20251106110824
20251106110900_TOP,conn4,20251106110900_TOP.png,PARTIAL OCCLUSION,0.4326359927654266,0.2055545002222061,0.4529869854450226,0.1512119174003601,20251106110900
20251106110939_TOP,conn4,20251106110939_TOP.png,PARTIAL OCCLUSION,0.4319546222686767,0.2065548598766327,0.4333741664886474,0.1676631867885589,20251106110939
20251106111015_TOP,conn4,20251106111015_TOP.png,PARTIAL OCCLUSION,0.4492114782333374,0.2280612289905548,0.4525925517082214,0.1952165812253952,20251106111015
20251106111050_TOP,conn4,20251106111050_TOP.png,OK,0.4378483891487121,0.2011948972940445,0.4284893870353699,0.1176345348358154,20251106111050
20251106111126_TOP,conn4,20251106111126_TOP.png,PARTIAL OCCLUSION,0.4307548105716705,0.2045501768589019,0.4307993054389953,0.1498131155967712,20251106111126
20251106111204_TOP,conn4,20251106111204_TOP.png,PARTIAL OCCLUSION,0.417462944984436,0.2029316574335098,0.3432264328002929,0.1617873460054397,20251106111204
20251106111239_TOP,conn4,20251106111239_TOP.png,PARTIAL OCCLUSION,0.4369986057281494,0.2153370380401611,0.4532500207424164,0.1502578407526016,20251106111239
20251106111316_TOP,conn4,20251106111316_TOP.png,OK,0.4508536458015442,0.2052045613527298,0.4303506016731262,0.1347143799066543,20251106111316
20251106111352_TOP,conn4,20251106111352_TOP.png,PARTIAL OCCLUSION,0.4213943779468536,0.1970889717340469,0.4194395244121551,0.1657179296016693,20251106111352
20251106111429_TOP,conn4,20251106111429_TOP.png,OK,0.4590791165828705,0.2141109108924865,0.437060683965683,0.1495645642280578,20251106111429
20251106111505_TOP,conn4,20251106111505_TOP.png,OK,0.4575148522853851,0.2135723978281021,0.4417512118816376,0.1338029205799102,20251106111505
20251106111542_TOP,conn4,20251106111542_TOP.png,PARTIAL OCCLUSION,0.4421490430831909,0.2281330376863479,0.4057314693927765,0.1686578541994094,20251106111542
20251106111617_TOP,conn4,20251106111617_TOP.png,OK,0.4505519866943359,0.2066111862659454,0.4375447630882263,0.1325220316648483,20251106111617
20251106111653_TOP,conn4,20251106111653_TOP.png,OCCLUSION,0.4083048701286316,0.196944311261177,0.4147330224514007,0.1735038459300995,20251106111653
20251106111729_TOP,conn4,20251106111729_TOP.png,OCCLUSION,0.4393798112869262,0.2276634722948074,0.4279400706291199,0.1849080324172973,20251106111729
20251106111808_TOP,conn4,20251106111808_TOP.png,PARTIAL OCCLUSION,0.4259165525436401,0.198027491569519,0.4235548377037048,0.1579040735960006,20251106111808
20251106111842_TOP,conn4,20251106111842_TOP.png,OCCLUSION,0.4408489167690277,0.2355926930904388,0.4418329000473022,0.2086541354656219,20251106111842
20251106111918_TOP,conn4,20251106111918_TOP.png,OK,0.4510925114154815,0.2145785689353943,0.4178707003593445,0.1434954404830932,20251106111918
20251106111955_TOP,conn4,20251106111955_TOP.png,PARTIAL OCCLUSION,0.4446625411510467,0.2135260552167892,0.4323003888130188,0.1538795083761215,20251106111955
20251106112032_TOP,conn4,20251106112032_TOP.png,PARTIAL OCCLUSION,0.4369198977947235,0.2123362421989441,0.4407775402069092,0.1742641925811767,20251106112032
20251106112109_TOP,conn4,20251106112109_TOP.png,PARTIAL OCCLUSION,0.436190128326416,0.2080656588077545,0.4228705465793609,0.1697254925966262,20251106112109
20251106112144_TOP,conn4,20251106112144_TOP.png,PARTIAL OCCLUSION,0.4150186777114868,0.2092690467834472,0.4044704437255859,0.1750106811523437,20251106112144
20251106112220_TOP,conn4,20251106112220_TOP.png,OCCLUSION,0.4403989911079407,0.1996595561504364,0.4084029495716095,0.1619032174348831,20251106112220
20251106112255_TOP,conn4,20251106112255_TOP.png,OCCLUSION,0.4796039462089538,0.2367319017648697,0.4709976315498352,0.2328201383352279,20251106112255
20251106112334_TOP,conn4,20251106112334_TOP.png,PARTIAL OCCLUSION,0.431701511144638,0.2014446705579757,0.4515710771083832,0.1653568148612976,20251106112334
20251106112409_TOP,conn4,20251106112409_TOP.png,OCCLUSION,0.4829788506031036,0.2117432057857513,0.4798443615436554,0.1734883338212967,20251106112409
20251106112445_TOP,conn4,20251106112445_TOP.png,PARTIAL OCCLUSION,0.4591329395771026,0.2275750041007995,0.4295113980770111,0.1802186071872711,20251106112445
20251106112523_TOP,conn4,20251106112523_TOP.png,PARTIAL OCCLUSION,0.4376450181007385,0.2067776620388031,0.4410181045532226,0.1688536256551742,20251106112523
20251106112559_TOP,conn4,20251106112559_TOP.png,OK,0.4566437602043152,0.2213045507669448,0.4441637396812439,0.1377739310264587,20251106112559
20251106112633_TOP,conn4,20251106112633_TOP.png,OK,0.4413945078849792,0.2034145295619964,0.428987443447113,0.1412972658872604,20251106112633
20251106112712_TOP,conn4,20251106112712_TOP.png,PARTIAL OCCLUSION,0.4294032156467438,0.2019316256046295,0.435110867023468,0.1503155380487442,20251106112712
20251106112748_TOP,conn4,20251106112748_TOP.png,OK,0.44707190990448,0.2029393911361694,0.4387440681457519,0.1317715793848037,20251106112748
20251106112823_TOP,conn4,20251106112823_TOP.png,PARTIAL OCCLUSION,0.4505926668643951,0.2105801552534103,0.4492048919200897,0.167708545923233,20251106112823
20251106112900_TOP,conn4,20251106112900_TOP.png,OCCLUSION,0.4835467934608459,0.2418689876794815,0.4746502637863159,0.232194110751152,20251106112900
20251106112937_TOP,conn4,20251106112937_TOP.png,PARTIAL OCCLUSION,0.4475243985652923,0.2135150581598281,0.4587498605251312,0.1690832674503326,20251106112937
20251106113014_TOP,conn4,20251106113014_TOP.png,PARTIAL OCCLUSION,0.4378911256790161,0.2050972431898117,0.4425844848155975,0.1246754005551338,20251106113014
20251106113049_TOP,conn4,20251106113049_TOP.png,OK,0.4425986409187317,0.1990684419870376,0.4419658780097961,0.1239718794822692,20251106113049
20251106113126_TOP,conn4,20251106113126_TOP.png,PARTIAL OCCLUSION,0.4401125311851501,0.2021429389715194,0.4529412090778351,0.1625020205974578,20251106113126
20251106113202_TOP,conn4,20251106113202_TOP.png,PARTIAL OCCLUSION,0.4357343912124634,0.2014244645833969,0.4277199208736419,0.1469026952981948,20251106113202
20251106113240_TOP,conn4,20251106113240_TOP.png,OCCLUSION,0.4074638485908508,0.212822139263153,0.4136731922626495,0.1701118946075439,20251106113240
20251106113316_TOP,conn4,20251106113316_TOP.png,OCCLUSION,0.4333712160587311,0.2325954437255859,0.438774436712265,0.2131517380475998,20251106113316
20251106113351_TOP,conn4,20251106113351_TOP.png,PARTIAL OCCLUSION,0.4447593092918396,0.2367746233940124,0.4614492356777191,0.2159395217895507,20251106113351
20251106113428_TOP,conn4,20251106113428_TOP.png,OCCLUSION,0.4032469093799591,0.2177227884531021,0.3869224488735199,0.1976955384016037,20251106113428
20251106130408_TOP,conn4,20251106130408_TOP.png,PARTIAL OCCLUSION,0.4536828994750976,0.1882613152265548,0.4808428883552551,0.1314501166343689,20251106130408
20251106130444_TOP,conn4,20251106130444_TOP.png,OK,0.4577732384204864,0.1993213593959808,0.469723641872406,0.1348077654838562,20251106130444
20251106130521_TOP,conn4,20251106130521_TOP.png,PARTIAL OCCLUSION,0.4542439579963684,0.2219675928354263,0.4636490643024444,0.1960257589817047,20251106130521
20251106130557_TOP,conn4,20251106130557_TOP.png,PARTIAL OCCLUSION,0.4514856934547424,0.2034452110528946,0.4461469352245331,0.1503025293350219,20251106130557
20251106130633_TOP,conn4,20251106130633_TOP.png,PARTIAL OCCLUSION,0.4644538462162018,0.2471476048231125,0.4597837626934051,0.2106252461671829,20251106130633
20251106130711_TOP,conn4,20251106130711_TOP.png,OK,0.4533440470695495,0.2002383172512054,0.4530856311321258,0.1351210623979568,20251106130711
20251106130747_TOP,conn4,20251106130747_TOP.png,PARTIAL OCCLUSION,0.4387536346912384,0.218790665268898,0.4353325068950653,0.1588645577430725,20251106130747
20251106130824_TOP,conn4,20251106130824_TOP.png,PARTIAL OCCLUSION,0.4295771718025207,0.2340985685586929,0.4412521719932556,0.2023457139730453,20251106130824
20251106130903_TOP,conn4,20251106130903_TOP.png,OK,0.4487296044826507,0.2094544619321823,0.4271920323371887,0.134419247508049,20251106130903
20251106130936_TOP,conn4,20251106130936_TOP.png,PARTIAL OCCLUSION,0.4328960180282593,0.2011471688747406,0.4274574518203735,0.152581587433815,20251106130936
20251106131013_TOP,conn4,20251106131013_TOP.png,PARTIAL OCCLUSION,0.4724434614181518,0.216541901230812,0.4875609874725342,0.1873256862163543,20251106131013
20251106131049_TOP,conn4,20251106131049_TOP.png,PARTIAL OCCLUSION,0.4319444596767425,0.1915960609912872,0.4202956557273865,0.1353300660848617,20251106131049
20251106131124_TOP,conn4,20251106131124_TOP.png,PARTIAL OCCLUSION,0.4150905311107635,0.2120234966278076,0.4169084727764129,0.1716175526380539,20251106131124
20251106131202_TOP,conn4,20251106131202_TOP.png,PARTIAL OCCLUSION,0.4154250621795654,0.1727389842271804,0.4663006067276001,0.1283420026302337,20251106131202
20251106131240_TOP,conn4,20251106131240_TOP.png,PARTIAL OCCLUSION,0.4416605532169342,0.2032285779714584,0.4402725398540497,0.1599627584218979,20251106131240
20251106131314_TOP,conn4,20251106131314_TOP.png,OK,0.4414957463741302,0.2019857168197631,0.4377768635749817,0.1323213577270507,20251106131314
20251106131351_TOP,conn4,20251106131351_TOP.png,OK,0.4521066546440124,0.2051833719015121,0.4346162974834442,0.1351486444473266,20251106131351
20251106131428_TOP,conn4,20251106131428_TOP.png,PARTIAL OCCLUSION,0.4329095482826233,0.218055859208107,0.4198982119560241,0.1852365732192993,20251106131428
20251106131503_TOP,conn4,20251106131503_TOP.png,OK,0.4325719773769378,0.2045016437768936,0.4276706278324127,0.1317508220672607,20251106131503
20251106131541_TOP,conn4,20251106131541_TOP.png,OK,0.4508629739284515,0.205702319741249,0.4556510150432586,0.1306852102279663,20251106131541
20251106131615_TOP,conn4,20251106131615_TOP.png,OK,0.4391718506813049,0.2012321352958679,0.4407466948032379,0.1323627680540084,20251106131615
20251106131652_TOP,conn4,20251106131652_TOP.png,OK,0.4539088010787964,0.2037697583436966,0.4474866688251495,0.128533273935318,20251106131652
20251106131729_TOP,conn4,20251106131729_TOP.png,PARTIAL OCCLUSION,0.4400473535060882,0.2024020701646804,0.4455682039260864,0.1593146920204162,20251106131729
20251106131805_TOP,conn4,20251106131805_TOP.png,OK,0.4483137428760528,0.1990312337875366,0.4538072943687439,0.1347083747386932,20251106131805
20251106131841_TOP,conn4,20251106131841_TOP.png,OK,0.4200575351715088,0.1998061090707779,0.412636786699295,0.1416453421115875,20251106131841
20251106131917_TOP,conn4,20251106131917_TOP.png,OK,0.4436663389205932,0.1999969184398651,0.4445437490940094,0.1295123547315597,20251106131917
20251106131952_TOP,conn4,20251106131952_TOP.png,PARTIAL OCCLUSION,0.4095616638660431,0.2009982764720916,0.4110311269760132,0.1670012325048446,20251106131952
20251106132030_TOP,conn4,20251106132030_TOP.png,OK,0.4444983005523681,0.2058886885643005,0.4278081059455871,0.1472278088331222,20251106132030
20251106132107_TOP,conn4,20251106132107_TOP.png,OK,0.4513143897056579,0.2089881300926208,0.4513663947582245,0.1364549249410629,20251106132107
20251106132144_TOP,conn4,20251106132144_TOP.png,PARTIAL OCCLUSION,0.4605673253536224,0.2121137976646423,0.4362598359584808,0.1725135147571563,20251106132144
20251106132219_TOP,conn4,20251106132219_TOP.png,OK,0.4470033645629883,0.2063415795564651,0.4253457486629486,0.1424159109592437,20251106132219
20251106132256_TOP,conn4,20251106132256_TOP.png,PARTIAL OCCLUSION,0.4335528910160064,0.2054015696048736,0.4288161098957062,0.1469638645648956,20251106132256
20251106132332_TOP,conn4,20251106132332_TOP.png,OCCLUSION,0.4618172347545624,0.2305113971233368,0.5115401148796082,0.2385639399290084,20251106132332
20251106132408_TOP,conn4,20251106132408_TOP.png,OK,0.4523872137069702,0.2019602060317993,0.4613720178604126,0.1346103698015213,20251106132408
20251106132445_TOP,conn4,20251106132445_TOP.png,PARTIAL OCCLUSION,0.453669935464859,0.2140935510396957,0.4711520373821258,0.1650365442037582,20251106132445
20251106132520_TOP,conn4,20251106132520_TOP.png,OK,0.4578689932823181,0.1980859041213989,0.4439819753170013,0.1516284942626953,20251106132520
20251106132557_TOP,conn4,20251106132557_TOP.png,OK,0.4377748072147369,0.2031961679458618,0.4321604669094085,0.1297280937433242,20251106132557
20251106132635_TOP,conn4,20251106132635_TOP.png,PARTIAL OCCLUSION,0.4717280864715576,0.2452118247747421,0.510047972202301,0.2101715058088302,20251106132635
20251106132710_TOP,conn4,20251106132710_TOP.png,PARTIAL OCCLUSION,0.4381733536720276,0.2089551985263824,0.4261485934257507,0.1574956327676773,20251106132710
20251106132747_TOP,conn4,20251106132747_TOP.png,PARTIAL OCCLUSION,0.3917808830738067,0.2018756568431854,0.3703930079936981,0.143319085240364,20251106132747
20251106132824_TOP,conn4,20251106132824_TOP.png,OK,0.4570253491401672,0.2117763608694076,0.4436597228050232,0.1545691043138504,20251106132824
20251106132900_TOP,conn4,20251106132900_TOP.png,PARTIAL OCCLUSION,0.4367381334304809,0.2137513607740402,0.4629065096378326,0.1475751996040344,20251106132900
20251106132935_TOP,conn4,20251106132935_TOP.png,PARTIAL OCCLUSION,0.4508806467056274,0.2333999872207641,0.5039111375808716,0.1689620614051818,20251106132935
20251106133012_TOP,conn4,20251106133012_TOP.png,PARTIAL OCCLUSION,0.4565133452415466,0.2046759277582168,0.4489100575447082,0.1591323465108871,20251106133012
20251106133048_TOP,conn4,20251106133048_TOP.png,PARTIAL OCCLUSION,0.4399298131465912,0.20194773375988,0.4452942609786987,0.143781304359436,20251106133048
20251106133124_TOP,conn4,20251106133124_TOP.png,OK,0.4575716257095337,0.2074510902166366,0.4746696949005127,0.1493439376354217,20251106133124
20251106133202_TOP,conn4,20251106133202_TOP.png,PARTIAL OCCLUSION,0.452975869178772,0.2166736721992492,0.4734624326229095,0.1679017692804336,20251106133202
20251106133238_TOP,conn4,20251106133238_TOP.png,OCCLUSION,0.4478148519992828,0.2118553966283798,0.4205870032310486,0.1792895644903183,20251106133238
20251106135917_TOP,conn4,20251106135917_TOP.png,OCCLUSION,0.4121404886245727,0.2331542521715164,0.4137459397315979,0.2118651717901229,20251106135917
20251106135955_TOP,conn4,20251106135955_TOP.png,OCCLUSION,0.4395854473114013,0.2384365946054458,0.4683196544647217,0.2147681713104248,20251106135955
20251106140029_TOP,conn4,20251106140029_TOP.png,PARTIAL OCCLUSION,0.4501246809959411,0.2286290824413299,0.4052274227142334,0.1880577653646469,20251106140029
20251106140108_TOP,conn4,20251106140108_TOP.png,OCCLUSION,0.4387498497962951,0.2216650247573852,0.4442015588283539,0.1898123770952224,20251106140108
20251106140143_TOP,conn4,20251106140143_TOP.png,OK,0.4371703267097473,0.2020898610353469,0.4199649691581726,0.1346546411514282,20251106140143
20251106140220_TOP,conn4,20251106140220_TOP.png,PARTIAL OCCLUSION,0.4281306266784668,0.1962831020355224,0.436228483915329,0.1583135724067688,20251106140220
20251106140254_TOP,conn4,20251106140254_TOP.png,PARTIAL OCCLUSION,0.436331957578659,0.2084060162305832,0.4483731687068939,0.1490168869495391,20251106140254
20251106140333_TOP,conn4,20251106140333_TOP.png,OCCLUSION,0.408469557762146,0.21342334151268,0.4046268165111542,0.1949660629034042,20251106140333
20251106140408_TOP,conn4,20251106140408_TOP.png,OK,0.4404829442501068,0.2046230286359787,0.4216438233852386,0.1307757645845413,20251106140408
20251106140444_TOP,conn4,20251106140444_TOP.png,OK,0.4350225925445556,0.1977825760841369,0.4332696199417114,0.1467512398958206,20251106140444
20251106140521_TOP,conn4,20251106140521_TOP.png,OK,0.4537398517131805,0.204733520746231,0.4440242946147918,0.141312226653099,20251106140521
20251106140557_TOP,conn4,20251106140557_TOP.png,PARTIAL OCCLUSION,0.4329828023910522,0.2085638791322708,0.4251634776592254,0.1678769886493683,20251106140557
20251106140634_TOP,conn4,20251106140634_TOP.png,OK,0.4399692416191101,0.1903021335601806,0.435894250869751,0.1208974495530128,20251106140634
20251106140711_TOP,conn4,20251106140711_TOP.png,OCCLUSION,0.4510311484336853,0.2464524954557418,0.4764033854007721,0.2172699719667434,20251106140711
20251106140748_TOP,conn4,20251106140748_TOP.png,PARTIAL OCCLUSION,0.460670530796051,0.2124821692705154,0.4504016935825348,0.1713014841079712,20251106140748
20251106140823_TOP,conn4,20251106140823_TOP.png,OK,0.4517099261283874,0.2083923071622848,0.4212663173675537,0.1299509108066558,20251106140823
20251106140859_TOP,conn4,20251106140859_TOP.png,OK,0.466077595949173,0.2100811153650283,0.4604043364524841,0.1277203559875488,20251106140859
20251106140934_TOP,conn4,20251106140934_TOP.png,OK,0.4584720432758331,0.2046384960412979,0.4617883563041687,0.1267038285732269,20251106140934
20251106141010_TOP,conn4,20251106141010_TOP.png,PARTIAL OCCLUSION,0.4678471982479095,0.21494922041893,0.4868193864822387,0.1767025589942932,20251106141010
20251106141048_TOP,conn4,20251106141048_TOP.png,OCCLUSION,0.4432691633701324,0.2075171172618866,0.4413144290447235,0.1979978680610656,20251106141048
20251106141123_TOP,conn4,20251106141123_TOP.png,OK,0.4527926743030548,0.2068189233541488,0.4370601773262024,0.1345459669828415,20251106141123
20251106141200_TOP,conn4,20251106141200_TOP.png,OK,0.4419718980789184,0.2052332907915115,0.3905058801174164,0.1346846520900726,20251106141200
20251106141239_TOP,conn4,20251106141239_TOP.png,OCCLUSION,0.4721130132675171,0.2415396869182586,0.4814111888408661,0.2245530784130096,20251106141239
20251106141313_TOP,conn4,20251106141313_TOP.png,OK,0.4721805155277252,0.2065711617469787,0.4774627089500427,0.1393721550703048,20251106141313
20251106141351_TOP,conn4,20251106141351_TOP.png,PARTIAL OCCLUSION,0.4377537071704864,0.2186344861984253,0.436654269695282,0.1778393238782882,20251106141351
20251106141426_TOP,conn4,20251106141426_TOP.png,OCCLUSION,0.4442404806613922,0.2245544195175171,0.4618058204650879,0.2066147774457931,20251106141426
20251106141502_TOP,conn4,20251106141502_TOP.png,OK,0.4514346420764923,0.2120556086301803,0.4563089311122894,0.1395063549280166,20251106141502
20251106141538_TOP,conn4,20251106141538_TOP.png,PARTIAL OCCLUSION,0.4693815112113952,0.2268248200416565,0.4842101335525512,0.1802862584590912,20251106141538
20251106141615_TOP,conn4,20251106141615_TOP.png,OK,0.4560566246509552,0.2029207795858383,0.4700832366943359,0.1270556002855301,20251106141615
20251106141652_TOP,conn4,20251106141652_TOP.png,OCCLUSION,0.4636676609516144,0.2383246123790741,0.4674466252326965,0.214443027973175,20251106141652
20251106141729_TOP,conn4,20251106141729_TOP.png,OK,0.4342184364795685,0.196837231516838,0.4195540845394134,0.1215026155114173,20251106141729
20251106141804_TOP,conn4,20251106141804_TOP.png,OK,0.4457159340381622,0.2057452797889709,0.4283220469951629,0.1239505633711814,20251106141804
20251106141840_TOP,conn4,20251106141840_TOP.png,PARTIAL OCCLUSION,0.4621035456657409,0.1965146213769912,0.4868074059486389,0.1423064172267913,20251106141840
20251106141916_TOP,conn4,20251106141916_TOP.png,OK,0.4485904276371002,0.2027128487825393,0.461887001991272,0.1295579075813293,20251106141916
20251106141954_TOP,conn4,20251106141954_TOP.png,OCCLUSION,0.482152372598648,0.2409921437501907,0.4787725508213043,0.2138611227273941,20251106141954
20251106142030_TOP,conn4,20251106142030_TOP.png,OK,0.4360966682434082,0.2075029015541076,0.4361288547515869,0.1472885012626648,20251106142030
20251106142106_TOP,conn4,20251106142106_TOP.png,OK,0.448245108127594,0.21137435734272,0.4403382837772369,0.1485893279314041,20251106142106
20251106142143_TOP,conn4,20251106142143_TOP.png,OK,0.4274765253067016,0.1960571408271789,0.4150473177433014,0.1204739436507225,20251106142143
20251106142218_TOP,conn4,20251106142218_TOP.png,OK,0.4427583217620849,0.2037885785102844,0.4292389750480652,0.1355861127376556,20251106142218
20251106142255_TOP,conn4,20251106142255_TOP.png,OK,0.4546741843223572,0.2037075161933899,0.451673686504364,0.1316999793052673,20251106142255
20251106142332_TOP,conn4,20251106142332_TOP.png,OK,0.4569342136383056,0.2077872157096862,0.4762245416641235,0.1317888349294662,20251106142332
20251106142408_TOP,conn4,20251106142408_TOP.png,OCCLUSION,0.4648862481117248,0.230570837855339,0.4832932651042938,0.2073622494935989,20251106142408
20251106142445_TOP,conn4,20251106142445_TOP.png,PARTIAL OCCLUSION,0.4579665064811706,0.2173038125038147,0.4503220021724701,0.1771138906478881,20251106142445
20251106142521_TOP,conn4,20251106142521_TOP.png,OK,0.4367712438106537,0.1970884203910827,0.4199091494083404,0.1218178197741508,20251106142521
20251106142557_TOP,conn4,20251106142557_TOP.png,PARTIAL OCCLUSION,0.4378720819950104,0.2114841341972351,0.4517428874969482,0.1680355668067932,20251106142557
20251106142633_TOP,conn4,20251106142633_TOP.png,OCCLUSION,0.4348786175251007,0.2122033834457397,0.4479264318943023,0.1845199316740036,20251106142633
20251106142709_TOP,conn4,20251106142709_TOP.png,OK,0.4575285017490387,0.2036872506141662,0.4662961363792419,0.123451642692089,20251106142709
20251106142745_TOP,conn4,20251106142745_TOP.png,OK,0.4623079597949981,0.2029041498899459,0.4717511832714081,0.1334226280450821,20251106142745
20251106164243_TOP,conn4,20251106164243_TOP.png,OK,0.4571686387062073,0.2004767954349517,0.4752235114574432,0.1269497871398925,20251106164243
20251106164318_TOP,conn4,20251106164318_TOP.png,OCCLUSION,0.4526295959949493,0.234219342470169,0.4475902318954468,0.2182646691799163,20251106164318
20251106164354_TOP,conn4,20251106164354_TOP.png,OK,0.4687890708446502,0.205437570810318,0.4770398736000061,0.1247887015342712,20251106164354
20251106164433_TOP,conn4,20251106164433_TOP.png,OK,0.461536556482315,0.2022559344768524,0.4798493087291717,0.1374360173940658,20251106164433
20251106164507_TOP,conn4,20251106164507_TOP.png,PARTIAL OCCLUSION,0.4629198908805847,0.2083374559879303,0.4665620923042297,0.1529309600591659,20251106164507
20251106164545_TOP,conn4,20251106164545_TOP.png,PARTIAL OCCLUSION,0.436593621969223,0.2313472032546997,0.4156050980091095,0.1972904950380325,20251106164545
20251106164620_TOP,conn4,20251106164620_TOP.png,PARTIAL OCCLUSION,0.4459154009819031,0.2207664251327514,0.4468267560005188,0.1726248860359192,20251106164620
20251106164656_TOP,conn4,20251106164656_TOP.png,OCCLUSION,0.4324679970741272,0.2117006182670593,0.4283220469951629,0.17484050989151,20251106164656
20251106164732_TOP,conn4,20251106164732_TOP.png,OK,0.4672738909721374,0.2092532515525818,0.4748360216617584,0.1359569579362869,20251106164732
20251106164808_TOP,conn4,20251106164808_TOP.png,OK,0.4627434611320495,0.2109862715005874,0.466963529586792,0.1426566541194915,20251106164808
20251106164844_TOP,conn4,20251106164844_TOP.png,OK,0.4531381726264953,0.2032490074634552,0.446997582912445,0.123404860496521,20251106164844
20251106164921_TOP,conn4,20251106164921_TOP.png,PARTIAL OCCLUSION,0.4515789449214935,0.2057801038026809,0.4643682241439819,0.1611865162849426,20251106164921
20251106164957_TOP,conn4,20251106164957_TOP.png,OK,0.4639528095722198,0.2111162096261978,0.4488921463489532,0.1219843029975891,20251106164957
20251106165034_TOP,conn4,20251106165034_TOP.png,PARTIAL OCCLUSION,0.4731663167476654,0.2145208716392517,0.4649334847927093,0.16294626891613,20251106165034
20251106165110_TOP,conn4,20251106165110_TOP.png,PARTIAL OCCLUSION,0.471297413110733,0.2258524298667907,0.4535472989082336,0.1897584348917007,20251106165110
20251106165146_TOP,conn4,20251106165146_TOP.png,OK,0.4707430601119995,0.2143325060606002,0.4780204892158508,0.1436579972505569,20251106165146
20251106165224_TOP,conn4,20251106165224_TOP.png,PARTIAL OCCLUSION,0.4682431221008301,0.248992383480072,0.4590720534324646,0.2183912694454193,20251106165224
20251106165259_TOP,conn4,20251106165259_TOP.png,OCCLUSION,0.4511301517486572,0.2435804605484008,0.4372927844524383,0.219036191701889,20251106165259
20251106165335_TOP,conn4,20251106165335_TOP.png,OK,0.4596407115459442,0.19804647564888,0.448769599199295,0.1205557733774185,20251106165335
20251106165411_TOP,conn4,20251106165411_TOP.png,PARTIAL OCCLUSION,0.4632647037506103,0.2302804887294769,0.4758729636669159,0.2117332369089126,20251106165411
20251106165448_TOP,conn4,20251106165448_TOP.png,OK,0.4597960114479065,0.203269749879837,0.468483030796051,0.1257129609584808,20251106165448
20251106165523_TOP,conn4,20251106165523_TOP.png,OK,0.4595130085945129,0.204233705997467,0.4478427767753601,0.1356701701879501,20251106165523
20251106165601_TOP,conn4,20251106165601_TOP.png,OK,0.4722761809825897,0.2137922495603561,0.4577557742595672,0.1247823163866996,20251106165601
20251106165638_TOP,conn4,20251106165638_TOP.png,OK,0.4652634263038635,0.2053602784872055,0.461106538772583,0.1200487539172172,20251106165638
20251106165714_TOP,conn4,20251106165714_TOP.png,OK,0.4612935185432434,0.2064593583345413,0.4558901190757751,0.1280378401279449,20251106165714
20251106165750_TOP,conn4,20251106165750_TOP.png,OCCLUSION,0.4391164779663086,0.2066977471113205,0.4387913644313812,0.1703919172286987,20251106165750
20251106165826_TOP,conn4,20251106165826_TOP.png,OK,0.4615837633609772,0.2044939398765564,0.4682698845863342,0.1263738870620727,20251106165826
20251106165901_TOP,conn4,20251106165901_TOP.png,PARTIAL OCCLUSION,0.4458605647087097,0.2169310003519058,0.4366447925567627,0.1643918305635452,20251106165901
20251106165939_TOP,conn4,20251106165939_TOP.png,OK,0.4456460177898407,0.2018094062805175,0.4230094850063324,0.1154418513178825,20251106165939
20251106110559_TOP,conn5,20251106110559_TOP.png,OK,0.5073378682136536,0.2422876060009002,0.456644207239151,0.2506093382835388,20251106110559
20251106110633_TOP,conn5,20251106110633_TOP.png,OK,0.5088449716567993,0.2441113293170929,0.4827090501785278,0.2383960038423538,20251106110633
20251106110712_TOP,conn5,20251106110712_TOP.png,OK,0.5474406480789185,0.2288130223751068,0.5060015916824341,0.2530016005039215,20251106110712
20251106110746_TOP,conn5,20251106110746_TOP.png,PARTIAL OCCLUSION,0.5346922278404236,0.2479560226202011,0.5244612097740173,0.2534720003604889,20251106110746
20251106110824_TOP,conn5,20251106110824_TOP.png,OK,0.5349549651145935,0.2419936954975128,0.5481440424919128,0.2475525438785553,20251106110824
20251106110900_TOP,conn5,20251106110900_TOP.png,OK,0.5348354578018188,0.2383622080087661,0.5254122018814087,0.2604563534259796,20251106110900
20251106110939_TOP,conn5,20251106110939_TOP.png,OK,0.5373533368110657,0.2428746819496154,0.5563536882400513,0.2369212061166763,20251106110939
20251106111015_TOP,conn5,20251106111015_TOP.png,OK,0.5368955135345459,0.2521676421165466,0.5250297784805298,0.242931380867958,20251106111015
20251106111050_TOP,conn5,20251106111050_TOP.png,OK,0.5464436411857605,0.2368892878293991,0.5208112597465515,0.2497593462467193,20251106111050
20251106111126_TOP,conn5,20251106111126_TOP.png,PARTIAL OCCLUSION,0.521763801574707,0.2621856331825256,0.5355116724967957,0.2700101435184479,20251106111126
20251106111204_TOP,conn5,20251106111204_TOP.png,OK,0.5514086484909058,0.2417659312486648,0.57969731092453,0.2277649641036987,20251106111204
20251106111239_TOP,conn5,20251106111239_TOP.png,OK,0.5302000045776367,0.2504154145717621,0.5185331106185913,0.2606604993343353,20251106111239
20251106111316_TOP,conn5,20251106111316_TOP.png,OK,0.5299329161643982,0.2360476702451706,0.5218601822853088,0.2505149841308594,20251106111316
20251106111352_TOP,conn5,20251106111352_TOP.png,PARTIAL OCCLUSION,0.5425156950950623,0.2455421984195709,0.5259292721748352,0.270302265882492,20251106111352
20251106111429_TOP,conn5,20251106111429_TOP.png,OK,0.5232678055763245,0.2408566921949386,0.5113688707351685,0.2540634870529175,20251106111429
20251106111505_TOP,conn5,20251106111505_TOP.png,OK,0.5085716247558594,0.2339830845594406,0.5092933773994446,0.2328002601861953,20251106111505
20251106111542_TOP,conn5,20251106111542_TOP.png,OK,0.5381531715393066,0.2333373874425888,0.5128985643386841,0.2495638877153396,20251106111542
20251106111617_TOP,conn5,20251106111617_TOP.png,PARTIAL OCCLUSION,0.479465514421463,0.2461066991090774,0.5111806392669678,0.2685897946357727,20251106111617
20251106111653_TOP,conn5,20251106111653_TOP.png,OK,0.5497103929519653,0.2320075780153274,0.5150430798530579,0.2509675621986389,20251106111653
20251106111729_TOP,conn5,20251106111729_TOP.png,OK,0.5458561182022095,0.2403095513582229,0.5451317429542542,0.2362197190523147,20251106111729
20251106111808_TOP,conn5,20251106111808_TOP.png,PARTIAL OCCLUSION,0.5186902284622192,0.2560743987560272,0.5186368823051453,0.2572852075099945,20251106111808
20251106111842_TOP,conn5,20251106111842_TOP.png,OK,0.534549355506897,0.2405211478471756,0.5012496113777161,0.2454752475023269,20251106111842
20251106111918_TOP,conn5,20251106111918_TOP.png,OK,0.5189048051834106,0.2442363202571869,0.5618347525596619,0.2686510384082794,20251106111918
20251106111955_TOP,conn5,20251106111955_TOP.png,OCCLUSION,0.5083544850349426,0.2586661279201507,0.4864950180053711,0.2668643891811371,20251106111955
20251106112032_TOP,conn5,20251106112032_TOP.png,OCCLUSION,0.5239582657814026,0.2477134019136428,0.5369216203689575,0.2717380225658417,20251106112032
20251106112109_TOP,conn5,20251106112109_TOP.png,OCCLUSION,0.4891095757484436,0.2538547217845917,0.4778006374835968,0.2690595388412475,20251106112109
20251106112144_TOP,conn5,20251106112144_TOP.png,OK,0.5639548301696777,0.2460645586252212,0.5608096718788147,0.2671129703521728,20251106112144
20251106112220_TOP,conn5,20251106112220_TOP.png,OK,0.5431604981422424,0.2442396283149719,0.5436468720436096,0.2620979845523834,20251106112220
20251106112255_TOP,conn5,20251106112255_TOP.png,PARTIAL OCCLUSION,0.5365150570869446,0.2478220760822296,0.5543785095214844,0.2300822883844375,20251106112255
20251106112334_TOP,conn5,20251106112334_TOP.png,OK,0.531575620174408,0.2402177304029464,0.5377625226974487,0.2594821155071258,20251106112334
20251106112409_TOP,conn5,20251106112409_TOP.png,OCCLUSION,0.4959609508514404,0.2450170964002609,0.5143657326698303,0.2339927852153778,20251106112409
20251106112445_TOP,conn5,20251106112445_TOP.png,OK,0.5525341033935547,0.2362176924943924,0.5651950836181641,0.2337243407964706,20251106112445
20251106112523_TOP,conn5,20251106112523_TOP.png,OK,0.5289640426635742,0.2543936967849731,0.4930364489555359,0.274582177400589,20251106112523
20251106112559_TOP,conn5,20251106112559_TOP.png,OK,0.5069342255592346,0.2441991120576858,0.5096336007118225,0.2405395209789276,20251106112559
20251106112633_TOP,conn5,20251106112633_TOP.png,PARTIAL OCCLUSION,0.5036986470222473,0.250295877456665,0.5310338139533997,0.2579395473003387,20251106112633
20251106112712_TOP,conn5,20251106112712_TOP.png,PARTIAL OCCLUSION,0.5310705900192261,0.2400282621383667,0.4872762858867645,0.2563885748386383,20251106112712
20251106112748_TOP,conn5,20251106112748_TOP.png,PARTIAL OCCLUSION,0.4884200096130371,0.2322863936424255,0.4235820770263672,0.23874032497406,20251106112748
20251106112823_TOP,conn5,20251106112823_TOP.png,OCCLUSION,0.5111247897148132,0.2633514106273651,0.561255693435669,0.2512661814689636,20251106112823
20251106112900_TOP,conn5,20251106112900_TOP.png,OK,0.5402019023895264,0.2397420704364776,0.5366494655609131,0.2491826564073562,20251106112900
20251106112937_TOP,conn5,20251106112937_TOP.png,OK,0.5316354632377625,0.2449463009834289,0.4966297447681427,0.2569365203380584,20251106112937
20251106113014_TOP,conn5,20251106113014_TOP.png,OK,0.511030375957489,0.2264720201492309,0.5190719962120056,0.231800228357315,20251106113014
20251106113049_TOP,conn5,20251106113049_TOP.png,OK,0.5419097542762756,0.237825870513916,0.5224565863609314,0.254493236541748,20251106113049
20251106113126_TOP,conn5,20251106113126_TOP.png,OK,0.5326977372169495,0.2394065260887146,0.5289796590805054,0.2384715974330902,20251106113126
20251106113202_TOP,conn5,20251106113202_TOP.png,PARTIAL OCCLUSION,0.5209105014801025,0.2582479119300842,0.552316427230835,0.2719676196575165,20251106113202
20251106113240_TOP,conn5,20251106113240_TOP.png,OK,0.5430962443351746,0.2402455955743789,0.5538873076438904,0.2390000522136688,20251106113240
20251106113316_TOP,conn5,20251106113316_TOP.png,OK,0.5232608318328857,0.2455342561006546,0.5198218822479248,0.2521924376487732,20251106113316
20251106113351_TOP,conn5,20251106113351_TOP.png,OCCLUSION,0.5002743005752563,0.2519053518772125,0.5024206638336182,0.25545334815979,20251106113351
20251106113428_TOP,conn5,20251106113428_TOP.png,PARTIAL OCCLUSION,0.5231930613517761,0.2573693692684173,0.5490002632141113,0.2408502548933029,20251106113428
20251106130408_TOP,conn5,20251106130408_TOP.png,OK,0.5367382764816284,0.2360975593328476,0.5379517078399658,0.2549013495445251,20251106130408
20251106130444_TOP,conn5,20251106130444_TOP.png,OK,0.5246135592460632,0.2466125041246414,0.5579588413238525,0.2516892850399017,20251106130444
20251106130521_TOP,conn5,20251106130521_TOP.png,OK,0.5367368459701538,0.2376840412616729,0.4888620674610138,0.247643768787384,20251106130521
20251106130557_TOP,conn5,20251106130557_TOP.png,OK,0.5343853831291199,0.2348847836256027,0.5631483793258667,0.2297912687063217,20251106130557
20251106130633_TOP,conn5,20251106130633_TOP.png,PARTIAL OCCLUSION,0.5237330198287964,0.2489578872919082,0.5275239944458008,0.2474923133850097,20251106130633
20251106130711_TOP,conn5,20251106130711_TOP.png,PARTIAL OCCLUSION,0.4855012893676758,0.2527922093868255,0.4920600354671478,0.2532379329204559,20251106130711
20251106130747_TOP,conn5,20251106130747_TOP.png,OK,0.5250952243804932,0.2453245818614959,0.5130247473716736,0.2566737830638885,20251106130747
20251106130824_TOP,conn5,20251106130824_TOP.png,OK,0.5384126901626587,0.2400786280632019,0.5382482409477234,0.2415898591279983,20251106130824
20251106130903_TOP,conn5,20251106130903_TOP.png,PARTIAL OCCLUSION,0.5218690037727356,0.252335250377655,0.5046814680099487,0.263464868068695,20251106130903
20251106130936_TOP,conn5,20251106130936_TOP.png,OK,0.56357741355896,0.2347668409347534,0.5396294593811035,0.259329229593277,20251106130936
20251106131013_TOP,conn5,20251106131013_TOP.png,OK,0.5593599677085876,0.235779657959938,0.518895149230957,0.2537142932415008,20251106131013
20251106131049_TOP,conn5,20251106131049_TOP.png,OK,0.5224307179450989,0.2340343445539474,0.479195237159729,0.2066575735807418,20251106131049
20251106131124_TOP,conn5,20251106131124_TOP.png,PARTIAL OCCLUSION,0.5299187302589417,0.2349311411380767,0.5288485288619995,0.2471386790275573,20251106131124
20251106131202_TOP,conn5,20251106131202_TOP.png,OK,0.5525680184364319,0.2429837733507156,0.5556822419166565,0.2319393455982208,20251106131202
20251106131240_TOP,conn5,20251106131240_TOP.png,PARTIAL OCCLUSION,0.544193685054779,0.2492720484733581,0.4776481688022613,0.257220983505249,20251106131240
20251106131314_TOP,conn5,20251106131314_TOP.png,OK,0.5427842140197754,0.2391600012779235,0.5407721996307373,0.2480853646993637,20251106131314
20251106131351_TOP,conn5,20251106131351_TOP.png,OCCLUSION,0.4864766597747803,0.2580813765525818,0.4821205139160156,0.2737055420875549,20251106131351
20251106131428_TOP,conn5,20251106131428_TOP.png,OK,0.5411728620529175,0.2382449805736541,0.5005900859832764,0.265414297580719,20251106131428
20251106131503_TOP,conn5,20251106131503_TOP.png,OK,0.5104808211326599,0.2376884520053863,0.4926316738128662,0.2541075646877289,20251106131503
20251106131541_TOP,conn5,20251106131541_TOP.png,OK,0.5256670117378235,0.2453917115926742,0.5228310823440552,0.2636924684047699,20251106131541
20251106131615_TOP,conn5,20251106131615_TOP.png,PARTIAL OCCLUSION,0.4926829040050506,0.238568365573883,0.447430819272995,0.2525736391544342,20251106131615
20251106131652_TOP,conn5,20251106131652_TOP.png,PARTIAL OCCLUSION,0.4876630902290344,0.2511404752731323,0.5049327611923218,0.2598923444747925,20251106131652
20251106131729_TOP,conn5,20251106131729_TOP.png,PARTIAL OCCLUSION,0.4863826334476471,0.2495193183422088,0.4722490310668945,0.2601740062236786,20251106131729
20251106131805_TOP,conn5,20251106131805_TOP.png,OK,0.5289894938468933,0.2356904149055481,0.518620491027832,0.2566383481025696,20251106131805
20251106131841_TOP,conn5,20251106131841_TOP.png,PARTIAL OCCLUSION,0.4921080768108368,0.2340471297502517,0.5000486969947815,0.2430753707885742,20251106131841
20251106131917_TOP,conn5,20251106131917_TOP.png,PARTIAL OCCLUSION,0.4828258752822876,0.2422846555709839,0.492183655500412,0.2505297064781189,20251106131917
20251106131952_TOP,conn5,20251106131952_TOP.png,PARTIAL OCCLUSION,0.5263464450836182,0.2184349447488784,0.4897530674934387,0.2175161391496658,20251106131952
20251106132030_TOP,conn5,20251106132030_TOP.png,PARTIAL OCCLUSION,0.5310195684432983,0.2209056168794632,0.5127049088478088,0.2494125664234161,20251106132030
20251106132107_TOP,conn5,20251106132107_TOP.png,OK,0.4995520114898681,0.2415786683559417,0.4738284051418304,0.2377811670303344,20251106132107
20251106132144_TOP,conn5,20251106132144_TOP.png,PARTIAL OCCLUSION,0.5531705617904663,0.2414353936910629,0.5999343991279602,0.2171825170516967,20251106132144
20251106132219_TOP,conn5,20251106132219_TOP.png,PARTIAL OCCLUSION,0.5253760814666748,0.2566418945789337,0.5084465742111206,0.2501127123832702,20251106132219
20251106132256_TOP,conn5,20251106132256_TOP.png,OK,0.5199402570724487,0.243117481470108,0.5346112847328186,0.2286797016859054,20251106132256
20251106132332_TOP,conn5,20251106132332_TOP.png,OK,0.5376858711242676,0.2373002022504806,0.5021470785140991,0.2531854212284088,20251106132332
20251106132408_TOP,conn5,20251106132408_TOP.png,OK,0.5238066911697388,0.246263176202774,0.5262241959571838,0.2481560558080673,20251106132408
20251106132445_TOP,conn5,20251106132445_TOP.png,OK,0.5239896178245544,0.2368775457143783,0.5503029227256775,0.2467588037252426,20251106132445
20251106132520_TOP,conn5,20251106132520_TOP.png,OK,0.5299607515335083,0.2502367794513702,0.5225167274475098,0.2624843120574951,20251106132520
20251106132557_TOP,conn5,20251106132557_TOP.png,PARTIAL OCCLUSION,0.4935505092144012,0.2348158359527588,0.5040938854217529,0.2732589542865753,20251106132557
20251106132635_TOP,conn5,20251106132635_TOP.png,OK,0.5481314063072205,0.2391048669815063,0.5451034903526306,0.2530827522277832,20251106132635
20251106132710_TOP,conn5,20251106132710_TOP.png,OCCLUSION,0.5247814655303955,0.2475738525390625,0.5365719795227051,0.2434833496809005,20251106132710
20251106132747_TOP,conn5,20251106132747_TOP.png,OCCLUSION,0.481718361377716,0.2619606852531433,0.5281164646148682,0.2479710429906845,20251106132747
20251106132824_TOP,conn5,20251106132824_TOP.png,OK,0.5295702815055847,0.241912692785263,0.5086457133293152,0.2482572942972183,20251106132824
20251106132900_TOP,conn5,20251106132900_TOP.png,PARTIAL OCCLUSION,0.5383044481277466,0.2606901526451111,0.5648394823074341,0.2603193521499634,20251106132900
20251106132935_TOP,conn5,20251106132935_TOP.png,OK,0.5440179705619812,0.2490871995687484,0.5662713646888733,0.238860622048378,20251106132935
20251106133012_TOP,conn5,20251106133012_TOP.png,OK,0.5266380310058594,0.250496506690979,0.5467672944068909,0.2350607961416244,20251106133012
20251106133048_TOP,conn5,20251106133048_TOP.png,OK,0.4928435385227203,0.2610442638397217,0.4866256713867187,0.2664305865764618,20251106133048
20251106133124_TOP,conn5,20251106133124_TOP.png,OK,0.506004810333252,0.2535858154296875,0.5069953799247742,0.2377846986055374,20251106133124
20251106133202_TOP,conn5,20251106133202_TOP.png,OK,0.5183706879615784,0.2386660724878311,0.5441762804985046,0.2571710646152496,20251106133202
20251106133238_TOP,conn5,20251106133238_TOP.png,PARTIAL OCCLUSION,0.5456393361091614,0.2293648272752761,0.5367667078971863,0.2159541994333267,20251106133238
20251106135917_TOP,conn5,20251106135917_TOP.png,OK,0.5561103224754333,0.2368835210800171,0.5488587021827698,0.2733128368854522,20251106135917
20251106135955_TOP,conn5,20251106135955_TOP.png,PARTIAL OCCLUSION,0.5420444011688232,0.2482812255620956,0.5345133543014526,0.2534393966197967,20251106135955
20251106140029_TOP,conn5,20251106140029_TOP.png,OK,0.554049015045166,0.2378906011581421,0.5655591487884521,0.2360661625862121,20251106140029
20251106140108_TOP,conn5,20251106140108_TOP.png,OK,0.5459417104721069,0.2328997105360031,0.5098769068717957,0.2637041509151459,20251106140108
20251106140143_TOP,conn5,20251106140143_TOP.png,OK,0.5240597724914551,0.2428578734397888,0.5473588109016418,0.2481279224157333,20251106140143
20251106140220_TOP,conn5,20251106140220_TOP.png,PARTIAL OCCLUSION,0.5209009051322937,0.2569267153739929,0.5531975030899048,0.2482316195964813,20251106140220
20251106140254_TOP,conn5,20251106140254_TOP.png,OCCLUSION,0.5251182317733765,0.2609153687953949,0.555296778678894,0.2638272643089294,20251106140254
20251106140333_TOP,conn5,20251106140333_TOP.png,OCCLUSION,0.5044875144958496,0.2627313435077667,0.4996990263462066,0.2731102406978607,20251106140333
20251106140408_TOP,conn5,20251106140408_TOP.png,OCCLUSION,0.4734031558036804,0.2533179819583893,0.4965348541736603,0.2671554088592529,20251106140408
20251106140444_TOP,conn5,20251106140444_TOP.png,OK,0.5384128093719482,0.2529864311218261,0.5309171080589294,0.2682403028011322,20251106140444
20251106140521_TOP,conn5,20251106140521_TOP.png,PARTIAL OCCLUSION,0.537781834602356,0.2340556979179382,0.4677156209945678,0.2275245487689972,20251106140521
20251106140557_TOP,conn5,20251106140557_TOP.png,OK,0.5494881868362427,0.2310047745704651,0.5159624814987183,0.2533490061759949,20251106140557
20251106140634_TOP,conn5,20251106140634_TOP.png,OK,0.507416307926178,0.2487619370222091,0.4458633661270141,0.2547175884246826,20251106140634
20251106140711_TOP,conn5,20251106140711_TOP.png,OK,0.5409694314002991,0.237513393163681,0.4950478971004486,0.2497171014547348,20251106140711
20251106140748_TOP,conn5,20251106140748_TOP.png,OK,0.5306709408760071,0.2298392206430435,0.4703831374645233,0.2370466589927673,20251106140748
20251106140823_TOP,conn5,20251106140823_TOP.png,PARTIAL OCCLUSION,0.4844729304313659,0.245857760310173,0.4510484337806701,0.2570629119873047,20251106140823
20251106140859_TOP,conn5,20251106140859_TOP.png,OK,0.5532971024513245,0.2274639457464218,0.5271525382995605,0.2523749768733978,20251106140859
20251106140934_TOP,conn5,20251106140934_TOP.png,OK,0.5316198468208313,0.2477546334266662,0.5537000298500061,0.258369505405426,20251106140934
20251106141010_TOP,conn5,20251106141010_TOP.png,PARTIAL OCCLUSION,0.4949577450752258,0.2324389964342117,0.5094786286354065,0.2628326117992401,20251106141010
20251106141048_TOP,conn5,20251106141048_TOP.png,OK,0.5461133122444153,0.2346005141735077,0.4819536507129669,0.2446024417877197,20251106141048
20251106141123_TOP,conn5,20251106141123_TOP.png,OCCLUSION,0.4683132469654083,0.2423889189958572,0.4490469694137573,0.2318356335163116,20251106141123
20251106141200_TOP,conn5,20251106141200_TOP.png,OCCLUSION,0.4930478930473327,0.2527088224887848,0.501929521560669,0.2493747472763061,20251106141200
20251106141239_TOP,conn5,20251106141239_TOP.png,OK,0.5492016673088074,0.2318770587444305,0.5246697068214417,0.2410584837198257,20251106141239
20251106141313_TOP,conn5,20251106141313_TOP.png,OCCLUSION,0.4787880778312683,0.242606058716774,0.3636345863342285,0.2330857217311859,20251106141313
20251106141351_TOP,conn5,20251106141351_TOP.png,OK,0.5245394706726074,0.228497639298439,0.5278587341308594,0.2212078869342804,20251106141351
20251106141426_TOP,conn5,20251106141426_TOP.png,OK,0.5416660904884338,0.2253822684288025,0.5128598213195801,0.2200319766998291,20251106141426
20251106141502_TOP,conn5,20251106141502_TOP.png,OK,0.5484644770622253,0.2358915954828262,0.5231415629386902,0.2508587837219238,20251106141502
20251106141538_TOP,conn5,20251106141538_TOP.png,OK,0.5407612323760986,0.2290409207344055,0.5390200018882751,0.2355991601943969,20251106141538
20251106141615_TOP,conn5,20251106141615_TOP.png,PARTIAL OCCLUSION,0.4785644710063934,0.2442635595798492,0.4420377016067505,0.2371928840875625,20251106141615
20251106141652_TOP,conn5,20251106141652_TOP.png,OK,0.5474529266357422,0.2352165728807449,0.5220439434051514,0.2428755164146423,20251106141652
20251106141729_TOP,conn5,20251106141729_TOP.png,PARTIAL OCCLUSION,0.5379160046577454,0.2406699508428573,0.5556891560554504,0.2543699145317077,20251106141729
20251106141804_TOP,conn5,20251106141804_TOP.png,PARTIAL OCCLUSION,0.5449019074440002,0.234294980764389,0.4586313366889953,0.232051134109497,20251106141804
20251106141840_TOP,conn5,20251106141840_TOP.png,OCCLUSION,0.5137616991996765,0.2757660150527954,0.4725137650966644,0.296062171459198,20251106141840
20251106141916_TOP,conn5,20251106141916_TOP.png,OK,0.5355710983276367,0.2341970205307006,0.4846886992454529,0.2380214631557464,20251106141916
20251106141954_TOP,conn5,20251106141954_TOP.png,OK,0.5593664646148682,0.2340995967388153,0.5435395240783691,0.2477691620588302,20251106141954
20251106142030_TOP,conn5,20251106142030_TOP.png,OK,0.5270177125930786,0.2298616915941238,0.5296188592910767,0.2271489053964615,20251106142030
20251106142106_TOP,conn5,20251106142106_TOP.png,OCCLUSION,0.5077888369560242,0.2229172587394714,0.5264720916748047,0.2238416969776153,20251106142106
20251106142143_TOP,conn5,20251106142143_TOP.png,OK,0.54743492603302,0.2363016903400421,0.4964519143104553,0.2410125732421875,20251106142143
20251106142218_TOP,conn5,20251106142218_TOP.png,OK,0.5550353527069092,0.2403440028429031,0.518187940120697,0.242305725812912,20251106142218
20251106142255_TOP,conn5,20251106142255_TOP.png,OK,0.5525578856468201,0.2314354032278061,0.5152050256729126,0.2446099370718002,20251106142255
20251106142332_TOP,conn5,20251106142332_TOP.png,OK,0.5432385802268982,0.2256922572851181,0.5156669020652771,0.2183736115694046,20251106142332
20251106142408_TOP,conn5,20251106142408_TOP.png,OK,0.5335421562194824,0.2315221428871154,0.5205361247062683,0.2471179217100143,20251106142408
20251106142445_TOP,conn5,20251106142445_TOP.png,OK,0.5386286973953247,0.2328845560550689,0.5185763239860535,0.2420319318771362,20251106142445
20251106142521_TOP,conn5,20251106142521_TOP.png,OK,0.5673854947090149,0.2324126213788986,0.5214151740074158,0.2481077313423156,20251106142521
20251106142557_TOP,conn5,20251106142557_TOP.png,PARTIAL OCCLUSION,0.5190841555595398,0.2726993858814239,0.4782476127147674,0.2625637948513031,20251106142557
20251106142633_TOP,conn5,20251106142633_TOP.png,OK,0.5474694967269897,0.2378230839967727,0.5133167505264282,0.2436252981424331,20251106142633
20251106142709_TOP,conn5,20251106142709_TOP.png,OCCLUSION,0.4728506803512573,0.2394346594810485,0.4365183711051941,0.2008975446224212,20251106142709
20251106142745_TOP,conn5,20251106142745_TOP.png,OK,0.5488945841789246,0.2262469381093979,0.5388064980506897,0.2334562242031097,20251106142745
20251106164243_TOP,conn5,20251106164243_TOP.png,PARTIAL OCCLUSION,0.5173945426940918,0.2538123428821563,0.4710715115070343,0.2506333589553833,20251106164243
20251106164318_TOP,conn5,20251106164318_TOP.png,OCCLUSION,0.5247857570648193,0.2688731849193573,0.5755274891853333,0.2526688575744629,20251106164318
20251106164354_TOP,conn5,20251106164354_TOP.png,OCCLUSION,0.4715009927749634,0.2413358688354492,0.4366271495819092,0.2259265929460525,20251106164354
20251106164433_TOP,conn5,20251106164433_TOP.png,KO,0.5378565192222595,0.2617301344871521,0.5957034826278687,0.2496187686920166,20251106164433
20251106164507_TOP,conn5,20251106164507_TOP.png,PARTIAL OCCLUSION,0.5559473037719727,0.2468563020229339,0.5600989460945129,0.2573864161968231,20251106164507
20251106164545_TOP,conn5,20251106164545_TOP.png,PARTIAL OCCLUSION,0.5401566624641418,0.2415431439876556,0.4852652847766876,0.2363824248313903,20251106164545
20251106164620_TOP,conn5,20251106164620_TOP.png,PARTIAL OCCLUSION,0.5140848755836487,0.2295077741146087,0.490353524684906,0.2261187434196472,20251106164620
20251106164656_TOP,conn5,20251106164656_TOP.png,OK,0.5529173016548157,0.2302218377590179,0.5193620324134827,0.2466091215610504,20251106164656
20251106164732_TOP,conn5,20251106164732_TOP.png,OK,0.559562623500824,0.2314814329147339,0.5377317070960999,0.2440244853496551,20251106164732
20251106164808_TOP,conn5,20251106164808_TOP.png,OK,0.5331206321716309,0.2386504411697387,0.5301075577735901,0.2411212623119354,20251106164808
20251106164844_TOP,conn5,20251106164844_TOP.png,KO,0.5398727655410767,0.2239830642938614,0.6000337600708008,0.2174812853336334,20251106164844
20251106164921_TOP,conn5,20251106164921_TOP.png,PARTIAL OCCLUSION,0.532580554485321,0.2535375952720642,0.5136112570762634,0.2495100647211074,20251106164921
20251106164957_TOP,conn5,20251106164957_TOP.png,OK,0.557235062122345,0.232527807354927,0.5231872200965881,0.2410687655210495,20251106164957
20251106165034_TOP,conn5,20251106165034_TOP.png,OK,0.5683788657188416,0.2333225011825561,0.5566884875297546,0.2515584528446197,20251106165034
20251106165110_TOP,conn5,20251106165110_TOP.png,OK,0.5442803502082825,0.2315566390752792,0.4842039942741394,0.2145734876394271,20251106165110
20251106165146_TOP,conn5,20251106165146_TOP.png,OCCLUSION,0.476689338684082,0.2391687184572219,0.4128032028675079,0.211572378873825,20251106165146
20251106165224_TOP,conn5,20251106165224_TOP.png,PARTIAL OCCLUSION,0.5462818145751953,0.2675172984600067,0.5738815665245056,0.2616722583770752,20251106165224
20251106165259_TOP,conn5,20251106165259_TOP.png,OK,0.5652822852134705,0.2403160631656646,0.5560104846954346,0.2403728663921356,20251106165259
20251106165335_TOP,conn5,20251106165335_TOP.png,OK,0.5571926832199097,0.2291446030139923,0.5335936546325684,0.2397489249706268,20251106165335
20251106165411_TOP,conn5,20251106165411_TOP.png,PARTIAL OCCLUSION,0.5322713851928711,0.2583373188972473,0.5319735407829285,0.2474627345800399,20251106165411
20251106165448_TOP,conn5,20251106165448_TOP.png,OCCLUSION,0.4701211452484131,0.2371706068515777,0.4801245033740997,0.2438067942857742,20251106165448
20251106165523_TOP,conn5,20251106165523_TOP.png,OCCLUSION,0.5187743306159973,0.2708261907100677,0.5023069381713867,0.2672898173332214,20251106165523
20251106165601_TOP,conn5,20251106165601_TOP.png,OK,0.5502510070800781,0.2320537120103836,0.5152427554130554,0.2339034527540207,20251106165601
20251106165638_TOP,conn5,20251106165638_TOP.png,OK,0.5616981983184814,0.2325366735458374,0.5340063571929932,0.2428250163793563,20251106165638
20251106165714_TOP,conn5,20251106165714_TOP.png,PARTIAL OCCLUSION,0.5091873407363892,0.2337178587913513,0.4623224437236786,0.2291928082704544,20251106165714
20251106165750_TOP,conn5,20251106165750_TOP.png,OCCLUSION,0.5068325996398926,0.261756956577301,0.4796009659767151,0.2443844676017761,20251106165750
20251106165826_TOP,conn5,20251106165826_TOP.png,PARTIAL OCCLUSION,0.4816079139709472,0.2332496643066406,0.420320063829422,0.2184047847986221,20251106165826
20251106165901_TOP,conn5,20251106165901_TOP.png,PARTIAL OCCLUSION,0.5183435082435608,0.2671455442905426,0.531295120716095,0.2739583253860473,20251106165901
20251106165939_TOP,conn5,20251106165939_TOP.png,OK,0.5529808402061462,0.2336195111274719,0.5012699365615845,0.2534387111663818,20251106165939
20251106110559_TOP,conn6,20251106110559_TOP.png,OCCLUSION,0.5125173330307007,0.2723558247089386,0.5379258394241333,0.261294424533844,20251106110559
20251106110633_TOP,conn6,20251106110633_TOP.png,OK,0.4885158836841583,0.2920010089874267,0.6007884740829468,0.2467262893915176,20251106110633
20251106110712_TOP,conn6,20251106110712_TOP.png,OK,0.4274642169475555,0.2807063162326813,0.5839298963546753,0.2430604696273803,20251106110712
20251106110746_TOP,conn6,20251106110746_TOP.png,OK,0.5153994560241699,0.284461110830307,0.4765414595603943,0.2548560798168182,20251106110746
20251106110824_TOP,conn6,20251106110824_TOP.png,PARTIAL OCCLUSION,0.4926267266273498,0.2855991721153259,0.5138033032417297,0.2630619406700134,20251106110824
20251106110900_TOP,conn6,20251106110900_TOP.png,OK,0.4829922318458557,0.2816014289855957,0.5246965289115906,0.2577465772628784,20251106110900
20251106110939_TOP,conn6,20251106110939_TOP.png,OCCLUSION,0.4866618514060974,0.2797214984893799,0.5011170506477356,0.244204580783844,20251106110939
20251106111015_TOP,conn6,20251106111015_TOP.png,OCCLUSION,0.4328514039516449,0.2550145089626312,0.5399228930473328,0.2627732455730438,20251106111015
20251106111050_TOP,conn6,20251106111050_TOP.png,OK,0.4931926131248474,0.279204249382019,0.6063613295555115,0.2571207284927368,20251106111050
20251106111126_TOP,conn6,20251106111126_TOP.png,PARTIAL OCCLUSION,0.4857247173786163,0.2722203135490417,0.5315144062042236,0.2587717473506927,20251106111126
20251106111204_TOP,conn6,20251106111204_TOP.png,OK,0.5143570899963379,0.3033490478992462,0.5450807809829712,0.2899026274681091,20251106111204
20251106111239_TOP,conn6,20251106111239_TOP.png,PARTIAL OCCLUSION,0.479251891374588,0.261241465806961,0.5408047437667847,0.2491820603609085,20251106111239
20251106111316_TOP,conn6,20251106111316_TOP.png,OCCLUSION,0.4373436868190765,0.2503875195980072,0.4474530220031738,0.2204605937004089,20251106111316
20251106111352_TOP,conn6,20251106111352_TOP.png,OK,0.4838560223579407,0.2803071141242981,0.4975844323635101,0.2592968046665191,20251106111352
20251106111429_TOP,conn6,20251106111429_TOP.png,OK,0.4477516710758209,0.2606855034828186,0.4891067743301391,0.2384767234325409,20251106111429
20251106111505_TOP,conn6,20251106111505_TOP.png,OK,0.4457145929336548,0.2851434648036957,0.4660062193870544,0.2525107562541961,20251106111505
20251106111542_TOP,conn6,20251106111542_TOP.png,OK,0.4771824777126312,0.2953011095523834,0.5346872210502625,0.2914451062679291,20251106111542
20251106111617_TOP,conn6,20251106111617_TOP.png,OCCLUSION,0.5281192660331726,0.2805778980255127,0.5968427062034607,0.2012150138616562,20251106111617
20251106111653_TOP,conn6,20251106111653_TOP.png,OK,0.5100672841072083,0.2954493463039398,0.4982363283634186,0.2947367429733276,20251106111653
20251106111729_TOP,conn6,20251106111729_TOP.png,OCCLUSION,0.4403963387012481,0.261786937713623,0.5074852108955383,0.238063171505928,20251106111729
20251106111808_TOP,conn6,20251106111808_TOP.png,OK,0.4527765214443207,0.2752954065799713,0.4998703896999359,0.2579434514045715,20251106111808
20251106111842_TOP,conn6,20251106111842_TOP.png,OK,0.4856997728347778,0.2848500907421112,0.5425390005111694,0.2770984768867492,20251106111842
20251106111918_TOP,conn6,20251106111918_TOP.png,OK,0.4846130311489105,0.2815743088722229,0.5276291370391846,0.2330954074859619,20251106111918
20251106111955_TOP,conn6,20251106111955_TOP.png,PARTIAL OCCLUSION,0.4462292492389679,0.2825823426246643,0.4661583304405212,0.2854973375797272,20251106111955
20251106112032_TOP,conn6,20251106112032_TOP.png,OK,0.4339949786663055,0.287061333656311,0.4198845326900482,0.237922117114067,20251106112032
20251106112109_TOP,conn6,20251106112109_TOP.png,OCCLUSION,0.464839369058609,0.2676813900470733,0.4710015058517456,0.1875560581684112,20251106112109
20251106112144_TOP,conn6,20251106112144_TOP.png,OK,0.5189040303230286,0.2927605211734772,0.5725767016410828,0.2641136646270752,20251106112144
20251106112220_TOP,conn6,20251106112220_TOP.png,OK,0.4621230363845825,0.2883898615837097,0.5826123356819153,0.2866559028625488,20251106112220
20251106112255_TOP,conn6,20251106112255_TOP.png,OK,0.4315713346004486,0.2734242975711822,0.4292665123939514,0.2655509412288666,20251106112255
20251106112334_TOP,conn6,20251106112334_TOP.png,OK,0.4428673386573791,0.2729497253894806,0.5147439241409302,0.26475590467453,20251106112334
20251106112409_TOP,conn6,20251106112409_TOP.png,OCCLUSION,0.3494388461112976,0.2520646750926971,0.3663052916526794,0.2641499042510986,20251106112409
20251106112445_TOP,conn6,20251106112445_TOP.png,OK,0.5486652851104736,0.2940754294395447,0.6177421808242798,0.2417571246623993,20251106112445
20251106112523_TOP,conn6,20251106112523_TOP.png,OK,0.5165576934814453,0.2833907008171081,0.6011584997177124,0.2672671675682068,20251106112523
20251106112559_TOP,conn6,20251106112559_TOP.png,OCCLUSION,0.4630917608737945,0.2929641604423523,0.4797714352607727,0.2836436033248901,20251106112559
20251106112633_TOP,conn6,20251106112633_TOP.png,PARTIAL OCCLUSION,0.506625771522522,0.2842828035354614,0.4919268786907196,0.2291020154953003,20251106112633
20251106112712_TOP,conn6,20251106112712_TOP.png,OK,0.4656983911991119,0.2795995473861694,0.5257322788238525,0.2524763643741607,20251106112712
20251106112748_TOP,conn6,20251106112748_TOP.png,OCCLUSION,0.4509411752223968,0.2698018252849579,0.4186793565750122,0.2416841983795166,20251106112748
20251106112823_TOP,conn6,20251106112823_TOP.png,PARTIAL OCCLUSION,0.4779747426509857,0.2922074496746063,0.5139243602752686,0.2860631942749023,20251106112823
20251106112900_TOP,conn6,20251106112900_TOP.png,OK,0.5502333045005798,0.2973820865154266,0.5644637942314148,0.2902220785617828,20251106112900
20251106112937_TOP,conn6,20251106112937_TOP.png,PARTIAL OCCLUSION,0.4498907029628753,0.2469276934862136,0.437263548374176,0.1921057403087616,20251106112937
20251106113014_TOP,conn6,20251106113014_TOP.png,OK,0.4681437015533447,0.2976672053337097,0.5481533408164978,0.2934233844280243,20251106113014
20251106113049_TOP,conn6,20251106113049_TOP.png,OK,0.507085382938385,0.2962898313999176,0.5239392518997192,0.2869663834571838,20251106113049
20251106113126_TOP,conn6,20251106113126_TOP.png,OK,0.5240994095802307,0.2974978983402252,0.4995037615299225,0.2823828756809234,20251106113126
20251106113202_TOP,conn6,20251106113202_TOP.png,OK,0.4742688834667206,0.2895097136497497,0.4828336238861084,0.2686251997947693,20251106113202
20251106113240_TOP,conn6,20251106113240_TOP.png,OK,0.5059953331947327,0.3017056286334991,0.5139451026916504,0.2784445285797119,20251106113240
20251106113316_TOP,conn6,20251106113316_TOP.png,OK,0.5040624141693115,0.306185632944107,0.5975655317306519,0.2603402435779571,20251106113316
20251106113351_TOP,conn6,20251106113351_TOP.png,OK,0.4948108494281769,0.2785753607749939,0.5278469920158386,0.2622151672840118,20251106113351
20251106113428_TOP,conn6,20251106113428_TOP.png,PARTIAL OCCLUSION,0.489706814289093,0.2750619053840637,0.5169796347618103,0.2721239626407623,20251106113428
20251106130408_TOP,conn6,20251106130408_TOP.png,OK,0.5689975619316101,0.3133043646812439,0.6202960014343262,0.2898475527763366,20251106130408
20251106130444_TOP,conn6,20251106130444_TOP.png,OK,0.4606522619724273,0.2748861014842987,0.5362987518310547,0.2533648312091827,20251106130444
20251106130521_TOP,conn6,20251106130521_TOP.png,OK,0.5148940682411194,0.3013047277927398,0.5562697052955627,0.2733523547649383,20251106130521
20251106130557_TOP,conn6,20251106130557_TOP.png,OK,0.4466399848461151,0.2364116907119751,0.4297628104686737,0.2272605448961258,20251106130557
20251106130633_TOP,conn6,20251106130633_TOP.png,PARTIAL OCCLUSION,0.4980055093765259,0.2693046629428863,0.5062195658683777,0.2769435048103332,20251106130633
20251106130711_TOP,conn6,20251106130711_TOP.png,PARTIAL OCCLUSION,0.5014869570732117,0.2573135495185852,0.5199087262153625,0.257637083530426,20251106130711
20251106130747_TOP,conn6,20251106130747_TOP.png,PARTIAL OCCLUSION,0.503411054611206,0.2826257050037384,0.5272729396820068,0.2850412726402282,20251106130747
20251106130824_TOP,conn6,20251106130824_TOP.png,OK,0.4972789287567138,0.2879110872745514,0.4806013703346252,0.2752349078655243,20251106130824
20251106130903_TOP,conn6,20251106130903_TOP.png,PARTIAL OCCLUSION,0.5031355619430542,0.2794855833053589,0.5313898324966431,0.2563804984092712,20251106130903
20251106130936_TOP,conn6,20251106130936_TOP.png,PARTIAL OCCLUSION,0.5047879219055176,0.2667590379714966,0.4975326657295227,0.263976514339447,20251106130936
20251106131013_TOP,conn6,20251106131013_TOP.png,OK,0.4632164239883423,0.2745502889156341,0.5009268522262573,0.2464010417461395,20251106131013
20251106131049_TOP,conn6,20251106131049_TOP.png,OK,0.4710283577442169,0.2664318978786468,0.4626067578792572,0.2419352680444717,20251106131049
20251106131124_TOP,conn6,20251106131124_TOP.png,OK,0.4924543499946594,0.2893820405006408,0.5113567113876343,0.2721438407897949,20251106131124
20251106131202_TOP,conn6,20251106131202_TOP.png,PARTIAL OCCLUSION,0.4965867698192596,0.2769345939159393,0.460867315530777,0.2459434270858764,20251106131202
20251106131240_TOP,conn6,20251106131240_TOP.png,OK,0.470359742641449,0.2939995527267456,0.5274372100830078,0.2661454975605011,20251106131240
20251106131314_TOP,conn6,20251106131314_TOP.png,OK,0.5115706920623779,0.3043295443058014,0.5584068298339844,0.2768057286739349,20251106131314
20251106131351_TOP,conn6,20251106131351_TOP.png,OK,0.5313479900360107,0.2941729426383972,0.6065480709075928,0.2542268633842468,20251106131351
20251106131428_TOP,conn6,20251106131428_TOP.png,PARTIAL OCCLUSION,0.5608283281326294,0.2761153280735016,0.531429648399353,0.2775299251079559,20251106131428
20251106131503_TOP,conn6,20251106131503_TOP.png,OK,0.4899452030658722,0.2926428318023681,0.538862943649292,0.2865597605705261,20251106131503
20251106131541_TOP,conn6,20251106131541_TOP.png,OK,0.452623188495636,0.2781093716621399,0.5806775093078613,0.292454719543457,20251106131541
20251106131615_TOP,conn6,20251106131615_TOP.png,OK,0.468153566122055,0.2888933420181274,0.5898986458778381,0.2820294797420501,20251106131615
20251106131652_TOP,conn6,20251106131652_TOP.png,OCCLUSION,0.5120214223861694,0.2830488979816437,0.5248227715492249,0.2668514847755432,20251106131652
20251106131729_TOP,conn6,20251106131729_TOP.png,OK,0.5084377527236938,0.3005261123180389,0.572056233882904,0.2825639247894287,20251106131729
20251106131805_TOP,conn6,20251106131805_TOP.png,OK,0.4621586501598358,0.2655986249446869,0.4871684610843658,0.2560508847236633,20251106131805
20251106131841_TOP,conn6,20251106131841_TOP.png,OK,0.431460976600647,0.2747677266597748,0.488043338060379,0.2566229701042175,20251106131841
20251106131917_TOP,conn6,20251106131917_TOP.png,OK,0.4714949131011963,0.2908315062522888,0.5461199879646301,0.2686146199703216,20251106131917
20251106131952_TOP,conn6,20251106131952_TOP.png,OK,0.5100650787353516,0.2832767963409424,0.552474319934845,0.2532515227794647,20251106131952
20251106132030_TOP,conn6,20251106132030_TOP.png,OK,0.4851254224777221,0.2833879590034485,0.5022080540657043,0.2468658685684204,20251106132030
20251106132107_TOP,conn6,20251106132107_TOP.png,PARTIAL OCCLUSION,0.4738605916500091,0.2631131410598755,0.5406785011291504,0.2657574117183685,20251106132107
20251106132144_TOP,conn6,20251106132144_TOP.png,OCCLUSION,0.4015775322914123,0.2603738009929657,0.4532628357410431,0.2476036548614502,20251106132144
20251106132219_TOP,conn6,20251106132219_TOP.png,PARTIAL OCCLUSION,0.5951098203659058,0.2758314311504364,0.5862745642662048,0.2453299611806869,20251106132219
20251106132256_TOP,conn6,20251106132256_TOP.png,OK,0.4941228032112121,0.2756115794181824,0.5160995125770569,0.2373164594173431,20251106132256
20251106132332_TOP,conn6,20251106132332_TOP.png,OCCLUSION,0.5181935429573059,0.2486279159784317,0.5148667693138123,0.2106453627347946,20251106132332
20251106132408_TOP,conn6,20251106132408_TOP.png,OK,0.4793710708618164,0.2804172337055206,0.5228481292724609,0.259428471326828,20251106132408
20251106132445_TOP,conn6,20251106132445_TOP.png,PARTIAL OCCLUSION,0.5072603821754456,0.2936561703681946,0.5818220973014832,0.2657686769962311,20251106132445
20251106132520_TOP,conn6,20251106132520_TOP.png,OK,0.4728288650512695,0.2997923493385315,0.5145640969276428,0.2722846567630768,20251106132520
20251106132557_TOP,conn6,20251106132557_TOP.png,OK,0.4448464512825012,0.2915587127208709,0.5044921636581421,0.2606286108493805,20251106132557
20251106132635_TOP,conn6,20251106132635_TOP.png,OK,0.5255661606788635,0.2783854007720947,0.5898053050041199,0.267756313085556,20251106132635
20251106132710_TOP,conn6,20251106132710_TOP.png,OCCLUSION,0.4952634274959564,0.300385057926178,0.481564462184906,0.2708144783973694,20251106132710
20251106132747_TOP,conn6,20251106132747_TOP.png,OK,0.4909322261810303,0.2920593619346618,0.565924882888794,0.2538124620914459,20251106132747
20251106132824_TOP,conn6,20251106132824_TOP.png,PARTIAL OCCLUSION,0.5639580488204956,0.298611044883728,0.6022893190383911,0.2624619007110595,20251106132824
20251106132900_TOP,conn6,20251106132900_TOP.png,OK,0.5332907438278198,0.2938796579837799,0.6314676403999329,0.2259590327739715,20251106132900
20251106132935_TOP,conn6,20251106132935_TOP.png,OCCLUSION,0.4884297251701355,0.289769172668457,0.5191099047660828,0.2648944854736328,20251106132935
20251106133012_TOP,conn6,20251106133012_TOP.png,OCCLUSION,0.4077591300010681,0.2423146069049835,0.3996178805828094,0.2088088244199752,20251106133012
20251106133048_TOP,conn6,20251106133048_TOP.png,OCCLUSION,0.4637607038021087,0.2829307019710541,0.4959643483161926,0.2599307596683502,20251106133048
20251106133124_TOP,conn6,20251106133124_TOP.png,OK,0.4210624694824219,0.2585236728191376,0.4898796677589416,0.2505486011505127,20251106133124
20251106133202_TOP,conn6,20251106133202_TOP.png,PARTIAL OCCLUSION,0.5009573101997375,0.2784691751003265,0.5217865109443665,0.2649863362312317,20251106133202
20251106133238_TOP,conn6,20251106133238_TOP.png,OK,0.464519590139389,0.2769933640956878,0.4990213811397552,0.2624415457248688,20251106133238
20251106135917_TOP,conn6,20251106135917_TOP.png,PARTIAL OCCLUSION,0.5400809645652771,0.2871593236923218,0.5478023886680603,0.2690820097923279,20251106135917
20251106135955_TOP,conn6,20251106135955_TOP.png,OK,0.4894614517688751,0.2884626388549804,0.5002835988998413,0.2863538563251495,20251106135955
20251106140029_TOP,conn6,20251106140029_TOP.png,OK,0.5099895000457764,0.3014054894447326,0.5439637899398804,0.2782293260097503,20251106140029
20251106140108_TOP,conn6,20251106140108_TOP.png,OK,0.4783741533756256,0.2965208888053894,0.552410364151001,0.2825354635715484,20251106140108
20251106140143_TOP,conn6,20251106140143_TOP.png,OK,0.4527724385261535,0.2736787497997284,0.4262388944625854,0.2123854756355285,20251106140143
20251106140220_TOP,conn6,20251106140220_TOP.png,OK,0.5528987050056458,0.2970123589038849,0.6296106576919556,0.2573512196540832,20251106140220
20251106140254_TOP,conn6,20251106140254_TOP.png,PARTIAL OCCLUSION,0.5174314379692078,0.2620573341846466,0.5531089305877686,0.2300846874713897,20251106140254
20251106140333_TOP,conn6,20251106140333_TOP.png,OCCLUSION,0.498962789773941,0.2993139326572418,0.4635629951953888,0.2379401624202728,20251106140333
20251106140408_TOP,conn6,20251106140408_TOP.png,OK,0.4645434319972992,0.2935393750667572,0.5181087255477905,0.280290275812149,20251106140408
20251106140444_TOP,conn6,20251106140444_TOP.png,PARTIAL OCCLUSION,0.4868841171264648,0.2766344845294952,0.4781080782413482,0.2404734343290329,20251106140444
20251106140521_TOP,conn6,20251106140521_TOP.png,OK,0.4853557646274566,0.2990442812442779,0.5295968055725098,0.2712198495864868,20251106140521
20251106140557_TOP,conn6,20251106140557_TOP.png,OK,0.4610392451286316,0.2846691608428955,0.5461562275886536,0.2809700667858124,20251106140557
20251106140634_TOP,conn6,20251106140634_TOP.png,OK,0.4697912335395813,0.2991372048854828,0.4852405190467834,0.2721320986747741,20251106140634
20251106140711_TOP,conn6,20251106140711_TOP.png,OK,0.5066870450973511,0.2934606969356537,0.5518379807472229,0.2774080634117126,20251106140711
20251106140748_TOP,conn6,20251106140748_TOP.png,OK,0.5150334239006042,0.3062306344509125,0.5509631037712097,0.3018228411674499,20251106140748
20251106140823_TOP,conn6,20251106140823_TOP.png,OK,0.4602656662464142,0.2953339517116546,0.4699018001556396,0.270483911037445,20251106140823
20251106140859_TOP,conn6,20251106140859_TOP.png,OK,0.5180087089538574,0.3035841286182403,0.5795933604240417,0.2815287411212921,20251106140859
20251106140934_TOP,conn6,20251106140934_TOP.png,OK,0.4640226066112518,0.2972022294998169,0.562515139579773,0.2929216921329498,20251106140934
20251106141010_TOP,conn6,20251106141010_TOP.png,OK,0.4561226069927215,0.3005405068397522,0.5317702293395996,0.2785679697990417,20251106141010
20251106141048_TOP,conn6,20251106141048_TOP.png,OK,0.4903530776500702,0.2997316122055053,0.4978801310062408,0.29170823097229,20251106141048
20251106141123_TOP,conn6,20251106141123_TOP.png,OK,0.4534715712070465,0.2932509481906891,0.4931822419166565,0.271681547164917,20251106141123
20251106141200_TOP,conn6,20251106141200_TOP.png,OK,0.4074001014232635,0.2643012702465057,0.4480945467948913,0.2648425698280334,20251106141200
20251106141239_TOP,conn6,20251106141239_TOP.png,OK,0.5407594442367554,0.2857814431190491,0.5690129995346069,0.2784110605716705,20251106141239
20251106141313_TOP,conn6,20251106141313_TOP.png,OK,0.4556645154953003,0.297999769449234,0.4570218324661255,0.2770808935165405,20251106141313
20251106141351_TOP,conn6,20251106141351_TOP.png,OK,0.5136330723762512,0.3109373748302459,0.5993931293487549,0.275044322013855,20251106141351
20251106141426_TOP,conn6,20251106141426_TOP.png,PARTIAL OCCLUSION,0.4415982961654663,0.2880502939224243,0.3561106026172638,0.2872300148010254,20251106141426
20251106141502_TOP,conn6,20251106141502_TOP.png,OK,0.5435220003128052,0.3107770681381225,0.5713161826133728,0.3017855286598205,20251106141502
20251106141538_TOP,conn6,20251106141538_TOP.png,OK,0.4891342222690582,0.2940063774585724,0.5468219518661499,0.2761887013912201,20251106141538
20251106141615_TOP,conn6,20251106141615_TOP.png,OK,0.514179527759552,0.3100360035896301,0.4714320600032806,0.2674896419048309,20251106141615
20251106141652_TOP,conn6,20251106141652_TOP.png,OCCLUSION,0.3664950132369995,0.2770455777645111,0.4335702657699585,0.2910873889923095,20251106141652
20251106141729_TOP,conn6,20251106141729_TOP.png,OK,0.4215796291828155,0.2664256989955902,0.4367984533309936,0.2801976203918457,20251106141729
20251106141804_TOP,conn6,20251106141804_TOP.png,PARTIAL OCCLUSION,0.5047178864479065,0.2716473340988159,0.4522634148597717,0.279197096824646,20251106141804
20251106141840_TOP,conn6,20251106141840_TOP.png,PARTIAL OCCLUSION,0.4049632549285888,0.2876614034175873,0.4145779609680176,0.2892290353775024,20251106141840
20251106141916_TOP,conn6,20251106141916_TOP.png,OK,0.493535578250885,0.3012391626834869,0.5455700755119324,0.2803820669651031,20251106141916
20251106141954_TOP,conn6,20251106141954_TOP.png,OK,0.4831532835960388,0.2992197275161743,0.5353650450706482,0.2960342764854431,20251106141954
20251106142030_TOP,conn6,20251106142030_TOP.png,PARTIAL OCCLUSION,0.5037506818771362,0.307402104139328,0.5772072076797485,0.2828912138938904,20251106142030
20251106142106_TOP,conn6,20251106142106_TOP.png,OK,0.4879792928695678,0.2981882393360138,0.5217104554176331,0.2901194989681244,20251106142106
20251106142143_TOP,conn6,20251106142143_TOP.png,OK,0.4358365833759308,0.2687301337718963,0.4461562633514404,0.2512242197990417,20251106142143
20251106142218_TOP,conn6,20251106142218_TOP.png,OK,0.4680300056934356,0.2775183916091919,0.4639554619789123,0.259915828704834,20251106142218
20251106142255_TOP,conn6,20251106142255_TOP.png,OK,0.5222166776657104,0.2923838198184967,0.5632621049880981,0.2724074125289917,20251106142255
20251106142332_TOP,conn6,20251106142332_TOP.png,OCCLUSION,0.3830564022064209,0.2732852697372436,0.3379067778587341,0.2609556913375854,20251106142332
20251106142408_TOP,conn6,20251106142408_TOP.png,PARTIAL OCCLUSION,0.4179859757423401,0.2501127421855926,0.4338175058364868,0.2541563212871551,20251106142408
20251106142445_TOP,conn6,20251106142445_TOP.png,OK,0.5264933109283447,0.3095227181911468,0.5377736687660217,0.301884651184082,20251106142445
20251106142521_TOP,conn6,20251106142521_TOP.png,OK,0.4251340329647064,0.2575161457061767,0.4592125713825226,0.2576031982898712,20251106142521
20251106142557_TOP,conn6,20251106142557_TOP.png,PARTIAL OCCLUSION,0.4880464375019073,0.2882608473300934,0.4775720536708832,0.2676370143890381,20251106142557
20251106142633_TOP,conn6,20251106142633_TOP.png,PARTIAL OCCLUSION,0.3567864596843719,0.2859179973602295,0.3773974180221557,0.2978474795818329,20251106142633
20251106142709_TOP,conn6,20251106142709_TOP.png,OK,0.4864010214805603,0.3007746934890747,0.5252757668495178,0.2764468193054199,20251106142709
20251106142745_TOP,conn6,20251106142745_TOP.png,OK,0.4925918579101562,0.303380399942398,0.5632621049880981,0.3006205856800079,20251106142745
20251106164243_TOP,conn6,20251106164243_TOP.png,PARTIAL OCCLUSION,0.4543628394603729,0.2916281223297119,0.5354480147361755,0.2960856258869171,20251106164243
20251106164318_TOP,conn6,20251106164318_TOP.png,PARTIAL OCCLUSION,0.4946065843105316,0.2903553545475006,0.5076097249984741,0.2766071259975433,20251106164318
20251106164354_TOP,conn6,20251106164354_TOP.png,OK,0.4815262258052826,0.2864806354045868,0.4911626577377319,0.2491078227758407,20251106164354
20251106164433_TOP,conn6,20251106164433_TOP.png,OCCLUSION,0.443058043718338,0.2990030348300934,0.480680912733078,0.307411253452301,20251106164433
20251106164507_TOP,conn6,20251106164507_TOP.png,OK,0.4700978994369507,0.2759082615375519,0.5076615810394287,0.2698725163936615,20251106164507
20251106164545_TOP,conn6,20251106164545_TOP.png,OK,0.4648390114307403,0.2903566062450409,0.4401442110538482,0.267164021730423,20251106164545
20251106164620_TOP,conn6,20251106164620_TOP.png,OK,0.5122518539428711,0.2978413105010986,0.5444288849830627,0.2864648103713989,20251106164620
20251106164656_TOP,conn6,20251106164656_TOP.png,OK,0.5257484316825867,0.2974438965320587,0.5032368898391724,0.280720591545105,20251106164656
20251106164732_TOP,conn6,20251106164732_TOP.png,PARTIAL OCCLUSION,0.5372743010520935,0.2837192118167877,0.5312047600746155,0.288848727941513,20251106164732
20251106164808_TOP,conn6,20251106164808_TOP.png,PARTIAL OCCLUSION,0.5232994556427002,0.2827557325363159,0.550093412399292,0.2704114913940429,20251106164808
20251106164844_TOP,conn6,20251106164844_TOP.png,KO,0.5169505476951599,0.2974786162376404,0.6197357773780823,0.2725670039653778,20251106164844
20251106164921_TOP,conn6,20251106164921_TOP.png,OK,0.4442233145236969,0.2890004217624664,0.417394608259201,0.2748873829841614,20251106164921
20251106164957_TOP,conn6,20251106164957_TOP.png,OK,0.4630249440670013,0.2706703543663025,0.5295397043228149,0.267738938331604,20251106164957
20251106165034_TOP,conn6,20251106165034_TOP.png,OK,0.5900156497955322,0.2878571152687073,0.5367603898048401,0.2805595397949219,20251106165034
20251106165110_TOP,conn6,20251106165110_TOP.png,OK,0.4999600350856781,0.2988745272159576,0.5247639417648315,0.2962011694908142,20251106165110
20251106165146_TOP,conn6,20251106165146_TOP.png,OK,0.4508498311042785,0.289197713136673,0.4808987975120544,0.269580990076065,20251106165146
20251106165224_TOP,conn6,20251106165224_TOP.png,OK,0.4561691880226135,0.2922814488410949,0.5393609404563904,0.2781912982463836,20251106165224
20251106165259_TOP,conn6,20251106165259_TOP.png,PARTIAL OCCLUSION,0.395626962184906,0.2861615717411041,0.4792889952659607,0.3004475831985473,20251106165259
20251106165335_TOP,conn6,20251106165335_TOP.png,OK,0.4789063632488251,0.2964730560779571,0.5557008385658264,0.2810893058776855,20251106165335
20251106165411_TOP,conn6,20251106165411_TOP.png,OK,0.43277108669281,0.2908583283424377,0.5649877190589905,0.3001477122306824,20251106165411
20251106165448_TOP,conn6,20251106165448_TOP.png,OK,0.4789870679378509,0.3131231963634491,0.4795345366001129,0.2905520498752594,20251106165448
20251106165523_TOP,conn6,20251106165523_TOP.png,PARTIAL OCCLUSION,0.469218373298645,0.296683132648468,0.4694643318653106,0.3050877451896667,20251106165523
20251106165601_TOP,conn6,20251106165601_TOP.png,OK,0.4828848242759704,0.289534717798233,0.5434813499450684,0.2732962369918823,20251106165601
20251106165638_TOP,conn6,20251106165638_TOP.png,OK,0.4717179238796234,0.2910460233688354,0.5237162113189697,0.2803747057914734,20251106165638
20251106165714_TOP,conn6,20251106165714_TOP.png,OK,0.4821654856204986,0.2936844229698181,0.5511861443519592,0.2879176437854767,20251106165714
20251106165750_TOP,conn6,20251106165750_TOP.png,OK,0.4178220331668854,0.262036383152008,0.4715167582035064,0.26537024974823,20251106165750
20251106165826_TOP,conn6,20251106165826_TOP.png,OK,0.4525318741798401,0.2961746454238891,0.5390825867652893,0.2937905490398407,20251106165826
20251106165901_TOP,conn6,20251106165901_TOP.png,OK,0.442188024520874,0.284147560596466,0.5018362998962402,0.2834841012954712,20251106165901
20251106165939_TOP,conn6,20251106165939_TOP.png,OK,0.4617635905742645,0.2876099646091461,0.5016651153564453,0.2752268016338348,20251106165939
20251106110559_TOP,conn7,20251106110559_TOP.png,OK,0.3539733588695526,0.2469886690378189,0.3661402761936188,0.2291531413793563,20251106110559
20251106110633_TOP,conn7,20251106110633_TOP.png,OK,0.3752387464046478,0.2681628465652466,0.4173388183116913,0.2512694597244262,20251106110633
20251106110712_TOP,conn7,20251106110712_TOP.png,OK,0.3453343510627746,0.2594576478004455,0.4072274565696716,0.2570365071296692,20251106110712
20251106110746_TOP,conn7,20251106110746_TOP.png,OK,0.3688311874866485,0.2559577524662018,0.3996395468711853,0.2461693882942199,20251106110746
20251106110824_TOP,conn7,20251106110824_TOP.png,OK,0.3814865350723266,0.2670075893402099,0.4181692898273468,0.2525236308574676,20251106110824
20251106110900_TOP,conn7,20251106110900_TOP.png,OK,0.3613702058792114,0.2622904777526855,0.3894270956516266,0.2549090683460235,20251106110900
20251106110939_TOP,conn7,20251106110939_TOP.png,OK,0.3773495852947235,0.2703744173049927,0.4302809536457062,0.266428142786026,20251106110939
20251106111015_TOP,conn7,20251106111015_TOP.png,OK,0.3976534307003021,0.265133261680603,0.4375960528850555,0.2554928660392761,20251106111015
20251106111050_TOP,conn7,20251106111050_TOP.png,OK,0.3683566451072693,0.2690870463848114,0.3923160433769226,0.25981405377388,20251106111050
20251106111126_TOP,conn7,20251106111126_TOP.png,OK,0.3689597547054291,0.2687394022941589,0.39576256275177,0.268407255411148,20251106111126
20251106111204_TOP,conn7,20251106111204_TOP.png,OCCLUSION,0.3945309817790985,0.2621191143989563,0.3429898619651794,0.2456325590610504,20251106111204
20251106111239_TOP,conn7,20251106111239_TOP.png,OK,0.3636741042137146,0.2631691396236419,0.3963875472545624,0.2514638900756836,20251106111239
20251106111316_TOP,conn7,20251106111316_TOP.png,OK,0.3678054809570312,0.2750589251518249,0.4432004392147064,0.2762194275856018,20251106111316
20251106111352_TOP,conn7,20251106111352_TOP.png,OK,0.3595989942550659,0.2551469504833221,0.420151948928833,0.2265970408916473,20251106111352
20251106111429_TOP,conn7,20251106111429_TOP.png,OK,0.3712736368179321,0.2689662873744964,0.421625941991806,0.2710105776786804,20251106111429
20251106111505_TOP,conn7,20251106111505_TOP.png,OK,0.3568798303604126,0.2627456784248352,0.4214978814125061,0.2677675187587738,20251106111505
20251106111542_TOP,conn7,20251106111542_TOP.png,OK,0.3283197283744812,0.2429158687591552,0.3641255795955658,0.2362739741802215,20251106111542
20251106111617_TOP,conn7,20251106111617_TOP.png,OK,0.3472677767276764,0.2593414485454559,0.37283456325531,0.2415465414524078,20251106111617
20251106111653_TOP,conn7,20251106111653_TOP.png,PARTIAL OCCLUSION,0.4057912230491638,0.2619952261447906,0.4551613926887512,0.2590717077255249,20251106111653
20251106111729_TOP,conn7,20251106111729_TOP.png,OK,0.374813050031662,0.2642806768417358,0.4654639661312103,0.2529435455799103,20251106111729
20251106111808_TOP,conn7,20251106111808_TOP.png,OK,0.3645166754722595,0.2694551944732666,0.3888425827026367,0.2437987923622131,20251106111808
20251106111842_TOP,conn7,20251106111842_TOP.png,OCCLUSION,0.4448277652263641,0.2713617086410522,0.4579341411590576,0.2675671279430389,20251106111842
20251106111918_TOP,conn7,20251106111918_TOP.png,OK,0.3822787404060364,0.2670118808746338,0.4203077852725982,0.2509964406490326,20251106111918
20251106111955_TOP,conn7,20251106111955_TOP.png,OK,0.3688804805278778,0.2625760734081268,0.4277895987033844,0.2728232145309448,20251106111955
20251106112032_TOP,conn7,20251106112032_TOP.png,OK,0.4147856831550598,0.2703134417533874,0.4036335051059723,0.2568709552288055,20251106112032
20251106112109_TOP,conn7,20251106112109_TOP.png,OK,0.3380959033966064,0.2517565786838531,0.4159743189811706,0.2619349062442779,20251106112109
20251106112144_TOP,conn7,20251106112144_TOP.png,OK,0.4044732749462127,0.2792116105556488,0.4061687290668487,0.2476669996976852,20251106112144
20251106112220_TOP,conn7,20251106112220_TOP.png,OK,0.4178248047828674,0.2854093313217163,0.4980299770832062,0.2670083343982696,20251106112220
20251106112255_TOP,conn7,20251106112255_TOP.png,OK,0.3731687366962433,0.2686330080032348,0.4044302999973297,0.2430716007947921,20251106112255
20251106112334_TOP,conn7,20251106112334_TOP.png,OK,0.4445928335189819,0.2885481417179107,0.5104474425315857,0.2718937993049621,20251106112334
20251106112409_TOP,conn7,20251106112409_TOP.png,PARTIAL OCCLUSION,0.3469504714012146,0.2605524957180023,0.3402634859085083,0.2553199231624603,20251106112409
20251106112445_TOP,conn7,20251106112445_TOP.png,OK,0.3659809529781341,0.2552769780158996,0.4466756284236908,0.2524784803390503,20251106112445
20251106112523_TOP,conn7,20251106112523_TOP.png,OK,0.3706603944301605,0.2634621262550354,0.4063380360603332,0.2408287972211837,20251106112523
20251106112559_TOP,conn7,20251106112559_TOP.png,OK,0.381083995103836,0.2631949186325073,0.3941454887390136,0.2380899488925933,20251106112559
20251106112633_TOP,conn7,20251106112633_TOP.png,OK,0.3579280376434326,0.2511551082134247,0.40677011013031,0.2439109086990356,20251106112633
20251106112712_TOP,conn7,20251106112712_TOP.png,OK,0.3574629127979278,0.2612430155277252,0.3760309517383575,0.2270714044570922,20251106112712
20251106112748_TOP,conn7,20251106112748_TOP.png,OK,0.4033343195915222,0.2833086252212524,0.4791405498981476,0.2731348276138305,20251106112748
20251106112823_TOP,conn7,20251106112823_TOP.png,OK,0.3933630883693695,0.2832450568675995,0.4599353373050689,0.2710129022598266,20251106112823
20251106112900_TOP,conn7,20251106112900_TOP.png,PARTIAL OCCLUSION,0.3590587675571441,0.2675119340419769,0.4016778171062469,0.2675968706607818,20251106112900
20251106112937_TOP,conn7,20251106112937_TOP.png,OK,0.3646919429302215,0.2513057589530945,0.4117023944854736,0.2362183928489685,20251106112937
20251106113014_TOP,conn7,20251106113014_TOP.png,OK,0.3666312992572784,0.2624785006046295,0.4330461323261261,0.2423797696828842,20251106113014
20251106113049_TOP,conn7,20251106113049_TOP.png,PARTIAL OCCLUSION,0.444900780916214,0.2767357230186462,0.3841174840927124,0.2688385844230652,20251106113049
20251106113126_TOP,conn7,20251106113126_TOP.png,PARTIAL OCCLUSION,0.3657840490341186,0.2427800446748733,0.4034339487552643,0.2602695822715759,20251106113126
20251106113202_TOP,conn7,20251106113202_TOP.png,OK,0.3883161544799804,0.2708309590816498,0.4349538683891296,0.2758910953998565,20251106113202
20251106113240_TOP,conn7,20251106113240_TOP.png,OCCLUSION,0.4138059914112091,0.2750085890293121,0.4326216280460357,0.2810642719268799,20251106113240
20251106113316_TOP,conn7,20251106113316_TOP.png,PARTIAL OCCLUSION,0.3673332333564758,0.2667906880378723,0.4394347071647644,0.2726335823535919,20251106113316
20251106113351_TOP,conn7,20251106113351_TOP.png,OK,0.3694478571414947,0.2611996233463287,0.410545140504837,0.2555418610572815,20251106113351
20251106113428_TOP,conn7,20251106113428_TOP.png,OK,0.3954075276851654,0.2651567161083221,0.404438704252243,0.2330509275197982,20251106113428
20251106130408_TOP,conn7,20251106130408_TOP.png,OCCLUSION,0.380637526512146,0.2609432339668274,0.380319744348526,0.2361980378627777,20251106130408
20251106130444_TOP,conn7,20251106130444_TOP.png,OK,0.3891383409500122,0.2735635638236999,0.3968188166618347,0.2499018758535385,20251106130444
20251106130521_TOP,conn7,20251106130521_TOP.png,OCCLUSION,0.3714433312416076,0.2544787526130676,0.4695615470409393,0.2391690760850906,20251106130521
20251106130557_TOP,conn7,20251106130557_TOP.png,OK,0.3988551199436188,0.2716441452503204,0.4455873668193817,0.2623984515666961,20251106130557
20251106130633_TOP,conn7,20251106130633_TOP.png,OK,0.3880032002925873,0.2625770270824432,0.4131325483322143,0.2507807910442352,20251106130633
20251106130711_TOP,conn7,20251106130711_TOP.png,OK,0.4347539246082306,0.2734932005405426,0.4825189411640167,0.2413957417011261,20251106130711
20251106130747_TOP,conn7,20251106130747_TOP.png,OK,0.3546342849731445,0.2526136934757232,0.3977158069610595,0.245823249220848,20251106130747
20251106130824_TOP,conn7,20251106130824_TOP.png,PARTIAL OCCLUSION,0.4120411276817322,0.2709365785121918,0.4706135094165802,0.25376096367836,20251106130824
20251106130903_TOP,conn7,20251106130903_TOP.png,OK,0.3758816123008728,0.258703202009201,0.3848342597484588,0.2435971051454544,20251106130903
20251106130936_TOP,conn7,20251106130936_TOP.png,OK,0.3778518438339233,0.2646354436874389,0.3886513710021972,0.2395841926336288,20251106130936
20251106131013_TOP,conn7,20251106131013_TOP.png,OK,0.4050493836402893,0.2644810378551483,0.4356150031089782,0.242438405752182,20251106131013
20251106131049_TOP,conn7,20251106131049_TOP.png,OK,0.3614602982997894,0.2675912082195282,0.4609940648078918,0.2755048274993896,20251106131049
20251106131124_TOP,conn7,20251106131124_TOP.png,PARTIAL OCCLUSION,0.4138135313987732,0.2674472033977508,0.5073875188827515,0.2720977365970611,20251106131124
20251106131202_TOP,conn7,20251106131202_TOP.png,OK,0.3666205108165741,0.2606015205383301,0.378276377916336,0.2413597553968429,20251106131202
20251106131240_TOP,conn7,20251106131240_TOP.png,OK,0.374286413192749,0.2617700695991516,0.4012036025524139,0.2607998549938202,20251106131240
20251106131314_TOP,conn7,20251106131314_TOP.png,PARTIAL OCCLUSION,0.4200790524482727,0.2679974138736725,0.4253807067871094,0.2662400007247925,20251106131314
20251106131351_TOP,conn7,20251106131351_TOP.png,OK,0.3690347075462341,0.2586908340454101,0.4258186817169189,0.2602086365222931,20251106131351
20251106131428_TOP,conn7,20251106131428_TOP.png,OK,0.3808096945285797,0.2694372236728668,0.4656584858894348,0.2749778032302856,20251106131428
20251106131503_TOP,conn7,20251106131503_TOP.png,OK,0.3781161606311798,0.2685284614562988,0.3990036249160766,0.2447344809770584,20251106131503
20251106131541_TOP,conn7,20251106131541_TOP.png,PARTIAL OCCLUSION,0.463310569524765,0.2837505638599396,0.5537127256393433,0.2895155251026153,20251106131541
20251106131615_TOP,conn7,20251106131615_TOP.png,OK,0.3872489929199219,0.2774417400360107,0.4084276854991913,0.2800275683403015,20251106131615
20251106131652_TOP,conn7,20251106131652_TOP.png,OK,0.3982200920581817,0.2795636355876922,0.4783589541912079,0.2619581818580627,20251106131652
20251106131729_TOP,conn7,20251106131729_TOP.png,OK,0.3807393014431,0.2650032937526703,0.4731680750846863,0.2567178905010223,20251106131729
20251106131805_TOP,conn7,20251106131805_TOP.png,OK,0.3663116991519928,0.2622503638267517,0.396982192993164,0.2514467537403106,20251106131805
20251106131841_TOP,conn7,20251106131841_TOP.png,OK,0.3919618725776672,0.2661624252796173,0.4356335401535034,0.2557134628295898,20251106131841
20251106131917_TOP,conn7,20251106131917_TOP.png,OK,0.39089435338974,0.2689479291439056,0.4156079888343811,0.2652580440044403,20251106131917
20251106131952_TOP,conn7,20251106131952_TOP.png,OK,0.38237264752388,0.2686612010002136,0.4827530682086944,0.2527225911617279,20251106131952
20251106132030_TOP,conn7,20251106132030_TOP.png,OK,0.3948112428188324,0.2674363851547241,0.4288811683654785,0.2499638646841049,20251106132030
20251106132107_TOP,conn7,20251106132107_TOP.png,OK,0.3776097297668457,0.2623571753501892,0.424682468175888,0.2635857760906219,20251106132107
20251106132144_TOP,conn7,20251106132144_TOP.png,OK,0.3690878450870514,0.262361466884613,0.4247759580612182,0.2453939616680145,20251106132144
20251106132219_TOP,conn7,20251106132219_TOP.png,OK,0.3808215260505676,0.2586769461631775,0.399074375629425,0.2381956577301025,20251106132219
20251106132256_TOP,conn7,20251106132256_TOP.png,OK,0.3724474012851715,0.2621292769908905,0.421757310628891,0.2498986423015594,20251106132256
20251106132332_TOP,conn7,20251106132332_TOP.png,OK,0.3490119576454162,0.2544983327388763,0.3486936688423157,0.2336359918117523,20251106132332
20251106132408_TOP,conn7,20251106132408_TOP.png,OK,0.386807918548584,0.2682989537715912,0.4291877448558807,0.2567534446716308,20251106132408
20251106132445_TOP,conn7,20251106132445_TOP.png,OK,0.3788590431213379,0.2651476860046386,0.4134584963321686,0.2520987093448639,20251106132445
20251106132520_TOP,conn7,20251106132520_TOP.png,OK,0.3699621260166168,0.2573997974395752,0.4177506566047668,0.2575782239437103,20251106132520
20251106132557_TOP,conn7,20251106132557_TOP.png,OK,0.3848654329776764,0.2677717804908752,0.4463108777999878,0.2517664134502411,20251106132557
20251106132635_TOP,conn7,20251106132635_TOP.png,OK,0.3717575073242187,0.2640067636966705,0.3978193998336792,0.2542329132556915,20251106132635
20251106132710_TOP,conn7,20251106132710_TOP.png,OK,0.393756091594696,0.288161963224411,0.4099555909633636,0.2745749950408935,20251106132710
20251106132747_TOP,conn7,20251106132747_TOP.png,OK,0.3822506666183471,0.264158695936203,0.4080595970153808,0.2610022723674774,20251106132747
20251106132824_TOP,conn7,20251106132824_TOP.png,PARTIAL OCCLUSION,0.3357625603675842,0.2553029358386993,0.3422419428825378,0.2489827573299408,20251106132824
20251106132900_TOP,conn7,20251106132900_TOP.png,OK,0.3820713460445404,0.2707186639308929,0.4458982050418854,0.245441198348999,20251106132900
20251106132935_TOP,conn7,20251106132935_TOP.png,OK,0.3785552680492401,0.2590110599994659,0.4280009865760803,0.2491946369409561,20251106132935
20251106133012_TOP,conn7,20251106133012_TOP.png,OK,0.3896183967590332,0.2650074064731598,0.4434968531131744,0.2652699649333954,20251106133012
20251106133048_TOP,conn7,20251106133048_TOP.png,OK,0.392945259809494,0.267182856798172,0.4365095496177673,0.2578605115413666,20251106133048
20251106133124_TOP,conn7,20251106133124_TOP.png,OK,0.3654015362262726,0.2573200464248657,0.4171577394008636,0.2472611963748932,20251106133124
20251106133202_TOP,conn7,20251106133202_TOP.png,OK,0.3873026669025421,0.2573967576026916,0.4231461882591247,0.245374321937561,20251106133202
20251106133238_TOP,conn7,20251106133238_TOP.png,OK,0.3763477504253387,0.2612814903259277,0.4476618766784668,0.2353294193744659,20251106133238
20251106135917_TOP,conn7,20251106135917_TOP.png,OK,0.3582239151000976,0.2596352994441986,0.3760385513305664,0.2484082579612732,20251106135917
20251106135955_TOP,conn7,20251106135955_TOP.png,OK,0.3303740620613098,0.2447430491447448,0.3617714643478393,0.2264521867036819,20251106135955
20251106140029_TOP,conn7,20251106140029_TOP.png,OK,0.3496848046779632,0.2520004212856293,0.3800392746925354,0.2510175704956054,20251106140029
20251106140108_TOP,conn7,20251106140108_TOP.png,PARTIAL OCCLUSION,0.3933835029602051,0.2491993606090545,0.4106116592884063,0.2668119370937347,20251106140108
20251106140143_TOP,conn7,20251106140143_TOP.png,OK,0.3595767021179199,0.2611038386821747,0.4081724882125854,0.259924978017807,20251106140143
20251106140220_TOP,conn7,20251106140220_TOP.png,OK,0.420177161693573,0.2815410494804382,0.4974159300327301,0.2745904624462127,20251106140220
20251106140254_TOP,conn7,20251106140254_TOP.png,OK,0.3870076239109039,0.2693109512329101,0.4064416289329529,0.2574037313461303,20251106140254
20251106140333_TOP,conn7,20251106140333_TOP.png,OK,0.4212042987346649,0.287686824798584,0.4540294110774994,0.2709323465824127,20251106140333
20251106140408_TOP,conn7,20251106140408_TOP.png,OK,0.3768098652362823,0.2614739239215851,0.3763147592544555,0.2403014898300171,20251106140408
20251106140444_TOP,conn7,20251106140444_TOP.png,OK,0.3321121335029602,0.2480541765689849,0.397437036037445,0.2451410740613937,20251106140444
20251106140521_TOP,conn7,20251106140521_TOP.png,OK,0.3811181485652923,0.262817770242691,0.3884231150150299,0.2432039827108383,20251106140521
20251106140557_TOP,conn7,20251106140557_TOP.png,PARTIAL OCCLUSION,0.3262794315814972,0.2523821890354156,0.3218381702899933,0.2255038172006607,20251106140557
20251106140634_TOP,conn7,20251106140634_TOP.png,OK,0.3776944279670715,0.2680252194404602,0.4538457691669464,0.2599712312221527,20251106140634
20251106140711_TOP,conn7,20251106140711_TOP.png,PARTIAL OCCLUSION,0.4198389053344726,0.2688937485218048,0.4875960350036621,0.2353887557983398,20251106140711
20251106140748_TOP,conn7,20251106140748_TOP.png,OK,0.3579332530498504,0.255941241979599,0.3772496879100799,0.2412749081850052,20251106140748
20251106140823_TOP,conn7,20251106140823_TOP.png,OK,0.3927307426929474,0.2738610208034515,0.4281753599643707,0.2494793832302093,20251106140823
20251106140859_TOP,conn7,20251106140859_TOP.png,PARTIAL OCCLUSION,0.3834075629711151,0.2465900927782058,0.3668553233146667,0.2278948724269867,20251106140859
20251106140934_TOP,conn7,20251106140934_TOP.png,OK,0.382256269454956,0.2686434686183929,0.5078995823860168,0.2464314550161361,20251106140934
20251106141010_TOP,conn7,20251106141010_TOP.png,OK,0.3788067400455475,0.2720278203487396,0.4557223618030548,0.2794392704963684,20251106141010
20251106141048_TOP,conn7,20251106141048_TOP.png,OK,0.3283794522285461,0.2443487495183944,0.3863545358181,0.2406349629163742,20251106141048
20251106141123_TOP,conn7,20251106141123_TOP.png,OK,0.382852554321289,0.2642692029476166,0.4394633173942566,0.2414007931947708,20251106141123
20251106141200_TOP,conn7,20251106141200_TOP.png,OK,0.3886019587516784,0.2775269746780395,0.4902222156524658,0.2617470324039459,20251106141200
20251106141239_TOP,conn7,20251106141239_TOP.png,OK,0.3343107998371124,0.2560332715511322,0.3481200635433197,0.2479594945907592,20251106141239
20251106141313_TOP,conn7,20251106141313_TOP.png,OK,0.3487240672111511,0.2618965208530426,0.3970756828784942,0.2459751516580581,20251106141313
20251106141351_TOP,conn7,20251106141351_TOP.png,OK,0.34042489528656,0.2470504343509674,0.3940064609050751,0.2271368503570556,20251106141351
20251106141426_TOP,conn7,20251106141426_TOP.png,OK,0.4113383293151855,0.2770700454711914,0.4208560585975647,0.2610839605331421,20251106141426
20251106141502_TOP,conn7,20251106141502_TOP.png,OK,0.3706920742988586,0.2555141150951385,0.4791776239871979,0.2342745214700698,20251106141502
20251106141538_TOP,conn7,20251106141538_TOP.png,OK,0.3527772128582001,0.2567655146121979,0.3648061454296112,0.249267965555191,20251106141538
20251106141615_TOP,conn7,20251106141615_TOP.png,OK,0.3340396285057068,0.2424037158489227,0.3524467647075653,0.2142266184091568,20251106141615
20251106141652_TOP,conn7,20251106141652_TOP.png,OK,0.3607046902179718,0.2607529759407043,0.4066142737865448,0.2436286211013794,20251106141652
20251106141729_TOP,conn7,20251106141729_TOP.png,OK,0.4050270915031433,0.2599504590034485,0.4113014936447143,0.2695663869380951,20251106141729
20251106141804_TOP,conn7,20251106141804_TOP.png,OK,0.3989431262016296,0.2721401751041412,0.3899434208869934,0.2377997040748596,20251106141804
20251106141840_TOP,conn7,20251106141840_TOP.png,OK,0.3708085119724273,0.2606893479824066,0.4449649453163147,0.2568758726119995,20251106141840
20251106141916_TOP,conn7,20251106141916_TOP.png,OCCLUSION,0.4191403388977051,0.2695569694042206,0.4770686030387878,0.2349569499492645,20251106141916
20251106141954_TOP,conn7,20251106141954_TOP.png,OCCLUSION,0.3878231942653656,0.2749933004379272,0.3717471957206726,0.2691484689712524,20251106141954
20251106142030_TOP,conn7,20251106142030_TOP.png,PARTIAL OCCLUSION,0.3335381150245666,0.2439252734184265,0.3546400666236877,0.2455625832080841,20251106142030
20251106142106_TOP,conn7,20251106142106_TOP.png,OK,0.4208740592002868,0.2794075608253479,0.4221582412719726,0.274199366569519,20251106142106
20251106142143_TOP,conn7,20251106142143_TOP.png,OCCLUSION,0.3962792158126831,0.2698252201080322,0.4478345513343811,0.2229913920164108,20251106142143
20251106142218_TOP,conn7,20251106142218_TOP.png,OK,0.3722088634967804,0.2634860277175903,0.3744272589683532,0.2503924965858459,20251106142218
20251106142255_TOP,conn7,20251106142255_TOP.png,PARTIAL OCCLUSION,0.3716092407703399,0.2566145062446594,0.3625277876853943,0.2530732452869415,20251106142255
20251106142332_TOP,conn7,20251106142332_TOP.png,OK,0.3441122472286224,0.2462483942508697,0.365848034620285,0.2340492904186248,20251106142332
20251106142408_TOP,conn7,20251106142408_TOP.png,PARTIAL OCCLUSION,0.3601657152175903,0.2623619139194488,0.3915613889694214,0.256662517786026,20251106142408
20251106142445_TOP,conn7,20251106142445_TOP.png,OK,0.3811106383800506,0.2683043181896209,0.3531399667263031,0.2380101531744003,20251106142445
20251106142521_TOP,conn7,20251106142521_TOP.png,PARTIAL OCCLUSION,0.3810174167156219,0.2641164064407348,0.4513038694858551,0.2791341841220855,20251106142521
20251106142557_TOP,conn7,20251106142557_TOP.png,OK,0.3441073894500732,0.2493036836385727,0.3764444887638092,0.2266212105751037,20251106142557
20251106142633_TOP,conn7,20251106142633_TOP.png,OK,0.3478111326694488,0.2586387395858764,0.3642089664936065,0.2358662337064743,20251106142633
20251106142709_TOP,conn7,20251106142709_TOP.png,OK,0.358617752790451,0.2551151514053345,0.4521839916706085,0.2215219289064407,20251106142709
20251106142745_TOP,conn7,20251106142745_TOP.png,OCCLUSION,0.4828248918056488,0.2713771462440491,0.4656171798706054,0.2654202878475189,20251106142745
20251106164243_TOP,conn7,20251106164243_TOP.png,OK,0.3847275972366333,0.2666018903255462,0.3862837851047516,0.2622632384300232,20251106164243
20251106164318_TOP,conn7,20251106164318_TOP.png,OK,0.3723151981830597,0.2608430385589599,0.4152230322360992,0.2474017739295959,20251106164318
20251106164354_TOP,conn7,20251106164354_TOP.png,OK,0.3623486757278442,0.2482941299676895,0.4341427683830261,0.2272183299064636,20251106164354
20251106164433_TOP,conn7,20251106164433_TOP.png,OK,0.366794615983963,0.2652117013931274,0.3800106346607208,0.2600958049297333,20251106164433
20251106164507_TOP,conn7,20251106164507_TOP.png,OCCLUSION,0.393065482378006,0.2599874436855316,0.3953103125095367,0.2588604092597961,20251106164507
20251106164545_TOP,conn7,20251106164545_TOP.png,OK,0.3878765404224396,0.2588873505592346,0.3541784584522247,0.246855691075325,20251106164545
20251106164620_TOP,conn7,20251106164620_TOP.png,OK,0.3833929598331451,0.2714396715164184,0.403893768787384,0.2599798738956451,20251106164620
20251106164656_TOP,conn7,20251106164656_TOP.png,OK,0.3732990324497223,0.250568687915802,0.3749941289424896,0.2496494352817535,20251106164656
20251106164732_TOP,conn7,20251106164732_TOP.png,PARTIAL OCCLUSION,0.3555833399295807,0.260013222694397,0.4181566536426544,0.2479714006185531,20251106164732
20251106164808_TOP,conn7,20251106164808_TOP.png,OK,0.3592279851436615,0.2525153458118438,0.3910644650459289,0.234355017542839,20251106164808
20251106164844_TOP,conn7,20251106164844_TOP.png,KO,0.3546938896179199,0.2429364472627639,0.4632875621318817,0.2520911991596222,20251106164844
20251106164921_TOP,conn7,20251106164921_TOP.png,OK,0.3540149927139282,0.2519682645797729,0.3828136920928955,0.2122391015291214,20251106164921
20251106164957_TOP,conn7,20251106164957_TOP.png,PARTIAL OCCLUSION,0.4190913438796997,0.2843829691410064,0.4772446453571319,0.2880890369415283,20251106164957
20251106165034_TOP,conn7,20251106165034_TOP.png,OK,0.3347760736942291,0.2471705079078674,0.3491425812244415,0.2479439079761505,20251106165034
20251106165110_TOP,conn7,20251106165110_TOP.png,OK,0.4319807589054107,0.2749503850936889,0.4772917628288269,0.2679066956043243,20251106165110
20251106165146_TOP,conn7,20251106165146_TOP.png,OK,0.3824501931667328,0.2698083221912384,0.4279361367225647,0.2415021806955337,20251106165146
20251106165224_TOP,conn7,20251106165224_TOP.png,OK,0.3889774680137634,0.272826224565506,0.3796476423740387,0.2559153139591217,20251106165224
20251106165259_TOP,conn7,20251106165259_TOP.png,OK,0.3683848977088928,0.2636206746101379,0.447977751493454,0.2628643214702606,20251106165259
20251106165335_TOP,conn7,20251106165335_TOP.png,OCCLUSION,0.4304230511188507,0.2879899144172668,0.4370173811912536,0.2959549725055694,20251106165335
20251106165411_TOP,conn7,20251106165411_TOP.png,OK,0.3729139268398285,0.2602479457855224,0.4297183752059936,0.2370628267526626,20251106165411
20251106165448_TOP,conn7,20251106165448_TOP.png,OK,0.381027489900589,0.2643254995346069,0.4357346594333648,0.2287012338638305,20251106165448
20251106165523_TOP,conn7,20251106165523_TOP.png,OK,0.380877137184143,0.2686692178249359,0.4750556051731109,0.2373456209897995,20251106165523
20251106165601_TOP,conn7,20251106165601_TOP.png,OCCLUSION,0.4786965847015381,0.2734520435333252,0.356578916311264,0.2066966593265533,20251106165601
20251106165638_TOP,conn7,20251106165638_TOP.png,PARTIAL OCCLUSION,0.4588430821895599,0.2698423862457275,0.4210144579410553,0.2676839530467987,20251106165638
20251106165714_TOP,conn7,20251106165714_TOP.png,OK,0.3738895952701568,0.256840169429779,0.3918401896953583,0.2319069653749466,20251106165714
20251106165750_TOP,conn7,20251106165750_TOP.png,OK,0.3726149201393127,0.2684105932712555,0.4308991730213165,0.2737978398799896,20251106165750
20251106165826_TOP,conn7,20251106165826_TOP.png,OK,0.3736500144004822,0.2633316218852997,0.4414376020431518,0.2714274227619171,20251106165826
20251106165901_TOP,conn7,20251106165901_TOP.png,OK,0.3762571215629577,0.2614708542823791,0.4429991543292999,0.2659326195716858,20251106165901
20251106165939_TOP,conn7,20251106165939_TOP.png,PARTIAL OCCLUSION,0.4552713930606842,0.2703038454055786,0.4626171290874481,0.2657496929168701,20251106165939
20251106110559_TOP,conn8,20251106110559_TOP.png,OK,0.3789327442646026,0.270121306180954,0.4429072439670563,0.2630885243415832,20251106110559
20251106110633_TOP,conn8,20251106110633_TOP.png,OK,0.390567272901535,0.2620308995246887,0.4621450304985046,0.2692291140556335,20251106110633
20251106110712_TOP,conn8,20251106110712_TOP.png,OK,0.3950845599174499,0.2734406292438507,0.4433130621910095,0.2645391821861267,20251106110712
20251106110746_TOP,conn8,20251106110746_TOP.png,OK,0.3667111098766327,0.2624935507774353,0.4449049234390259,0.2582395672798157,20251106110746
20251106110824_TOP,conn8,20251106110824_TOP.png,OK,0.4139375686645508,0.2661267220973968,0.4473203420639038,0.2557627856731415,20251106110824
20251106110900_TOP,conn8,20251106110900_TOP.png,OK,0.3853277564048767,0.2713640332221985,0.4758466482162475,0.2621015310287475,20251106110900
20251106110939_TOP,conn8,20251106110939_TOP.png,OK,0.3714764714241028,0.2669886648654938,0.4473279416561126,0.2648710608482361,20251106110939
20251106111015_TOP,conn8,20251106111015_TOP.png,OK,0.3471649885177612,0.2531462907791137,0.4215274453163147,0.2516528367996216,20251106111015
20251106111050_TOP,conn8,20251106111050_TOP.png,OK,0.3679732084274292,0.269067645072937,0.4422192573547363,0.262133777141571,20251106111050
20251106111126_TOP,conn8,20251106111126_TOP.png,OK,0.3702693581581116,0.2660861015319824,0.4481439292430877,0.2595239281654358,20251106111126
20251106111204_TOP,conn8,20251106111204_TOP.png,OK,0.3808930516242981,0.2857660055160522,0.5062762498855591,0.278614193201065,20251106111204
20251106111239_TOP,conn8,20251106111239_TOP.png,OK,0.3844894766807556,0.2762118279933929,0.4425209462642669,0.2607682943344116,20251106111239
20251106111316_TOP,conn8,20251106111316_TOP.png,OK,0.3718166649341583,0.2687179148197174,0.4304231107234955,0.2546681463718414,20251106111316
20251106111352_TOP,conn8,20251106111352_TOP.png,OK,0.3847227990627289,0.284219354391098,0.4317523539066314,0.2687829434871673,20251106111352
20251106111429_TOP,conn8,20251106111429_TOP.png,OK,0.3861244618892669,0.2757641673088074,0.4498887956142425,0.2561416029930115,20251106111429
20251106111505_TOP,conn8,20251106111505_TOP.png,OK,0.3579545021057129,0.2658097743988037,0.4229597449302673,0.2601880431175232,20251106111505
20251106111542_TOP,conn8,20251106111542_TOP.png,OK,0.3553579747676849,0.2682467401027679,0.4301865100860595,0.2616555094718933,20251106111542
20251106111617_TOP,conn8,20251106111617_TOP.png,OK,0.3699782192707062,0.274238646030426,0.4630663096904754,0.2648716866970062,20251106111617
20251106111653_TOP,conn8,20251106111653_TOP.png,OK,0.3519969880580902,0.2621611356735229,0.4136169850826263,0.2610262632369995,20251106111653
20251106111729_TOP,conn8,20251106111729_TOP.png,OK,0.3705665469169616,0.265384703874588,0.4453585147857666,0.2711667120456695,20251106111729
20251106111808_TOP,conn8,20251106111808_TOP.png,OK,0.3484195470809936,0.263315737247467,0.4442994296550751,0.2552540898323059,20251106111808
20251106111842_TOP,conn8,20251106111842_TOP.png,OK,0.3955773115158081,0.264019101858139,0.4264006316661834,0.2662632167339325,20251106111842
20251106111918_TOP,conn8,20251106111918_TOP.png,OK,0.3803723156452179,0.2702463269233703,0.4501068890094757,0.2675396502017975,20251106111918
20251106111955_TOP,conn8,20251106111955_TOP.png,OK,0.3660069108009338,0.2590265572071075,0.4271080791950226,0.2457877397537231,20251106111955
20251106112032_TOP,conn8,20251106112032_TOP.png,OK,0.4000226855278015,0.2929370999336242,0.5028647184371948,0.296078473329544,20251106112032
20251106112109_TOP,conn8,20251106112109_TOP.png,OK,0.3819492161273956,0.2624848484992981,0.4633592963218689,0.2643562853336334,20251106112109
20251106112144_TOP,conn8,20251106112144_TOP.png,OK,0.3595642447471618,0.2632144391536712,0.4401488900184631,0.2644147276878357,20251106112144
20251106112220_TOP,conn8,20251106112220_TOP.png,OK,0.3651133477687835,0.2617180943489074,0.4255629181861877,0.2480806112289428,20251106112220
20251106112255_TOP,conn8,20251106112255_TOP.png,OK,0.3580608963966369,0.26132532954216,0.4470469057559967,0.2477247416973114,20251106112255
20251106112334_TOP,conn8,20251106112334_TOP.png,OK,0.3890227079391479,0.2726611196994781,0.460919976234436,0.2679740786552429,20251106112334
20251106112409_TOP,conn8,20251106112409_TOP.png,OK,0.39898481965065,0.2614659965038299,0.3974304795265198,0.2557052969932556,20251106112409
20251106112445_TOP,conn8,20251106112445_TOP.png,OK,0.3809115588665008,0.2741565406322479,0.4630652666091919,0.2707938253879547,20251106112445
20251106112523_TOP,conn8,20251106112523_TOP.png,OK,0.3702286779880523,0.2628968954086303,0.4323925673961639,0.2509533762931824,20251106112523
20251106112559_TOP,conn8,20251106112559_TOP.png,OK,0.4044567048549652,0.2792315781116485,0.4577004313468933,0.2654373943805694,20251106112559
20251106112633_TOP,conn8,20251106112633_TOP.png,OK,0.3796792030334472,0.2668346464633941,0.4521295130252838,0.2576911151409149,20251106112633
20251106112712_TOP,conn8,20251106112712_TOP.png,OK,0.3684829175472259,0.2736617624759674,0.4247143566608429,0.2655945122241974,20251106112712
20251106112748_TOP,conn8,20251106112748_TOP.png,OK,0.3693159222602844,0.2715541422367096,0.4584546089172363,0.2663719654083252,20251106112748
20251106112823_TOP,conn8,20251106112823_TOP.png,OK,0.3776340186595917,0.2685511708259582,0.4569137394428253,0.2723110318183899,20251106112823
20251106112900_TOP,conn8,20251106112900_TOP.png,OK,0.3864005506038666,0.2712332904338836,0.4560966491699219,0.2624644339084625,20251106112900
20251106112937_TOP,conn8,20251106112937_TOP.png,OK,0.3613603711128235,0.2626459896564483,0.4530312716960907,0.2580989003181457,20251106112937
20251106113014_TOP,conn8,20251106113014_TOP.png,OK,0.3869088590145111,0.2718816101551056,0.455215573310852,0.2760533988475799,20251106113014
20251106113049_TOP,conn8,20251106113049_TOP.png,OCCLUSION,0.2848744988441467,0.2193567752838134,0.411346971988678,0.2467294186353683,20251106113049
20251106113126_TOP,conn8,20251106113126_TOP.png,OK,0.3684903383255005,0.2654718458652496,0.4502045810222626,0.2664951086044311,20251106113126
20251106113202_TOP,conn8,20251106113202_TOP.png,OK,0.3638215661048889,0.267880231142044,0.4363282024860382,0.2619886100292206,20251106113202
20251106113240_TOP,conn8,20251106113240_TOP.png,OK,0.3653751611709595,0.2662219703197479,0.4333702325820923,0.2666923999786377,20251106113240
20251106113316_TOP,conn8,20251106113316_TOP.png,OK,0.367672860622406,0.2633935809135437,0.4578881859779358,0.2632498443126678,20251106113316
20251106113351_TOP,conn8,20251106113351_TOP.png,OK,0.367654800415039,0.2664807438850403,0.4567097723484039,0.2501331865787506,20251106113351
20251106113428_TOP,conn8,20251106113428_TOP.png,OK,0.3634909093379974,0.2656157612800598,0.4399133920669555,0.2570657134056091,20251106113428
20251106130408_TOP,conn8,20251106130408_TOP.png,OK,0.3299399316310882,0.2588712871074676,0.4139479398727417,0.2578430771827698,20251106130408
20251106130444_TOP,conn8,20251106130444_TOP.png,OK,0.3863288462162018,0.2674978971481323,0.4576830863952636,0.2653619945049286,20251106130444
20251106130521_TOP,conn8,20251106130521_TOP.png,OK,0.3768186569213867,0.273408979177475,0.443917453289032,0.2663742303848266,20251106130521
20251106130557_TOP,conn8,20251106130557_TOP.png,OK,0.3789160549640655,0.2674882411956787,0.4504335224628448,0.2556014358997345,20251106130557
20251106130633_TOP,conn8,20251106130633_TOP.png,OK,0.3834039866924286,0.2688297629356384,0.4511431753635406,0.2605965435504913,20251106130633
20251106130711_TOP,conn8,20251106130711_TOP.png,OK,0.4066877961158752,0.270359992980957,0.475899875164032,0.2836634814739227,20251106130711
20251106130747_TOP,conn8,20251106130747_TOP.png,OK,0.3683902025222778,0.2678914666175842,0.4574400186538696,0.2633198499679565,20251106130747
20251106130824_TOP,conn8,20251106130824_TOP.png,OK,0.3479017317295074,0.2554959058761596,0.4109422564506531,0.256103903055191,20251106130824
20251106130903_TOP,conn8,20251106130903_TOP.png,OK,0.3794955909252167,0.2688425481319427,0.445001482963562,0.2565940618515014,20251106130903
20251106130936_TOP,conn8,20251106130936_TOP.png,OK,0.3601451814174652,0.265828400850296,0.4194841384887695,0.2514185309410095,20251106130936
20251106131013_TOP,conn8,20251106131013_TOP.png,OK,0.3768285512924194,0.2702452838420868,0.446958988904953,0.2594054639339447,20251106131013
20251106131049_TOP,conn8,20251106131049_TOP.png,OK,0.4091074168682098,0.2776962518692016,0.4778324067592621,0.2579491436481476,20251106131049
20251106131124_TOP,conn8,20251106131124_TOP.png,OK,0.3417222499847412,0.2545052766799927,0.4223683476448059,0.2458426505327224,20251106131124
20251106131202_TOP,conn8,20251106131202_TOP.png,OK,0.4065800607204437,0.2822863757610321,0.4902948439121246,0.2792836725711822,20251106131202
20251106131240_TOP,conn8,20251106131240_TOP.png,OK,0.378410130739212,0.2655096650123596,0.4536736309528351,0.2611740231513977,20251106131240
20251106131314_TOP,conn8,20251106131314_TOP.png,OK,0.3996165990829468,0.2801125347614288,0.4979155361652374,0.2677217721939087,20251106131314
20251106131351_TOP,conn8,20251106131351_TOP.png,OK,0.375030368566513,0.2710002660751343,0.4570982158184051,0.2612414956092834,20251106131351
20251106131428_TOP,conn8,20251106131428_TOP.png,OK,0.3681522607803345,0.2594344615936279,0.4332942962646484,0.2564107179641723,20251106131428
20251106131503_TOP,conn8,20251106131503_TOP.png,OK,0.372929185628891,0.2704598903656006,0.4610469341278076,0.274876058101654,20251106131503
20251106131541_TOP,conn8,20251106131541_TOP.png,OK,0.3763492107391357,0.2754133343696594,0.4433586299419403,0.2686561346054077,20251106131541
20251106131615_TOP,conn8,20251106131615_TOP.png,OCCLUSION,0.3526278436183929,0.2604333758354187,0.425651878118515,0.2837355136871338,20251106131615
20251106131652_TOP,conn8,20251106131652_TOP.png,OK,0.3673722445964813,0.2790846824645996,0.4576331675052643,0.2796741724014282,20251106131652
20251106131729_TOP,conn8,20251106131729_TOP.png,OK,0.4071373641490936,0.2815850973129272,0.4712610244750976,0.2774978280067444,20251106131729
20251106131805_TOP,conn8,20251106131805_TOP.png,OK,0.3613499701023102,0.262326180934906,0.430704116821289,0.2536811828613281,20251106131805
20251106131841_TOP,conn8,20251106131841_TOP.png,OK,0.3774721622467041,0.2752218246459961,0.4557830989360809,0.2653769850730896,20251106131841
20251106131917_TOP,conn8,20251106131917_TOP.png,OK,0.3531684875488281,0.2598765194416046,0.4034842550754547,0.2347852140665054,20251106131917
20251106131952_TOP,conn8,20251106131952_TOP.png,OK,0.3899865746498108,0.2732243239879608,0.4699946939945221,0.2617039382457733,20251106131952
20251106132030_TOP,conn8,20251106132030_TOP.png,OK,0.3787808120250702,0.2671060860157013,0.4593552350997925,0.2602740526199341,20251106132030
20251106132107_TOP,conn8,20251106132107_TOP.png,OK,0.3706714808940887,0.2638874053955078,0.4493082463741302,0.2603921890258789,20251106132107
20251106132144_TOP,conn8,20251106132144_TOP.png,OK,0.3658716380596161,0.2763879597187042,0.4579890966415405,0.2758185863494873,20251106132144
20251106132219_TOP,conn8,20251106132219_TOP.png,OK,0.3533220887184143,0.2756226062774658,0.4475449621677398,0.2762022614479065,20251106132219
20251106132256_TOP,conn8,20251106132256_TOP.png,OK,0.380579262971878,0.2777867317199707,0.4704537093639374,0.280573159456253,20251106132256
20251106132332_TOP,conn8,20251106132332_TOP.png,OK,0.3606273233890533,0.2626623809337616,0.4625660479068756,0.2590964138507843,20251106132332
20251106132408_TOP,conn8,20251106132408_TOP.png,OK,0.3707455098628998,0.2651254832744598,0.4457144141197204,0.264354795217514,20251106132408
20251106132445_TOP,conn8,20251106132445_TOP.png,OK,0.3666976690292358,0.2631523013114929,0.4507340788841247,0.2512334883213043,20251106132445
20251106132520_TOP,conn8,20251106132520_TOP.png,OK,0.3859612047672272,0.2662475705146789,0.4699057042598724,0.2561495304107666,20251106132520
20251106132557_TOP,conn8,20251106132557_TOP.png,OK,0.393884539604187,0.2707545757293701,0.46223184466362,0.2684260606765747,20251106132557
20251106132635_TOP,conn8,20251106132635_TOP.png,OK,0.373615562915802,0.2640909850597381,0.4691884815692901,0.2647342979907989,20251106132635
20251106132710_TOP,conn8,20251106132710_TOP.png,OK,0.3907594084739685,0.2617422640323639,0.4230747520923614,0.2489502429962158,20251106132710
20251106132747_TOP,conn8,20251106132747_TOP.png,OK,0.3809705376625061,0.2667436599731445,0.4447638392448425,0.258547306060791,20251106132747
20251106132824_TOP,conn8,20251106132824_TOP.png,OK,0.4377900660037994,0.2685136198997497,0.4245592057704925,0.2675211727619171,20251106132824
20251106132900_TOP,conn8,20251106132900_TOP.png,OK,0.3739275336265564,0.2643293738365173,0.4385537803173065,0.2467979788780212,20251106132900
20251106132935_TOP,conn8,20251106132935_TOP.png,OK,0.3708747625350952,0.2607109248638153,0.4409540295600891,0.2517067193984985,20251106132935
20251106133012_TOP,conn8,20251106133012_TOP.png,OK,0.3880012929439544,0.2654247283935547,0.4591968357563019,0.2642322182655334,20251106133012
20251106133048_TOP,conn8,20251106133048_TOP.png,OK,0.3733947277069092,0.2696561217308044,0.4528055787086487,0.262852281332016,20251106133048
20251106133124_TOP,conn8,20251106133124_TOP.png,OK,0.3948319554328918,0.2707796692848205,0.473341166973114,0.2659703493118286,20251106133124
20251106133202_TOP,conn8,20251106133202_TOP.png,OK,0.3866102993488312,0.2635172009468078,0.4584741294384002,0.2588845789432525,20251106133202
20251106133238_TOP,conn8,20251106133238_TOP.png,OK,0.3844661116600036,0.2787149846553802,0.460098534822464,0.2513662278652191,20251106133238
20251106135917_TOP,conn8,20251106135917_TOP.png,OK,0.3585624694824219,0.2553098797798157,0.4280607998371124,0.2482905983924865,20251106135917
20251106135955_TOP,conn8,20251106135955_TOP.png,OK,0.3783432841300964,0.2763092517852783,0.4635383486747741,0.2705852091312408,20251106135955
20251106140029_TOP,conn8,20251106140029_TOP.png,OK,0.3689318001270294,0.267882376909256,0.4447432160377502,0.2618115544319153,20251106140029
20251106140108_TOP,conn8,20251106140108_TOP.png,OK,0.3982004225254059,0.282107800245285,0.4412329196929931,0.2679157257080078,20251106140108
20251106140143_TOP,conn8,20251106140143_TOP.png,OK,0.380750834941864,0.269082635641098,0.4334494471549988,0.2522941529750824,20251106140143
20251106140220_TOP,conn8,20251106140220_TOP.png,OK,0.3670870959758758,0.2654556035995483,0.4471326172351837,0.2587406933307647,20251106140220
20251106140254_TOP,conn8,20251106140254_TOP.png,OK,0.3912730515003204,0.2749791145324707,0.4677420258522033,0.2626206576824188,20251106140254
20251106140333_TOP,conn8,20251106140333_TOP.png,OK,0.3617590367794037,0.2713593542575836,0.4203771948814392,0.2381888628005981,20251106140333
20251106140408_TOP,conn8,20251106140408_TOP.png,OK,0.3753339946269989,0.2727666199207306,0.4542096555233001,0.2690286934375763,20251106140408
20251106140444_TOP,conn8,20251106140444_TOP.png,OK,0.3465841114521026,0.2668540179729461,0.4202447831630707,0.2491356879472732,20251106140444
20251106140521_TOP,conn8,20251106140521_TOP.png,OK,0.3633114397525787,0.2709753513336181,0.4854964911937713,0.2384146749973297,20251106140521
20251106140557_TOP,conn8,20251106140557_TOP.png,OK,0.3526571989059448,0.2711347043514251,0.4122714698314667,0.2733425498008728,20251106140557
20251106140634_TOP,conn8,20251106140634_TOP.png,OK,0.3743833303451538,0.265529066324234,0.4470512270927429,0.2582954168319702,20251106140634
20251106140711_TOP,conn8,20251106140711_TOP.png,OK,0.4002909362316131,0.2750686705112457,0.4716863632202148,0.2730211019515991,20251106140711
20251106140748_TOP,conn8,20251106140748_TOP.png,OK,0.3576478362083435,0.2687680423259735,0.4452586472034454,0.2601495385169983,20251106140748
20251106140823_TOP,conn8,20251106140823_TOP.png,OK,0.3770961761474609,0.2768938839435577,0.4419382512569427,0.2603174448013305,20251106140823
20251106140859_TOP,conn8,20251106140859_TOP.png,OK,0.3981516361236572,0.2850942015647888,0.4301062226295471,0.2655355334281921,20251106140859
20251106140934_TOP,conn8,20251106140934_TOP.png,OK,0.3600792586803436,0.2687664031982422,0.4147845804691314,0.2593594789505005,20251106140934
20251106141010_TOP,conn8,20251106141010_TOP.png,OK,0.3609697818756103,0.2661878764629364,0.4397430717945099,0.2676701247692108,20251106141010
20251106141048_TOP,conn8,20251106141048_TOP.png,OK,0.3561662137508392,0.2723486125469208,0.4139674603939056,0.2581762969493866,20251106141048
20251106141123_TOP,conn8,20251106141123_TOP.png,OK,0.3458285927772522,0.2601274847984314,0.4181451201438904,0.2643619477748871,20251106141123
20251106141200_TOP,conn8,20251106141200_TOP.png,OK,0.3680373132228851,0.2667657732963562,0.4244116246700287,0.2515340745449066,20251106141200
20251106141239_TOP,conn8,20251106141239_TOP.png,OK,0.3467568457126617,0.2623518109321594,0.4129832983016968,0.2673681080341339,20251106141239
20251106141313_TOP,conn8,20251106141313_TOP.png,OK,0.3379147052764892,0.2693854570388794,0.4232972264289856,0.2792690694332123,20251106141313
20251106141351_TOP,conn8,20251106141351_TOP.png,OK,0.3302967846393585,0.2498744279146194,0.3833078444004059,0.2567487359046936,20251106141351
20251106141426_TOP,conn8,20251106141426_TOP.png,OK,0.3370525538921356,0.2563770413398742,0.4257072508335113,0.2661701738834381,20251106141426
20251106141502_TOP,conn8,20251106141502_TOP.png,OCCLUSION,0.4303488433361053,0.2879261672496795,0.5749091506004333,0.2227421998977661,20251106141502
20251106141538_TOP,conn8,20251106141538_TOP.png,OK,0.3483931720256805,0.2679616808891296,0.4385928511619568,0.2753763496875763,20251106141538
20251106141615_TOP,conn8,20251106141615_TOP.png,OK,0.3388075232505798,0.2622057497501373,0.4103160798549652,0.2435855269432068,20251106141615
20251106141652_TOP,conn8,20251106141652_TOP.png,OK,0.3416533172130584,0.2530696392059326,0.4193778336048126,0.2641199231147766,20251106141652
20251106141729_TOP,conn8,20251106141729_TOP.png,OK,0.344032883644104,0.2624593675136566,0.4084605872631073,0.2700373232364654,20251106141729
20251106141804_TOP,conn8,20251106141804_TOP.png,PARTIAL OCCLUSION,0.3063599169254303,0.2442381531000137,0.3601473867893219,0.2385839819908142,20251106141804
20251106141840_TOP,conn8,20251106141840_TOP.png,OK,0.3500570058822632,0.259290874004364,0.4156906306743622,0.2724834382534027,20251106141840
20251106141916_TOP,conn8,20251106141916_TOP.png,OK,0.3880771398544311,0.2887941300868988,0.3944844305515289,0.2740842401981354,20251106141916
20251106141954_TOP,conn8,20251106141954_TOP.png,OK,0.3525857329368591,0.265986680984497,0.4155929684638977,0.2639162242412567,20251106141954
20251106142030_TOP,conn8,20251106142030_TOP.png,OK,0.3370285034179687,0.2542367279529571,0.4115042984485626,0.260873794555664,20251106142030
20251106142106_TOP,conn8,20251106142106_TOP.png,OK,0.3696972131729126,0.2736682891845703,0.4196045994758606,0.26575967669487,20251106142106
20251106142143_TOP,conn8,20251106142143_TOP.png,OK,0.3225692808628082,0.2572167217731476,0.3706153631210327,0.2554150223731994,20251106142143
20251106142218_TOP,conn8,20251106142218_TOP.png,PARTIAL OCCLUSION,0.3501416444778442,0.2388137876987457,0.4142474234104156,0.2529872357845306,20251106142218
20251106142255_TOP,conn8,20251106142255_TOP.png,PARTIAL OCCLUSION,0.3948405385017395,0.2870905101299286,0.4949824810028076,0.2750377058982849,20251106142255
20251106142332_TOP,conn8,20251106142332_TOP.png,OK,0.3608326613903045,0.2661200165748596,0.4425871670246124,0.2657279670238495,20251106142332
20251106142408_TOP,conn8,20251106142408_TOP.png,OK,0.348002552986145,0.2657839357852936,0.4218691885471344,0.2674338519573211,20251106142408
20251106142445_TOP,conn8,20251106142445_TOP.png,OCCLUSION,0.415434181690216,0.2880709767341614,0.5011664628982544,0.2526245713233948,20251106142445
20251106142521_TOP,conn8,20251106142521_TOP.png,OK,0.3524694442749023,0.2588976621627807,0.3917478024959564,0.2559080421924591,20251106142521
20251106142557_TOP,conn8,20251106142557_TOP.png,OK,0.3466765880584717,0.2667911648750305,0.4411894977092743,0.2739653587341308,20251106142557
20251106142633_TOP,conn8,20251106142633_TOP.png,OK,0.3162093758583069,0.2506120502948761,0.4010373950004577,0.2543268203735351,20251106142633
20251106142709_TOP,conn8,20251106142709_TOP.png,OK,0.3649762272834778,0.2701062858104706,0.4427184164524078,0.2795579135417938,20251106142709
20251106142745_TOP,conn8,20251106142745_TOP.png,PARTIAL OCCLUSION,0.3669023215770721,0.2779633402824402,0.3931844830513,0.2578188478946686,20251106142745
20251106164243_TOP,conn8,20251106164243_TOP.png,OK,0.3603382706642151,0.267521321773529,0.4361947774887085,0.26968714594841,20251106164243
20251106164318_TOP,conn8,20251106164318_TOP.png,OK,0.3788224458694458,0.2748483717441559,0.4513992667198181,0.2703839242458343,20251106164318
20251106164354_TOP,conn8,20251106164354_TOP.png,OK,0.3594239056110382,0.2665397226810455,0.4806233048439026,0.2737774550914764,20251106164354
20251106164433_TOP,conn8,20251106164433_TOP.png,OK,0.3495001494884491,0.2623063921928406,0.405272513628006,0.2751341760158539,20251106164433
20251106164507_TOP,conn8,20251106164507_TOP.png,OK,0.3513273000717163,0.2683756351470947,0.4273858666419983,0.2749050855636596,20251106164507
20251106164545_TOP,conn8,20251106164545_TOP.png,OK,0.3535251021385193,0.2715409696102142,0.3935761749744415,0.2638609111309051,20251106164545
20251106164620_TOP,conn8,20251106164620_TOP.png,PARTIAL OCCLUSION,0.4132845103740692,0.267475813627243,0.4926332235336303,0.2711729705333709,20251106164620
20251106164656_TOP,conn8,20251106164656_TOP.png,OK,0.4158816933631897,0.2998650074005127,0.5273837447166443,0.2919218242168426,20251106164656
20251106164732_TOP,conn8,20251106164732_TOP.png,OK,0.3533866107463836,0.2661878764629364,0.436761200428009,0.2788898050785064,20251106164732
20251106164808_TOP,conn8,20251106164808_TOP.png,OK,0.3629673719406128,0.2658697962760925,0.4376173317432403,0.2748357355594635,20251106164808
20251106164844_TOP,conn8,20251106164844_TOP.png,PARTIAL OCCLUSION,0.3810355067253113,0.2801524698734283,0.4251115322113037,0.2745404839515686,20251106164844
20251106164921_TOP,conn8,20251106164921_TOP.png,OK,0.334861010313034,0.2615768015384674,0.4272849857807159,0.2684936821460724,20251106164921
20251106164957_TOP,conn8,20251106164957_TOP.png,OK,0.4046100080013275,0.2748922705650329,0.4555345773696899,0.2347491383552551,20251106164957
20251106165034_TOP,conn8,20251106165034_TOP.png,OK,0.3539630770683288,0.2679135799407959,0.441588819026947,0.2724950611591339,20251106165034
20251106165110_TOP,conn8,20251106165110_TOP.png,OK,0.3665302395820617,0.2744941115379333,0.4438718855381012,0.2738155126571655,20251106165110
20251106165146_TOP,conn8,20251106165146_TOP.png,OK,0.3661086559295654,0.2650060355663299,0.4336273968219757,0.2640798985958099,20251106165146
20251106165224_TOP,conn8,20251106165224_TOP.png,OK,0.3631616234779358,0.2674991190433502,0.4563972651958465,0.2663390338420868,20251106165224
20251106165259_TOP,conn8,20251106165259_TOP.png,OK,0.345127671957016,0.2588294148445129,0.4415562450885772,0.2693847119808197,20251106165259
20251106165335_TOP,conn8,20251106165335_TOP.png,OK,0.3626530468463897,0.2629784345626831,0.4009158611297607,0.2682203650474548,20251106165335
20251106165411_TOP,conn8,20251106165411_TOP.png,OK,0.3623750805854797,0.2635160982608795,0.4289429783821106,0.2612096965312958,20251106165411
20251106165448_TOP,conn8,20251106165448_TOP.png,OK,0.3537499010562897,0.2644061744213104,0.4393198490142822,0.2662874758243561,20251106165448
20251106165523_TOP,conn8,20251106165523_TOP.png,OK,0.362737238407135,0.2699940800666809,0.4459509551525116,0.2630150616168976,20251106165523
20251106165601_TOP,conn8,20251106165601_TOP.png,OK,0.3265763819217682,0.2613891363143921,0.42143514752388,0.2697170376777649,20251106165601
20251106165638_TOP,conn8,20251106165638_TOP.png,OK,0.3461296856403351,0.268163800239563,0.4005794525146484,0.2416441589593887,20251106165638
20251106165714_TOP,conn8,20251106165714_TOP.png,OK,0.3794868290424347,0.2746397852897644,0.4517183005809784,0.2713806927204132,20251106165714
20251106165750_TOP,conn8,20251106165750_TOP.png,OK,0.3612489402294159,0.2670124173164367,0.4124830067157745,0.2323675751686096,20251106165750
20251106165826_TOP,conn8,20251106165826_TOP.png,OK,0.3700871169567108,0.27076455950737,0.4368751347064972,0.2653414905071258,20251106165826
20251106165901_TOP,conn8,20251106165901_TOP.png,OK,0.3696220815181732,0.2723116278648376,0.4391006827354431,0.2547928392887115,20251106165901
20251106165939_TOP,conn8,20251106165939_TOP.png,OK,0.3834832906723022,0.2853573858737945,0.426577478647232,0.2680767774581909,20251106165939
20251106110559_TOP,conn9,20251106110559_TOP.png,OK,0.4825804233551025,0.3038419485092163,0.5884560346603394,0.2887706756591797,20251106110559
20251106110633_TOP,conn9,20251106110633_TOP.png,PARTIAL OCCLUSION,0.5507549047470093,0.2740629017353058,0.6297699213027954,0.30426225066185,20251106110633
20251106110712_TOP,conn9,20251106110712_TOP.png,OK,0.4721224904060364,0.305323451757431,0.5706077218055725,0.3087331652641296,20251106110712
20251106110746_TOP,conn9,20251106110746_TOP.png,OK,0.490537166595459,0.2969454824924469,0.6045805811882019,0.3029132783412933,20251106110746
20251106110824_TOP,conn9,20251106110824_TOP.png,OK,0.4937679469585418,0.2933435142040252,0.6098699569702148,0.3084916770458221,20251106110824
20251106110900_TOP,conn9,20251106110900_TOP.png,OK,0.4758982062339782,0.2914128601551056,0.5908766984939575,0.2867018282413482,20251106110900
20251106110939_TOP,conn9,20251106110939_TOP.png,OK,0.4826838672161102,0.3037358224391937,0.6011795401573181,0.3003195524215698,20251106110939
20251106111015_TOP,conn9,20251106111015_TOP.png,OK,0.4803512692451477,0.2905074059963226,0.5870168805122375,0.3054928779602051,20251106111015
20251106111050_TOP,conn9,20251106111050_TOP.png,OK,0.4828939735889435,0.2916467785835266,0.6001341938972473,0.289810836315155,20251106111050
20251106111126_TOP,conn9,20251106111126_TOP.png,OK,0.4827319383621216,0.2956029176712036,0.6061733961105347,0.2984312772750854,20251106111126
20251106111204_TOP,conn9,20251106111204_TOP.png,OK,0.4975193440914154,0.2967361807823181,0.6076429486274719,0.2826453149318695,20251106111204
20251106111239_TOP,conn9,20251106111239_TOP.png,OK,0.4843953251838684,0.2925955653190613,0.5943654775619507,0.2901555001735687,20251106111239
20251106111316_TOP,conn9,20251106111316_TOP.png,OK,0.4965156316757202,0.287613034248352,0.5796822905540466,0.2835221886634826,20251106111316
20251106111352_TOP,conn9,20251106111352_TOP.png,OK,0.4666816592216491,0.2822028994560241,0.5903042554855347,0.2793286442756653,20251106111352
20251106111429_TOP,conn9,20251106111429_TOP.png,OK,0.473564475774765,0.2926025688648224,0.5891194343566895,0.2916119992733001,20251106111429
20251106111505_TOP,conn9,20251106111505_TOP.png,OK,0.4808146357536316,0.2971653044223785,0.599456787109375,0.293448805809021,20251106111505
20251106111542_TOP,conn9,20251106111542_TOP.png,OK,0.4832217097282409,0.2945772409439087,0.5865299105644226,0.2885134220123291,20251106111542
20251106111617_TOP,conn9,20251106111617_TOP.png,OK,0.4686774611473083,0.3068031072616577,0.6018471717834473,0.309332013130188,20251106111617
20251106111653_TOP,conn9,20251106111653_TOP.png,OK,0.4985817670822143,0.3009041249752044,0.6134462952613831,0.3035527169704437,20251106111653
20251106111729_TOP,conn9,20251106111729_TOP.png,OK,0.4711273908615112,0.293593019247055,0.5947074294090271,0.2935518026351928,20251106111729
20251106111808_TOP,conn9,20251106111808_TOP.png,OK,0.4722298383712768,0.2937029302120209,0.5923928022384644,0.2991685569286346,20251106111808
20251106111842_TOP,conn9,20251106111842_TOP.png,OK,0.4838231205940246,0.2905333340167999,0.5461314916610718,0.2958643436431885,20251106111842
20251106111918_TOP,conn9,20251106111918_TOP.png,OK,0.5095009207725525,0.2933230996131897,0.6033361554145813,0.2981233298778534,20251106111918
20251106111955_TOP,conn9,20251106111955_TOP.png,OK,0.4749233722686767,0.2907647490501404,0.5903551578521729,0.28702312707901,20251106111955
20251106112032_TOP,conn9,20251106112032_TOP.png,OK,0.4985978305339813,0.3052253127098083,0.6030569672584534,0.3022537529468536,20251106112032
20251106112109_TOP,conn9,20251106112109_TOP.png,OK,0.4939291477203369,0.2979002594947815,0.6105560064315796,0.2898208498954773,20251106112109
20251106112144_TOP,conn9,20251106112144_TOP.png,OK,0.4822806715965271,0.2972078323364258,0.5865071415901184,0.292950302362442,20251106112144
20251106112220_TOP,conn9,20251106112220_TOP.png,OK,0.493773341178894,0.2870415449142456,0.5974559783935547,0.273181140422821,20251106112220
20251106112255_TOP,conn9,20251106112255_TOP.png,OK,0.4922854304313659,0.2961198091506958,0.6033783555030823,0.2830969989299774,20251106112255
20251106112334_TOP,conn9,20251106112334_TOP.png,OK,0.4871285557746887,0.2887288928031921,0.5920767784118652,0.2811575531959533,20251106112334
20251106112409_TOP,conn9,20251106112409_TOP.png,OK,0.4691678285598755,0.2914857566356659,0.5760928988456726,0.2930724620819092,20251106112409
20251106112445_TOP,conn9,20251106112445_TOP.png,OK,0.4894647598266601,0.2951990067958832,0.6050578355789185,0.2956140339374542,20251106112445
20251106112523_TOP,conn9,20251106112523_TOP.png,OK,0.4777171909809112,0.3067613840103149,0.5986289978027344,0.3148646652698517,20251106112523
20251106112559_TOP,conn9,20251106112559_TOP.png,OK,0.4545299708843231,0.2862977385520935,0.5411602854728699,0.2911816537380218,20251106112559
20251106112633_TOP,conn9,20251106112633_TOP.png,OK,0.4816675186157226,0.3086985945701599,0.596393346786499,0.3135741949081421,20251106112633
20251106112712_TOP,conn9,20251106112712_TOP.png,OK,0.49025759100914,0.3111940920352936,0.6036359667778015,0.3044106066226959,20251106112712
20251106112748_TOP,conn9,20251106112748_TOP.png,OK,0.4721598923206329,0.3075662851333618,0.6050578355789185,0.3034619987010956,20251106112748
20251106112823_TOP,conn9,20251106112823_TOP.png,OK,0.4866344630718231,0.3010289669036865,0.5982632040977478,0.312641441822052,20251106112823
20251106112900_TOP,conn9,20251106112900_TOP.png,OK,0.4800398051738739,0.302992433309555,0.5527626276016235,0.2855196595191955,20251106112900
20251106112937_TOP,conn9,20251106112937_TOP.png,OK,0.4875693619251251,0.2944843173027038,0.6171882152557373,0.297683835029602,20251106112937
20251106113014_TOP,conn9,20251106113014_TOP.png,OK,0.4841895401477813,0.2939259707927704,0.6106718182563782,0.3011025786399841,20251106113014
20251106113049_TOP,conn9,20251106113049_TOP.png,OK,0.4985910952091217,0.3022718131542206,0.6004014611244202,0.2975043058395386,20251106113049
20251106113126_TOP,conn9,20251106113126_TOP.png,OK,0.463373988866806,0.2918346524238586,0.5810371041297913,0.2937151789665222,20251106113126
20251106113202_TOP,conn9,20251106113202_TOP.png,OK,0.4762918353080749,0.2871826291084289,0.5822652578353882,0.2761251628398895,20251106113202
20251106113240_TOP,conn9,20251106113240_TOP.png,OK,0.4531805515289306,0.2936101257801056,0.5656452178955078,0.296303927898407,20251106113240
20251106113316_TOP,conn9,20251106113316_TOP.png,PARTIAL OCCLUSION,0.4619144797325134,0.2899939119815826,0.5214041471481323,0.2994579374790191,20251106113316
20251106113351_TOP,conn9,20251106113351_TOP.png,OK,0.5040497183799744,0.304138571023941,0.6020646691322327,0.2969186007976532,20251106113351
20251106113428_TOP,conn9,20251106113428_TOP.png,OK,0.5238280892372131,0.3008435368537903,0.6022800207138062,0.3007858991622925,20251106113428
20251106130408_TOP,conn9,20251106130408_TOP.png,OK,0.4917333424091339,0.3124359548091888,0.6267422437667847,0.3121716976165771,20251106130408
20251106130444_TOP,conn9,20251106130444_TOP.png,OK,0.4889886677265167,0.2890006601810455,0.593959629535675,0.2881137132644653,20251106130444
20251106130521_TOP,conn9,20251106130521_TOP.png,OK,0.4610675871372223,0.2945065200328827,0.5321895480155945,0.2782005369663238,20251106130521
20251106130557_TOP,conn9,20251106130557_TOP.png,OK,0.4891174137592315,0.2861158847808838,0.5936707854270935,0.2851286828517914,20251106130557
20251106130633_TOP,conn9,20251106130633_TOP.png,OK,0.4672209024429321,0.2976836264133453,0.5486127734184265,0.2875551283359527,20251106130633
20251106130711_TOP,conn9,20251106130711_TOP.png,OK,0.4923609793186188,0.2891769707202911,0.5770235657691956,0.2989774048328399,20251106130711
20251106130747_TOP,conn9,20251106130747_TOP.png,OK,0.4878624379634857,0.2919480800628662,0.59055095911026,0.2858316302299499,20251106130747
20251106130824_TOP,conn9,20251106130824_TOP.png,OK,0.4800645411014557,0.2957922518253326,0.566132128238678,0.2997281849384308,20251106130824
20251106130903_TOP,conn9,20251106130903_TOP.png,OK,0.480344295501709,0.299206405878067,0.5876747965812683,0.2926617562770843,20251106130903
20251106130936_TOP,conn9,20251106130936_TOP.png,PARTIAL OCCLUSION,0.4912489950656891,0.2879537940025329,0.494645744562149,0.2734448611736297,20251106130936
20251106131013_TOP,conn9,20251106131013_TOP.png,OK,0.4951865971088409,0.2820536196231842,0.6040254831314087,0.2748241126537323,20251106131013
20251106131049_TOP,conn9,20251106131049_TOP.png,OK,0.4675472974777221,0.2938188910484314,0.5688536763191223,0.2954254746437073,20251106131049
20251106131124_TOP,conn9,20251106131124_TOP.png,OK,0.4931342601776123,0.303884744644165,0.6189152598381042,0.3096493780612945,20251106131124
20251106131202_TOP,conn9,20251106131202_TOP.png,OK,0.4852034151554107,0.2893010973930359,0.597760021686554,0.2932950258255005,20251106131202
20251106131240_TOP,conn9,20251106131240_TOP.png,OK,0.4673925042152405,0.3064210116863251,0.5742480158805847,0.3060857057571411,20251106131240
20251106131314_TOP,conn9,20251106131314_TOP.png,OK,0.4844379425048828,0.2935191392898559,0.5986679196357727,0.2966000437736511,20251106131314
20251106131351_TOP,conn9,20251106131351_TOP.png,OK,0.4918405413627624,0.3037901818752289,0.5989730954170227,0.3032808303833008,20251106131351
20251106131428_TOP,conn9,20251106131428_TOP.png,OK,0.4803516864776611,0.2949115931987762,0.5634430646896362,0.291765958070755,20251106131428
20251106131503_TOP,conn9,20251106131503_TOP.png,OK,0.4647541344165802,0.3015829622745514,0.5846946239471436,0.2993362545967102,20251106131503
20251106131541_TOP,conn9,20251106131541_TOP.png,OK,0.4934835433959961,0.2938884198665619,0.602435827255249,0.2816573679447174,20251106131541
20251106131615_TOP,conn9,20251106131615_TOP.png,PARTIAL OCCLUSION,0.4879057109355926,0.286222904920578,0.4892828166484833,0.1981362998485565,20251106131615
20251106131652_TOP,conn9,20251106131652_TOP.png,OK,0.4801149368286133,0.2985837161540985,0.6153649091720581,0.3033689260482788,20251106131652
20251106131729_TOP,conn9,20251106131729_TOP.png,OK,0.4863379299640655,0.2890838086605072,0.5716854333877563,0.2824524641036987,20251106131729
20251106131805_TOP,conn9,20251106131805_TOP.png,OK,0.4758470952510834,0.3047324120998382,0.5801324844360352,0.3055433332920074,20251106131805
20251106131841_TOP,conn9,20251106131841_TOP.png,OK,0.4780870676040649,0.2896240055561065,0.5828301906585693,0.2791247367858886,20251106131841
20251106131917_TOP,conn9,20251106131917_TOP.png,OK,0.4724421203136444,0.2990067303180694,0.5900564789772034,0.2979263961315155,20251106131917
20251106131952_TOP,conn9,20251106131952_TOP.png,OK,0.4875282347202301,0.2939392030239105,0.5805036425590515,0.2924342155456543,20251106131952
20251106132030_TOP,conn9,20251106132030_TOP.png,OK,0.4851857423782348,0.2981369793415069,0.593552827835083,0.2986884415149688,20251106132030
20251106132107_TOP,conn9,20251106132107_TOP.png,OK,0.4722837209701538,0.2991752624511719,0.5795470476150513,0.2969655692577362,20251106132107
20251106132144_TOP,conn9,20251106132144_TOP.png,OK,0.5134595632553101,0.3088904321193695,0.6328290700912476,0.3098174631595611,20251106132144
20251106132219_TOP,conn9,20251106132219_TOP.png,OK,0.4663931429386139,0.2897463142871856,0.5745466351509094,0.2865888476371765,20251106132219
20251106132256_TOP,conn9,20251106132256_TOP.png,OK,0.488187700510025,0.3147860765457153,0.6211844682693481,0.320151686668396,20251106132256
20251106132332_TOP,conn9,20251106132332_TOP.png,OK,0.477555513381958,0.2973214983940124,0.609908938407898,0.302705317735672,20251106132332
20251106132408_TOP,conn9,20251106132408_TOP.png,OK,0.4830160439014435,0.2915757298469543,0.5723499059677124,0.2905716300010681,20251106132408
20251106132445_TOP,conn9,20251106132445_TOP.png,OK,0.4796357750892639,0.2926282286643982,0.5932725071907043,0.2822201550006866,20251106132445
20251106132520_TOP,conn9,20251106132520_TOP.png,OK,0.4984199404716491,0.2971887588500976,0.5903270244598389,0.2860086858272552,20251106132520
20251106132557_TOP,conn9,20251106132557_TOP.png,OK,0.4873254895210266,0.2955105602741241,0.6092790961265564,0.2898807525634765,20251106132557
20251106132635_TOP,conn9,20251106132635_TOP.png,OK,0.4889998733997345,0.2934190034866333,0.6081288456916809,0.2851529717445373,20251106132635
20251106132710_TOP,conn9,20251106132710_TOP.png,PARTIAL OCCLUSION,0.4765734374523163,0.2924566268920898,0.5850398540496826,0.2625514268875122,20251106132710
20251106132747_TOP,conn9,20251106132747_TOP.png,OK,0.4820921421051025,0.2871909737586975,0.5784000158309937,0.2811801731586456,20251106132747
20251106132824_TOP,conn9,20251106132824_TOP.png,PARTIAL OCCLUSION,0.4775353968143463,0.2888513505458832,0.5667976140975952,0.3055672645568847,20251106132824
20251106132900_TOP,conn9,20251106132900_TOP.png,OK,0.474986582994461,0.2834693193435669,0.5614216923713684,0.267104297876358,20251106132900
20251106132935_TOP,conn9,20251106132935_TOP.png,PARTIAL OCCLUSION,0.5241539478302002,0.2728926539421081,0.5993084907531738,0.2730737924575805,20251106132935
20251106133012_TOP,conn9,20251106133012_TOP.png,OK,0.5008442401885986,0.3002604842185974,0.5824936628341675,0.300930917263031,20251106133012
20251106133048_TOP,conn9,20251106133048_TOP.png,OK,0.4917906820774078,0.29229336977005,0.599095344543457,0.281656950712204,20251106133048
20251106133124_TOP,conn9,20251106133124_TOP.png,OK,0.5037248730659485,0.2899022996425628,0.6222103834152222,0.2815799415111542,20251106133124
20251106133202_TOP,conn9,20251106133202_TOP.png,OK,0.499539703130722,0.2944181859493255,0.5964431166648865,0.293013721704483,20251106133202
20251106133238_TOP,conn9,20251106133238_TOP.png,PARTIAL OCCLUSION,0.5554121136665344,0.2832330167293548,0.6452776789665222,0.302522212266922,20251106133238
20251106135917_TOP,conn9,20251106135917_TOP.png,OK,0.4948435127735138,0.2936336994171142,0.5768007040023804,0.3014596104621887,20251106135917
20251106135955_TOP,conn9,20251106135955_TOP.png,OK,0.4854149520397186,0.2993034124374389,0.6190050840377808,0.2968923151493072,20251106135955
20251106140029_TOP,conn9,20251106140029_TOP.png,OK,0.4890018701553345,0.2962633371353149,0.585631787776947,0.3007038235664367,20251106140029
20251106140108_TOP,conn9,20251106140108_TOP.png,OK,0.4759256243705749,0.2911031246185303,0.5898628234863281,0.2820461988449096,20251106140108
20251106140143_TOP,conn9,20251106140143_TOP.png,OK,0.4866640865802765,0.2960502207279205,0.5903399586677551,0.2950392365455627,20251106140143
20251106140220_TOP,conn9,20251106140220_TOP.png,OK,0.4769339263439178,0.2874588668346405,0.5967093110084534,0.2829471230506897,20251106140220
20251106140254_TOP,conn9,20251106140254_TOP.png,OK,0.4814255833625793,0.2936669588088989,0.6081786155700684,0.2932758927345276,20251106140254
20251106140333_TOP,conn9,20251106140333_TOP.png,OK,0.4660057127475738,0.2977587580680847,0.6043121814727783,0.2739947140216827,20251106140333
20251106140408_TOP,conn9,20251106140408_TOP.png,OK,0.4683797061443329,0.2902261316776275,0.5792072415351868,0.2978832721710205,20251106140408
20251106140444_TOP,conn9,20251106140444_TOP.png,PARTIAL OCCLUSION,0.4586296379566192,0.2960407435894012,0.5354444980621338,0.2988063991069793,20251106140444
20251106140521_TOP,conn9,20251106140521_TOP.png,OK,0.480271428823471,0.2942408621311188,0.5998117327690125,0.2930455505847931,20251106140521
20251106140557_TOP,conn9,20251106140557_TOP.png,OK,0.4687791466712951,0.2969996631145477,0.5990921258926392,0.2968699932098388,20251106140557
20251106140634_TOP,conn9,20251106140634_TOP.png,OK,0.4723154902458191,0.2957400679588318,0.6060381531715393,0.2657612562179565,20251106140634
20251106140711_TOP,conn9,20251106140711_TOP.png,OK,0.5049473643302917,0.294061541557312,0.590032696723938,0.2934853434562683,20251106140711
20251106140748_TOP,conn9,20251106140748_TOP.png,OK,0.4722155630588531,0.299085408449173,0.5940408110618591,0.2998332679271698,20251106140748
20251106140823_TOP,conn9,20251106140823_TOP.png,OK,0.4904088377952575,0.2988785803318023,0.589102029800415,0.2979730367660522,20251106140823
20251106140859_TOP,conn9,20251106140859_TOP.png,OK,0.4712085425853729,0.2807177603244781,0.5668830871582031,0.289960652589798,20251106140859
20251106140934_TOP,conn9,20251106140934_TOP.png,OK,0.4806984066963196,0.2923448383808136,0.5659708380699158,0.2877322435379028,20251106140934
20251106141010_TOP,conn9,20251106141010_TOP.png,OK,0.4714156091213226,0.2962862849235534,0.5459637641906738,0.2868842184543609,20251106141010
20251106141048_TOP,conn9,20251106141048_TOP.png,OK,0.4627396762371063,0.3124204576015472,0.5922077298164368,0.3167297542095184,20251106141048
20251106141123_TOP,conn9,20251106141123_TOP.png,OK,0.470812052488327,0.2934625744819641,0.5660368800163269,0.2867976427078247,20251106141123
20251106141200_TOP,conn9,20251106141200_TOP.png,OK,0.466237723827362,0.2985713183879852,0.5619627237319946,0.2901118993759155,20251106141200
20251106141239_TOP,conn9,20251106141239_TOP.png,OK,0.4776317179203033,0.3020626008510589,0.5924934148788452,0.3013785183429718,20251106141239
20251106141313_TOP,conn9,20251106141313_TOP.png,OK,0.4536502063274383,0.3039934039115906,0.5539464950561523,0.2958540320396423,20251106141313
20251106141351_TOP,conn9,20251106141351_TOP.png,OK,0.4320867657661438,0.2863041162490845,0.4934175312519073,0.2545923590660095,20251106141351
20251106141426_TOP,conn9,20251106141426_TOP.png,OK,0.4607709050178528,0.2947825193405151,0.5412749648094177,0.2876079082489013,20251106141426
20251106141502_TOP,conn9,20251106141502_TOP.png,OK,0.4561072289943695,0.2944783270359039,0.5543338656425476,0.2881411612033844,20251106141502
20251106141538_TOP,conn9,20251106141538_TOP.png,OK,0.4708977341651916,0.2934752702713012,0.5603298544883728,0.2936394512653351,20251106141538
20251106141615_TOP,conn9,20251106141615_TOP.png,OK,0.4526347219944,0.2944808602333069,0.5605624914169312,0.2985740005970001,20251106141615
20251106141652_TOP,conn9,20251106141652_TOP.png,OK,0.4551703333854675,0.292734295129776,0.5548684000968933,0.2892630398273468,20251106141652
20251106141729_TOP,conn9,20251106141729_TOP.png,OK,0.4771962463855743,0.2931720912456512,0.5608308911323547,0.2915979027748108,20251106141729
20251106141804_TOP,conn9,20251106141804_TOP.png,OK,0.474445104598999,0.2933570444583893,0.572631299495697,0.2898417115211487,20251106141804
20251106141840_TOP,conn9,20251106141840_TOP.png,OK,0.4758767485618591,0.2902915477752685,0.5675973296165466,0.290682852268219,20251106141840
20251106141916_TOP,conn9,20251106141916_TOP.png,OK,0.4676040410995483,0.2876126170158386,0.564102053642273,0.2869963049888611,20251106141916
20251106141954_TOP,conn9,20251106141954_TOP.png,OK,0.4915675520896911,0.294148713350296,0.5598375201225281,0.3017750680446625,20251106141954
20251106142030_TOP,conn9,20251106142030_TOP.png,OK,0.4490355849266052,0.2917922735214233,0.5433958768844604,0.2663813233375549,20251106142030
20251106142106_TOP,conn9,20251106142106_TOP.png,PARTIAL OCCLUSION,0.540009081363678,0.2844599187374115,0.540213406085968,0.2742137014865875,20251106142106
20251106142143_TOP,conn9,20251106142143_TOP.png,OK,0.4772049188613891,0.3060242831707001,0.6043934226036072,0.2990227043628692,20251106142143
20251106142218_TOP,conn9,20251106142218_TOP.png,OK,0.4637951850891113,0.3047276139259338,0.6013224124908447,0.3035295605659485,20251106142218
20251106142255_TOP,conn9,20251106142255_TOP.png,OK,0.4521856307983398,0.2930282950401306,0.5564677715301514,0.2931082844734192,20251106142255
20251106142332_TOP,conn9,20251106142332_TOP.png,OK,0.4809152483940124,0.290345162153244,0.5669490694999695,0.2824583649635315,20251106142332
20251106142408_TOP,conn9,20251106142408_TOP.png,OK,0.4708960056304931,0.2879639267921448,0.5767714381217957,0.2820448279380798,20251106142408
20251106142445_TOP,conn9,20251106142445_TOP.png,OK,0.4524325728416443,0.2942013442516327,0.5777183175086975,0.3067460358142853,20251106142445
20251106142521_TOP,conn9,20251106142521_TOP.png,PARTIAL OCCLUSION,0.4571850001811981,0.2799905836582184,0.5799679756164551,0.3070782124996185,20251106142521
20251106142557_TOP,conn9,20251106142557_TOP.png,OK,0.447182834148407,0.2896625697612762,0.5511979460716248,0.2926754057407379,20251106142557
20251106142633_TOP,conn9,20251106142633_TOP.png,OK,0.4394710659980774,0.2943409383296966,0.5598104596138,0.3086845278739929,20251106142633
20251106142709_TOP,conn9,20251106142709_TOP.png,OK,0.4675840437412262,0.2907358705997467,0.5775829553604126,0.2849611639976501,20251106142709
20251106142745_TOP,conn9,20251106142745_TOP.png,OK,0.4547708332538605,0.2849783301353454,0.527296245098114,0.2915762066841125,20251106142745
20251106164243_TOP,conn9,20251106164243_TOP.png,OK,0.4780641496181488,0.3023763298988342,0.5478325486183167,0.3010593354701996,20251106164243
20251106164318_TOP,conn9,20251106164318_TOP.png,OK,0.4673533737659454,0.3029022812843323,0.5720133781433105,0.3129124343395233,20251106164318
20251106164354_TOP,conn9,20251106164354_TOP.png,OK,0.4635480344295501,0.3056822717189789,0.5485228896141052,0.29482102394104,20251106164354
20251106164433_TOP,conn9,20251106164433_TOP.png,KO,0.4907564520835876,0.2997362613677978,0.6252045035362244,0.2812724113464355,20251106164433
20251106164507_TOP,conn9,20251106164507_TOP.png,OK,0.4815541803836822,0.3004082143306732,0.5704507827758789,0.2983508110046386,20251106164507
20251106164545_TOP,conn9,20251106164545_TOP.png,OK,0.4631561040878296,0.3091689646244049,0.5830963253974915,0.3179948031902313,20251106164545
20251106164620_TOP,conn9,20251106164620_TOP.png,OK,0.5316740274429321,0.2939811050891876,0.5882341861724854,0.3224005103111267,20251106164620
20251106164656_TOP,conn9,20251106164656_TOP.png,OK,0.4716400802135467,0.2983326017856598,0.5456358194351196,0.2925455868244171,20251106164656
20251106164732_TOP,conn9,20251106164732_TOP.png,OK,0.4795251786708832,0.3009747862815857,0.5660974979400635,0.3010193407535553,20251106164732
20251106164808_TOP,conn9,20251106164808_TOP.png,KO,0.3161174058914184,0.2488515079021453,0.4761027097702026,0.269875556230545,20251106164808
20251106164844_TOP,conn9,20251106164844_TOP.png,PARTIAL OCCLUSION,0.4455737471580505,0.2847563028335571,0.5682552456855774,0.2838790118694305,20251106164844
20251106164921_TOP,conn9,20251106164921_TOP.png,OK,0.4796502590179443,0.3080356121063232,0.5881065130233765,0.3073269128799438,20251106164921
20251106164957_TOP,conn9,20251106164957_TOP.png,OK,0.4771174490451813,0.2917524576187134,0.5556832551956177,0.287058025598526,20251106164957
20251106165034_TOP,conn9,20251106165034_TOP.png,OK,0.4826074838638305,0.2972626984119415,0.5658908486366272,0.297827273607254,20251106165034
20251106165110_TOP,conn9,20251106165110_TOP.png,OK,0.4923051595687866,0.2989605367183685,0.5630719065666199,0.3084234595298767,20251106165110
20251106165146_TOP,conn9,20251106165146_TOP.png,OK,0.4704017043113708,0.2932398915290832,0.5501061081886292,0.292162150144577,20251106165146
20251106165224_TOP,conn9,20251106165224_TOP.png,OK,0.4835462570190429,0.3010887205600738,0.572658360004425,0.2957041561603546,20251106165224
20251106165259_TOP,conn9,20251106165259_TOP.png,OK,0.455536276102066,0.2889676988124847,0.5407739877700806,0.2969382405281067,20251106165259
20251106165335_TOP,conn9,20251106165335_TOP.png,OK,0.4720794260501861,0.3017310798168182,0.5867127776145935,0.2927455008029938,20251106165335
20251106165411_TOP,conn9,20251106165411_TOP.png,OK,0.4696048200130462,0.2971386015415191,0.5623090267181396,0.298582375049591,20251106165411
20251106165448_TOP,conn9,20251106165448_TOP.png,OK,0.4770285189151764,0.2960836887359619,0.5636443495750427,0.3040065467357635,20251106165448
20251106165523_TOP,conn9,20251106165523_TOP.png,OK,0.473885029554367,0.3010530769824981,0.5631292462348938,0.299028068780899,20251106165523
20251106165601_TOP,conn9,20251106165601_TOP.png,OK,0.455092191696167,0.2918946743011474,0.5469992756843567,0.2944644391536712,20251106165601
20251106165638_TOP,conn9,20251106165638_TOP.png,OK,0.4576903879642486,0.3000808358192444,0.5392752289772034,0.2981254160404205,20251106165638
20251106165714_TOP,conn9,20251106165714_TOP.png,OK,0.4795191287994385,0.3050072491168976,0.5652663707733154,0.3061164319515228,20251106165714
20251106165750_TOP,conn9,20251106165750_TOP.png,OK,0.4735274910926819,0.3094407618045807,0.5838278532028198,0.3171215653419494,20251106165750
20251106165826_TOP,conn9,20251106165826_TOP.png,OK,0.4754849970340729,0.2959862649440765,0.5598472356796265,0.2933790385723114,20251106165826
20251106165901_TOP,conn9,20251106165901_TOP.png,PARTIAL OCCLUSION,0.4800517559051513,0.2850410640239715,0.5745065212249756,0.3051381409168243,20251106165901
20251106165939_TOP,conn9,20251106165939_TOP.png,OK,0.4662721157073974,0.3006834089756012,0.5745066404342651,0.3036496937274933,20251106165939
