sample_id,connector_name,filename,label,gray_mean,gray_std,band_mean,band_std
20251106110559_TOP,conn1,20251106110559_TOP.png,,0.5356901288032532,0.2589465081691742,0.5367608070373535,0.20729559659957886
20251106110633_TOP,conn1,20251106110633_TOP.png,,0.5392799973487854,0.26464325189590454,0.5639916062355042,0.21369345486164093
20251106110712_TOP,conn1,20251106110712_TOP.png,,0.5327147841453552,0.2577148377895355,0.558280885219574,0.22261884808540344
20251106110746_TOP,conn1,20251106110746_TOP.png,,0.5331306457519531,0.26632532477378845,0.48818814754486084,0.22674274444580078
20251106110824_TOP,conn1,20251106110824_TOP.png,,0.5187960267066956,0.27206236124038696,0.4339795410633087,0.23318521678447723
20251106110900_TOP,conn1,20251106110900_TOP.png,,0.539746105670929,0.26595044136047363,0.5312493443489075,0.2141457349061966
20251106110939_TOP,conn1,20251106110939_TOP.png,,0.5346763730049133,0.2676321566104889,0.5436222553253174,0.22124378383159637
20251106111015_TOP,conn1,20251106111015_TOP.png,,0.5130206942558289,0.25700250267982483,0.5072992444038391,0.19445472955703735
20251106111050_TOP,conn1,20251106111050_TOP.png,,0.5452530384063721,0.2745223641395569,0.5348904728889465,0.21893896162509918
20251106111126_TOP,conn1,20251106111126_TOP.png,,0.5407459139823914,0.2667142152786255,0.47109678387641907,0.19826045632362366
20251106111204_TOP,conn1,20251106111204_TOP.png,,0.5690441727638245,0.2707813084125519,0.5116860866546631,0.2046443372964859
20251106111239_TOP,conn1,20251106111239_TOP.png,,0.5286961793899536,0.26070791482925415,0.5626822113990784,0.22958429157733917
20251106111316_TOP,conn1,20251106111316_TOP.png,,0.5729430317878723,0.26731276512145996,0.5635145306587219,0.21397054195404053
20251106111352_TOP,conn1,20251106111352_TOP.png,,0.5357000231742859,0.26390135288238525,0.5262530446052551,0.21664586663246155
20251106111429_TOP,conn1,20251106111429_TOP.png,,0.5486968755722046,0.27846401929855347,0.5081577301025391,0.19262070953845978
20251106111505_TOP,conn1,20251106111505_TOP.png,,0.5547430515289307,0.2733062505722046,0.5594539642333984,0.2196543961763382
20251106111542_TOP,conn1,20251106111542_TOP.png,,0.5664471387863159,0.2648734450340271,0.5195016860961914,0.20881585776805878
20251106111617_TOP,conn1,20251106111617_TOP.png,,0.560246467590332,0.27172163128852844,0.5127294063568115,0.20047447085380554
20251106111653_TOP,conn1,20251106111653_TOP.png,,0.5494856834411621,0.2659017741680145,0.4719565808773041,0.18627500534057617
20251106111729_TOP,conn1,20251106111729_TOP.png,,0.5489342212677002,0.26989954710006714,0.5202081799507141,0.214283749461174
20251106111808_TOP,conn1,20251106111808_TOP.png,,0.5361067652702332,0.2595844268798828,0.5602325201034546,0.2201131284236908
20251106111842_TOP,conn1,20251106111842_TOP.png,,0.5477234721183777,0.2752382755279541,0.5296057462692261,0.2144341766834259
20251106111918_TOP,conn1,20251106111918_TOP.png,,0.5295875668525696,0.2566089332103729,0.5456525087356567,0.20568737387657166
20251106111955_TOP,conn1,20251106111955_TOP.png,,0.5565636157989502,0.2552657723426819,0.570870041847229,0.21370413899421692
20251106112032_TOP,conn1,20251106112032_TOP.png,,0.5571467280387878,0.2646741271018982,0.531542956829071,0.21401427686214447
20251106112109_TOP,conn1,20251106112109_TOP.png,,0.5280801057815552,0.26238152384757996,0.4993250370025635,0.19867096841335297
20251106112144_TOP,conn1,20251106112144_TOP.png,,0.5642572641372681,0.27406883239746094,0.49974966049194336,0.20411384105682373
20251106112220_TOP,conn1,20251106112220_TOP.png,,0.5426539778709412,0.2574183940887451,0.5488977432250977,0.2240060567855835
20251106112255_TOP,conn1,20251106112255_TOP.png,,0.5389766693115234,0.26281172037124634,0.5729422569274902,0.217491015791893
20251106112334_TOP,conn1,20251106112334_TOP.png,,0.5303323268890381,0.26190707087516785,0.5082770586013794,0.19441941380500793
20251106112409_TOP,conn1,20251106112409_TOP.png,,0.5440833568572998,0.256212055683136,0.5450639724731445,0.21488527953624725
20251106112445_TOP,conn1,20251106112445_TOP.png,,0.5416178703308105,0.25605395436286926,0.5064957737922668,0.2266073077917099
20251106112523_TOP,conn1,20251106112523_TOP.png,,0.5492860674858093,0.2634856104850769,0.5215620994567871,0.22361186146736145
20251106112559_TOP,conn1,20251106112559_TOP.png,,0.5594711899757385,0.2783016562461853,0.46195870637893677,0.1991528868675232
20251106112633_TOP,conn1,20251106112633_TOP.png,,0.5455319881439209,0.27012795209884644,0.49774169921875,0.2225016951560974
20251106112712_TOP,conn1,20251106112712_TOP.png,,0.5782209634780884,0.2708030641078949,0.5690416097640991,0.22620637714862823
20251106112748_TOP,conn1,20251106112748_TOP.png,,0.5477112531661987,0.2767356336116791,0.5177768468856812,0.21844515204429626
20251106112823_TOP,conn1,20251106112823_TOP.png,,0.5498001575469971,0.2665535509586334,0.5540159344673157,0.21733233332633972
20251106112900_TOP,conn1,20251106112900_TOP.png,,0.5568652749061584,0.26191288232803345,0.6596361398696899,0.2307491898536682
20251106112937_TOP,conn1,20251106112937_TOP.png,,0.560019314289093,0.26410946249961853,0.5493800640106201,0.21618175506591797
20251106113014_TOP,conn1,20251106113014_TOP.png,,0.5248076319694519,0.2773117125034332,0.4435422420501709,0.19420970976352692
20251106113049_TOP,conn1,20251106113049_TOP.png,,0.530502200126648,0.25602415204048157,0.5656797289848328,0.20695127546787262
20251106113126_TOP,conn1,20251106113126_TOP.png,,0.5346789360046387,0.26605260372161865,0.5489789843559265,0.21154510974884033
20251106113202_TOP,conn1,20251106113202_TOP.png,,0.5406843423843384,0.26301446557044983,0.5413154363632202,0.2122509777545929
20251106113240_TOP,conn1,20251106113240_TOP.png,,0.5415635108947754,0.26679810881614685,0.5485070943832397,0.20656940340995789
20251106113316_TOP,conn1,20251106113316_TOP.png,,0.5452513694763184,0.2704339921474457,0.526554524898529,0.2036571502685547
20251106113351_TOP,conn1,20251106113351_TOP.png,,0.5306832790374756,0.2598467469215393,0.5197192430496216,0.2049986720085144
20251106113428_TOP,conn1,20251106113428_TOP.png,,0.5368534326553345,0.26593852043151855,0.5205764174461365,0.20983704924583435
20251106130408_TOP,conn1,20251106130408_TOP.png,,0.524863064289093,0.2633403241634369,0.4981624186038971,0.20737813413143158
20251106130444_TOP,conn1,20251106130444_TOP.png,,0.5381906628608704,0.26493778824806213,0.5155526399612427,0.20398691296577454
20251106130521_TOP,conn1,20251106130521_TOP.png,,0.5425583720207214,0.26965761184692383,0.5618748068809509,0.2164076268672943
20251106130557_TOP,conn1,20251106130557_TOP.png,,0.5523281693458557,0.27438047528266907,0.43515780568122864,0.19608871638774872
20251106130633_TOP,conn1,20251106130633_TOP.png,,0.5421865582466125,0.26800575852394104,0.46318021416664124,0.20536284148693085
20251106130711_TOP,conn1,20251106130711_TOP.png,,0.5417989492416382,0.2727741003036499,0.49358680844306946,0.2066592574119568
20251106130747_TOP,conn1,20251106130747_TOP.png,,0.5332440733909607,0.26586243510246277,0.5297499299049377,0.21473976969718933
20251106130824_TOP,conn1,20251106130824_TOP.png,,0.5339663624763489,0.26769378781318665,0.5579257607460022,0.23407703638076782
20251106130903_TOP,conn1,20251106130903_TOP.png,,0.5430172085762024,0.27493709325790405,0.5354028940200806,0.221066415309906
20251106130936_TOP,conn1,20251106130936_TOP.png,,0.5373420119285583,0.26571425795555115,0.5432630777359009,0.22036971151828766
20251106131013_TOP,conn1,20251106131013_TOP.png,,0.5186701416969299,0.2582686245441437,0.5299675464630127,0.21231697499752045
20251106131049_TOP,conn1,20251106131049_TOP.png,,0.5496492981910706,0.269150048494339,0.5314223766326904,0.19547660648822784
20251106131124_TOP,conn1,20251106131124_TOP.png,,0.5236092805862427,0.2571462392807007,0.5456629395484924,0.21758311986923218
20251106131202_TOP,conn1,20251106131202_TOP.png,,0.5526542067527771,0.27670902013778687,0.5111081004142761,0.21804891526699066
20251106131240_TOP,conn1,20251106131240_TOP.png,,0.544343888759613,0.2714892327785492,0.5224153399467468,0.20597754418849945
20251106131314_TOP,conn1,20251106131314_TOP.png,,0.547258198261261,0.2695823907852173,0.5257077813148499,0.2207937091588974
20251106131351_TOP,conn1,20251106131351_TOP.png,,0.5486311912536621,0.2717907130718231,0.5385865569114685,0.21586981415748596
20251106131428_TOP,conn1,20251106131428_TOP.png,,0.5512768030166626,0.2668064832687378,0.4913993179798126,0.2096148580312729
20251106131503_TOP,conn1,20251106131503_TOP.png,,0.560519278049469,0.27665629982948303,0.4962672293186188,0.19871658086776733
20251106131541_TOP,conn1,20251106131541_TOP.png,,0.5593875050544739,0.27139535546302795,0.5627490282058716,0.22227025032043457
20251106131615_TOP,conn1,20251106131615_TOP.png,,0.6122745871543884,0.30014297366142273,0.6256750226020813,0.2914360761642456
20251106131652_TOP,conn1,20251106131652_TOP.png,,0.5533492565155029,0.2629087269306183,0.5679104924201965,0.22684858739376068
20251106131729_TOP,conn1,20251106131729_TOP.png,,0.5411525964736938,0.2649223506450653,0.4970759153366089,0.20127280056476593
20251106131805_TOP,conn1,20251106131805_TOP.png,,0.5520697832107544,0.2582586705684662,0.5589795708656311,0.20905189216136932
20251106131841_TOP,conn1,20251106131841_TOP.png,,0.5402981042861938,0.2586931884288788,0.5555782914161682,0.22335152328014374
20251106131917_TOP,conn1,20251106131917_TOP.png,,0.5460537672042847,0.26655977964401245,0.5590423941612244,0.22242023050785065
20251106131952_TOP,conn1,20251106131952_TOP.png,,0.5503393411636353,0.2721359431743622,0.5055494904518127,0.21809932589530945
20251106132030_TOP,conn1,20251106132030_TOP.png,,0.5511811971664429,0.2715775668621063,0.5394254326820374,0.22627517580986023
20251106132107_TOP,conn1,20251106132107_TOP.png,,0.5396767854690552,0.2640284299850464,0.49511903524398804,0.20939858257770538
20251106132144_TOP,conn1,20251106132144_TOP.png,,0.5289320945739746,0.25422412157058716,0.5112456679344177,0.2258392721414566
20251106132219_TOP,conn1,20251106132219_TOP.png,,0.5416281223297119,0.2696210443973541,0.5178593993186951,0.20122206211090088
20251106132256_TOP,conn1,20251106132256_TOP.png,,0.5186405181884766,0.2615065276622772,0.4972645938396454,0.19310937821865082
20251106132332_TOP,conn1,20251106132332_TOP.png,,0.5627761483192444,0.27422377467155457,0.5134804248809814,0.2100052684545517
20251106132408_TOP,conn1,20251106132408_TOP.png,,0.5543763041496277,0.2708527147769928,0.534300684928894,0.2163083553314209
20251106132445_TOP,conn1,20251106132445_TOP.png,,0.562183141708374,0.2701157033443451,0.5621906518936157,0.21780233085155487
20251106132520_TOP,conn1,20251106132520_TOP.png,,0.5502274036407471,0.26192206144332886,0.549401044845581,0.21664761006832123
20251106132557_TOP,conn1,20251106132557_TOP.png,,0.5690605640411377,0.27679213881492615,0.5100411772727966,0.20808859169483185
20251106132635_TOP,conn1,20251106132635_TOP.png,,0.5673223733901978,0.27566882967948914,0.5299819111824036,0.21675020456314087
20251106132710_TOP,conn1,20251106132710_TOP.png,,0.5506629347801208,0.27232277393341064,0.5642694234848022,0.21472254395484924
20251106132747_TOP,conn1,20251106132747_TOP.png,,0.5711857080459595,0.27273017168045044,0.6727495193481445,0.209499329328537
20251106132824_TOP,conn1,20251106132824_TOP.png,,0.5513108968734741,0.27176564931869507,0.514308750629425,0.22057019174098969
20251106132900_TOP,conn1,20251106132900_TOP.png,,0.5636584162712097,0.28008219599723816,0.5380702018737793,0.2157566398382187
20251106132935_TOP,conn1,20251106132935_TOP.png,,0.5451868176460266,0.26667946577072144,0.5578011870384216,0.21577127277851105
20251106133012_TOP,conn1,20251106133012_TOP.png,,0.5445479154586792,0.27479225397109985,0.48648422956466675,0.2021012306213379
20251106133048_TOP,conn1,20251106133048_TOP.png,,0.5481656193733215,0.2660100758075714,0.5493459701538086,0.21554504334926605
20251106133124_TOP,conn1,20251106133124_TOP.png,,0.5609592795372009,0.26954934000968933,0.5692552924156189,0.20678649842739105
20251106133202_TOP,conn1,20251106133202_TOP.png,,0.5416681170463562,0.26889097690582275,0.5518834590911865,0.22374962270259857
20251106133238_TOP,conn1,20251106133238_TOP.png,,0.5670396089553833,0.2678033113479614,0.5814695358276367,0.21566736698150635
20251106135917_TOP,conn1,20251106135917_TOP.png,,0.5609611868858337,0.2671709656715393,0.5843216180801392,0.21354971826076508
20251106135955_TOP,conn1,20251106135955_TOP.png,,0.5383487343788147,0.26069918274879456,0.5776843428611755,0.22139865159988403
20251106140029_TOP,conn1,20251106140029_TOP.png,,0.5604338645935059,0.26341384649276733,0.505725085735321,0.22344793379306793
20251106140108_TOP,conn1,20251106140108_TOP.png,,0.5446042418479919,0.25992679595947266,0.534705638885498,0.20004752278327942
20251106140143_TOP,conn1,20251106140143_TOP.png,,0.5379205942153931,0.26492059230804443,0.5228846073150635,0.21935884654521942
20251106140220_TOP,conn1,20251106140220_TOP.png,,0.5484611988067627,0.26448768377304077,0.5790906548500061,0.2264953851699829
20251106140254_TOP,conn1,20251106140254_TOP.png,,0.5412574410438538,0.2646816670894623,0.5095994472503662,0.20469562709331512
20251106140333_TOP,conn1,20251106140333_TOP.png,,0.5257555246353149,0.2575524151325226,0.5581852793693542,0.2100253403186798
20251106140408_TOP,conn1,20251106140408_TOP.png,,0.5109295845031738,0.26400795578956604,0.4429459273815155,0.22721990942955017
20251106140444_TOP,conn1,20251106140444_TOP.png,,0.5415762662887573,0.26991593837738037,0.5290591716766357,0.20148222148418427
20251106140521_TOP,conn1,20251106140521_TOP.png,,0.5413509011268616,0.27826523780822754,0.4881068766117096,0.24850024282932281
20251106140557_TOP,conn1,20251106140557_TOP.png,,0.557468831539154,0.27204829454421997,0.5532806515693665,0.20328225195407867
20251106140634_TOP,conn1,20251106140634_TOP.png,,0.5414296388626099,0.25782838463783264,0.5763028264045715,0.21261481940746307
20251106140711_TOP,conn1,20251106140711_TOP.png,,0.5710371136665344,0.27607813477516174,0.5850516557693481,0.232586070895195
20251106140748_TOP,conn1,20251106140748_TOP.png,,0.5480694770812988,0.2698080837726593,0.4949381649494171,0.21865279972553253
20251106140823_TOP,conn1,20251106140823_TOP.png,,0.5520192980766296,0.2653667628765106,0.5616205334663391,0.2057843655347824
20251106140859_TOP,conn1,20251106140859_TOP.png,,0.5309685468673706,0.27267152070999146,0.4661306142807007,0.24455687403678894
20251106140934_TOP,conn1,20251106140934_TOP.png,,0.5450154542922974,0.26327580213546753,0.5553462505340576,0.21974287927150726
20251106141010_TOP,conn1,20251106141010_TOP.png,,0.5580236315727234,0.2620109021663666,0.5636088252067566,0.21420224010944366
20251106141048_TOP,conn1,20251106141048_TOP.png,,0.5515925884246826,0.2700154781341553,0.5389326214790344,0.20974154770374298
20251106141123_TOP,conn1,20251106141123_TOP.png,,0.5447037816047668,0.2775079011917114,0.4741952121257782,0.22984664142131805
20251106141200_TOP,conn1,20251106141200_TOP.png,,0.5532472729682922,0.2739401161670685,0.5626415610313416,0.22671452164649963
20251106141239_TOP,conn1,20251106141239_TOP.png,,0.5499802827835083,0.2715119421482086,0.5692434906959534,0.2237129807472229
20251106141313_TOP,conn1,20251106141313_TOP.png,,0.5438046455383301,0.279575377702713,0.4701819121837616,0.24944829940795898
20251106141351_TOP,conn1,20251106141351_TOP.png,,0.5476407408714294,0.2771531641483307,0.5339100956916809,0.2035393863916397
20251106141426_TOP,conn1,20251106141426_TOP.png,,0.5469077229499817,0.2701777517795563,0.5625249147415161,0.21709264814853668
20251106141502_TOP,conn1,20251106141502_TOP.png,,0.5665088891983032,0.2772463262081146,0.500066876411438,0.21892188489437103
20251106141538_TOP,conn1,20251106141538_TOP.png,,0.5621193051338196,0.27077367901802063,0.5718661546707153,0.22216302156448364
20251106141615_TOP,conn1,20251106141615_TOP.png,,0.5150760412216187,0.2649814486503601,0.5193837285041809,0.23521925508975983
20251106141652_TOP,conn1,20251106141652_TOP.png,,0.5507766008377075,0.26411449909210205,0.49565768241882324,0.20890676975250244
20251106141729_TOP,conn1,20251106141729_TOP.png,,0.5220388770103455,0.2747659385204315,0.4852469563484192,0.2435796558856964
20251106141804_TOP,conn1,20251106141804_TOP.png,,0.5461679697036743,0.27621448040008545,0.5337488055229187,0.2228858321905136
20251106141840_TOP,conn1,20251106141840_TOP.png,,0.5231931209564209,0.27948006987571716,0.4452264904975891,0.23671424388885498
20251106141916_TOP,conn1,20251106141916_TOP.png,,0.5629757642745972,0.2584286630153656,0.5282793641090393,0.22100263833999634
20251106141954_TOP,conn1,20251106141954_TOP.png,,0.5445038676261902,0.2726151943206787,0.5098183155059814,0.22494204342365265
20251106142030_TOP,conn1,20251106142030_TOP.png,,0.5444238185882568,0.28439998626708984,0.50323086977005,0.23107299208641052
20251106142106_TOP,conn1,20251106142106_TOP.png,,0.5431405901908875,0.2751443386077881,0.5429511070251465,0.21743270754814148
20251106142143_TOP,conn1,20251106142143_TOP.png,,0.54038405418396,0.27161791920661926,0.49449777603149414,0.2261001467704773
20251106142218_TOP,conn1,20251106142218_TOP.png,,0.5468907952308655,0.28373363614082336,0.484467089176178,0.21819013357162476
20251106142255_TOP,conn1,20251106142255_TOP.png,,0.5481526851654053,0.26243555545806885,0.54701167345047,0.22738340497016907
20251106142332_TOP,conn1,20251106142332_TOP.png,,0.5408074855804443,0.2750925123691559,0.5053175091743469,0.20947737991809845
20251106142408_TOP,conn1,20251106142408_TOP.png,,0.5665635466575623,0.27264872193336487,0.522077202796936,0.21384359896183014
20251106142445_TOP,conn1,20251106142445_TOP.png,,0.5462758541107178,0.2653563618659973,0.5030500292778015,0.21797578036785126
20251106142521_TOP,conn1,20251106142521_TOP.png,,0.5426163077354431,0.2737683653831482,0.46770602464675903,0.19453412294387817
20251106142557_TOP,conn1,20251106142557_TOP.png,,0.5547248721122742,0.2800332307815552,0.5389129519462585,0.22684471309185028
20251106142633_TOP,conn1,20251106142633_TOP.png,,0.5461028814315796,0.2828443944454193,0.5505819916725159,0.22586366534233093
20251106142709_TOP,conn1,20251106142709_TOP.png,,0.5467627048492432,0.2708512544631958,0.5304511785507202,0.21600180864334106
20251106142745_TOP,conn1,20251106142745_TOP.png,,0.534882128238678,0.27354004979133606,0.5188397765159607,0.23345889151096344
20251106164243_TOP,conn1,20251106164243_TOP.png,,0.5757838487625122,0.2765360176563263,0.52280592918396,0.2364097386598587
20251106164318_TOP,conn1,20251106164318_TOP.png,,0.5514950156211853,0.2671883702278137,0.5413783192634583,0.23145128786563873
20251106164354_TOP,conn1,20251106164354_TOP.png,,0.5521296858787537,0.25951120257377625,0.534059464931488,0.21710418164730072
20251106164433_TOP,conn1,20251106164433_TOP.png,,0.5501369833946228,0.2726435661315918,0.5291260480880737,0.2243555337190628
20251106164507_TOP,conn1,20251106164507_TOP.png,,0.5377384424209595,0.25667378306388855,0.5162866115570068,0.20383532345294952
20251106164545_TOP,conn1,20251106164545_TOP.png,,0.5491172075271606,0.26400187611579895,0.5331787467002869,0.21246285736560822
20251106164620_TOP,conn1,20251106164620_TOP.png,,0.5868373513221741,0.2807013988494873,0.6235648393630981,0.27744725346565247
20251106164656_TOP,conn1,20251106164656_TOP.png,,0.5380107164382935,0.27739229798316956,0.4364108443260193,0.24337993562221527
20251106164732_TOP,conn1,20251106164732_TOP.png,,0.5499775409698486,0.2706017792224884,0.4780040979385376,0.20766256749629974
20251106164808_TOP,conn1,20251106164808_TOP.png,,0.5656887292861938,0.2640693485736847,0.5145551562309265,0.20738467574119568
20251106164844_TOP,conn1,20251106164844_TOP.png,,0.5316850543022156,0.26755279302597046,0.4622640907764435,0.2305581122636795
20251106164921_TOP,conn1,20251106164921_TOP.png,,0.5503737330436707,0.2725773751735687,0.5129364728927612,0.21469508111476898
20251106164957_TOP,conn1,20251106164957_TOP.png,,0.5559026002883911,0.2682921290397644,0.5305835604667664,0.22189471125602722
20251106165034_TOP,conn1,20251106165034_TOP.png,,0.5811527371406555,0.27976536750793457,0.565403163433075,0.2292579859495163
20251106165110_TOP,conn1,20251106165110_TOP.png,,0.5485476851463318,0.27151161432266235,0.526009202003479,0.23903779685497284
20251106165146_TOP,conn1,20251106165146_TOP.png,,0.5311005711555481,0.27703550457954407,0.48716315627098083,0.24244681000709534
20251106165224_TOP,conn1,20251106165224_TOP.png,,0.5594773292541504,0.27296876907348633,0.5553895235061646,0.22344709932804108
20251106165259_TOP,conn1,20251106165259_TOP.png,,0.5633085370063782,0.26811283826828003,0.5672211050987244,0.229193314909935
20251106165335_TOP,conn1,20251106165335_TOP.png,,0.5435002446174622,0.26148584485054016,0.4701111316680908,0.22595909237861633
20251106165411_TOP,conn1,20251106165411_TOP.png,,0.5531935095787048,0.27145326137542725,0.535912811756134,0.23099321126937866
20251106165448_TOP,conn1,20251106165448_TOP.png,,0.5396177172660828,0.27922582626342773,0.45668715238571167,0.2302655130624771
20251106165523_TOP,conn1,20251106165523_TOP.png,,0.5490382313728333,0.26095595955848694,0.5637215971946716,0.22263501584529877
20251106165601_TOP,conn1,20251106165601_TOP.png,,0.5452092289924622,0.2688733637332916,0.5619730949401855,0.22028332948684692
20251106165638_TOP,conn1,20251106165638_TOP.png,,0.5671557784080505,0.27781328558921814,0.5831603407859802,0.21275541186332703
20251106165714_TOP,conn1,20251106165714_TOP.png,,0.5766599774360657,0.27630501985549927,0.5616952776908875,0.23367440700531006
20251106165750_TOP,conn1,20251106165750_TOP.png,,0.5555042028427124,0.27206364274024963,0.511426568031311,0.22372768819332123
20251106165826_TOP,conn1,20251106165826_TOP.png,,0.5505706071853638,0.27160772681236267,0.5314289331436157,0.23923514783382416
20251106165901_TOP,conn1,20251106165901_TOP.png,,0.5567116141319275,0.2760354280471802,0.5484232306480408,0.22979126870632172
20251106165939_TOP,conn1,20251106165939_TOP.png,,0.5453747510910034,0.27147483825683594,0.5046883225440979,0.22821898758411407
20251106110559_TOP,conn2,20251106110559_TOP.png,,0.4731144309043884,0.27220970392227173,0.43508753180503845,0.23025120794773102
20251106110633_TOP,conn2,20251106110633_TOP.png,,0.469207763671875,0.27031806111335754,0.43345195055007935,0.24189437925815582
20251106110712_TOP,conn2,20251106110712_TOP.png,,0.4585743844509125,0.2719480097293854,0.42268455028533936,0.20655430853366852
20251106110746_TOP,conn2,20251106110746_TOP.png,,0.48143815994262695,0.2742480933666229,0.4275657534599304,0.24485480785369873
20251106110824_TOP,conn2,20251106110824_TOP.png,,0.466194748878479,0.28168439865112305,0.42382562160491943,0.23169080913066864
20251106110900_TOP,conn2,20251106110900_TOP.png,,0.47309228777885437,0.2692421078681946,0.4484119117259979,0.24731160700321198
20251106110939_TOP,conn2,20251106110939_TOP.png,,0.47298192977905273,0.26506856083869934,0.4530220627784729,0.24770575761795044
20251106111015_TOP,conn2,20251106111015_TOP.png,,0.47387033700942993,0.27282223105430603,0.4466697573661804,0.25236907601356506
20251106111050_TOP,conn2,20251106111050_TOP.png,,0.4787641763687134,0.27017009258270264,0.47970032691955566,0.26895591616630554
20251106111126_TOP,conn2,20251106111126_TOP.png,,0.4564301371574402,0.2744724154472351,0.4436952471733093,0.2597004175186157
20251106111204_TOP,conn2,20251106111204_TOP.png,,0.462297648191452,0.2725689113140106,0.4174552261829376,0.22784191370010376
20251106111239_TOP,conn2,20251106111239_TOP.png,,0.46187546849250793,0.2671991288661957,0.42194515466690063,0.21224035322666168
20251106111316_TOP,conn2,20251106111316_TOP.png,,0.47324302792549133,0.27320390939712524,0.42996373772621155,0.2335844784975052
20251106111352_TOP,conn2,20251106111352_TOP.png,,0.4620584547519684,0.2713698148727417,0.41423866152763367,0.22694790363311768
20251106111429_TOP,conn2,20251106111429_TOP.png,,0.4715043604373932,0.26990267634391785,0.47767943143844604,0.2851719260215759
20251106111505_TOP,conn2,20251106111505_TOP.png,,0.4686201214790344,0.26566657423973083,0.3996202051639557,0.22918225824832916
20251106111542_TOP,conn2,20251106111542_TOP.png,,0.4747869074344635,0.27039578557014465,0.4397551119327545,0.23461556434631348
20251106111617_TOP,conn2,20251106111617_TOP.png,,0.46759191155433655,0.27415716648101807,0.42293044924736023,0.24653686583042145
20251106111653_TOP,conn2,20251106111653_TOP.png,,0.4575355648994446,0.26400482654571533,0.43884405493736267,0.2201942354440689
20251106111729_TOP,conn2,20251106111729_TOP.png,,0.48143285512924194,0.2722751200199127,0.47795483469963074,0.27008697390556335
20251106111808_TOP,conn2,20251106111808_TOP.png,,0.4785301387310028,0.2741229236125946,0.4502262473106384,0.2525208294391632
20251106111842_TOP,conn2,20251106111842_TOP.png,,0.46822798252105713,0.26589205861091614,0.45102906227111816,0.24285957217216492
20251106111918_TOP,conn2,20251106111918_TOP.png,,0.47969523072242737,0.28001633286476135,0.4314097464084625,0.2353648543357849
20251106111955_TOP,conn2,20251106111955_TOP.png,,0.46420395374298096,0.27128106355667114,0.4643031358718872,0.23843835294246674
20251106112032_TOP,conn2,20251106112032_TOP.png,,0.4539214074611664,0.2645925283432007,0.44872400164604187,0.2400284856557846
20251106112109_TOP,conn2,20251106112109_TOP.png,,0.47023314237594604,0.27120134234428406,0.42590004205703735,0.2530607581138611
20251106112144_TOP,conn2,20251106112144_TOP.png,,0.4784961938858032,0.2716542184352875,0.45287343859672546,0.2678499221801758
20251106112220_TOP,conn2,20251106112220_TOP.png,,0.4688740074634552,0.2671026885509491,0.4396534562110901,0.22480306029319763
20251106112255_TOP,conn2,20251106112255_TOP.png,,0.4717968702316284,0.2719426453113556,0.4493737518787384,0.23955565690994263
20251106112334_TOP,conn2,20251106112334_TOP.png,,0.4774799346923828,0.2779664695262909,0.41055700182914734,0.24866411089897156
20251106112409_TOP,conn2,20251106112409_TOP.png,,0.46523818373680115,0.2694692313671112,0.44812557101249695,0.22710786759853363
20251106112445_TOP,conn2,20251106112445_TOP.png,,0.46794310212135315,0.26492130756378174,0.44330066442489624,0.23954352736473083
20251106112523_TOP,conn2,20251106112523_TOP.png,,0.4625343680381775,0.27498871088027954,0.4360116720199585,0.2432154417037964
20251106112559_TOP,conn2,20251106112559_TOP.png,,0.4680207073688507,0.2669581174850464,0.43742814660072327,0.23587095737457275
20251106112633_TOP,conn2,20251106112633_TOP.png,,0.44956302642822266,0.26461783051490784,0.4174448847770691,0.22838880121707916
20251106112712_TOP,conn2,20251106112712_TOP.png,,0.4659607410430908,0.26506927609443665,0.3944734036922455,0.2037268429994583
20251106112748_TOP,conn2,20251106112748_TOP.png,,0.4702499210834503,0.26856693625450134,0.464968740940094,0.2556632161140442
20251106112823_TOP,conn2,20251106112823_TOP.png,,0.4857257902622223,0.2740371525287628,0.46381187438964844,0.24984773993492126
20251106112900_TOP,conn2,20251106112900_TOP.png,,0.4616086184978485,0.2771737575531006,0.49602052569389343,0.2718800902366638
20251106112937_TOP,conn2,20251106112937_TOP.png,,0.47143352031707764,0.27704471349716187,0.46650055050849915,0.24091221392154694
20251106113014_TOP,conn2,20251106113014_TOP.png,,0.47578194737434387,0.2752299904823303,0.4879128634929657,0.28553277254104614
20251106113049_TOP,conn2,20251106113049_TOP.png,,0.4749301075935364,0.27590230107307434,0.46015533804893494,0.23943284153938293
20251106113126_TOP,conn2,20251106113126_TOP.png,,0.4618983864784241,0.26606518030166626,0.4311370253562927,0.24004726111888885
20251106113202_TOP,conn2,20251106113202_TOP.png,,0.46333110332489014,0.2694973051548004,0.43301695585250854,0.23719216883182526
20251106113240_TOP,conn2,20251106113240_TOP.png,,0.47076353430747986,0.27311620116233826,0.4647020697593689,0.25411510467529297
20251106113316_TOP,conn2,20251106113316_TOP.png,,0.44656503200531006,0.2608819901943207,0.47436773777008057,0.27328014373779297
20251106113351_TOP,conn2,20251106113351_TOP.png,,0.4604962468147278,0.27272671461105347,0.47484099864959717,0.24749192595481873
20251106113428_TOP,conn2,20251106113428_TOP.png,,0.4773739278316498,0.2702758312225342,0.4479004144668579,0.23815861344337463
20251106130408_TOP,conn2,20251106130408_TOP.png,,0.4560919404029846,0.2623339295387268,0.4386134743690491,0.22184094786643982
20251106130444_TOP,conn2,20251106130444_TOP.png,,0.46599119901657104,0.2733615040779114,0.43524932861328125,0.2502683401107788
20251106130521_TOP,conn2,20251106130521_TOP.png,,0.45750707387924194,0.27232468128204346,0.44156283140182495,0.2384272664785385
20251106130557_TOP,conn2,20251106130557_TOP.png,,0.4701135754585266,0.2664242684841156,0.4162617325782776,0.22134777903556824
20251106130633_TOP,conn2,20251106130633_TOP.png,,0.47017955780029297,0.2747252583503723,0.4486151933670044,0.2583150565624237
20251106130711_TOP,conn2,20251106130711_TOP.png,,0.4614105224609375,0.2665007412433624,0.4458352327346802,0.25096595287323
20251106130747_TOP,conn2,20251106130747_TOP.png,,0.45855721831321716,0.2720264494419098,0.4476042091846466,0.26129665970802307
20251106130824_TOP,conn2,20251106130824_TOP.png,,0.45443692803382874,0.263148695230484,0.41933077573776245,0.2097836136817932
20251106130903_TOP,conn2,20251106130903_TOP.png,,0.4644768536090851,0.2787643074989319,0.5050790309906006,0.2680557072162628
20251106130936_TOP,conn2,20251106130936_TOP.png,,0.4613054096698761,0.2724451422691345,0.4354356527328491,0.2541302442550659
20251106131013_TOP,conn2,20251106131013_TOP.png,,0.4781839847564697,0.27847716212272644,0.41680219769477844,0.22540026903152466
20251106131049_TOP,conn2,20251106131049_TOP.png,,0.4593842923641205,0.2677604854106903,0.4221555292606354,0.23547373712062836
20251106131124_TOP,conn2,20251106131124_TOP.png,,0.47124746441841125,0.27499961853027344,0.41578903794288635,0.219967320561409
20251106131202_TOP,conn2,20251106131202_TOP.png,,0.48371386528015137,0.26555976271629333,0.4877806305885315,0.2587553858757019
20251106131240_TOP,conn2,20251106131240_TOP.png,,0.45847246050834656,0.26257726550102234,0.42641976475715637,0.23224952816963196
20251106131314_TOP,conn2,20251106131314_TOP.png,,0.469635933637619,0.26988187432289124,0.42546287178993225,0.24740920960903168
20251106131351_TOP,conn2,20251106131351_TOP.png,,0.4717278480529785,0.2706758975982666,0.4316807687282562,0.2499699741601944
20251106131428_TOP,conn2,20251106131428_TOP.png,,0.45629578828811646,0.27471795678138733,0.44014036655426025,0.2585257887840271
20251106131503_TOP,conn2,20251106131503_TOP.png,,0.4658701419830322,0.2756909132003784,0.4602460265159607,0.23791879415512085
20251106131541_TOP,conn2,20251106131541_TOP.png,,0.4610670804977417,0.27094194293022156,0.45440906286239624,0.24153898656368256
20251106131615_TOP,conn2,20251106131615_TOP.png,,0.5060185194015503,0.2757999897003174,0.5536887645721436,0.2857201397418976
20251106131652_TOP,conn2,20251106131652_TOP.png,,0.47929078340530396,0.27507835626602173,0.4378347396850586,0.233976811170578
20251106131729_TOP,conn2,20251106131729_TOP.png,,0.4738219082355499,0.2721596956253052,0.4789614677429199,0.27701878547668457
20251106131805_TOP,conn2,20251106131805_TOP.png,,0.4551071524620056,0.2649815082550049,0.4370008111000061,0.22391848266124725
20251106131841_TOP,conn2,20251106131841_TOP.png,,0.467929869890213,0.28166013956069946,0.4717719554901123,0.24312542378902435
20251106131917_TOP,conn2,20251106131917_TOP.png,,0.4665695130825043,0.26659998297691345,0.45602118968963623,0.2510974705219269
20251106131952_TOP,conn2,20251106131952_TOP.png,,0.4624025523662567,0.2709735631942749,0.4369964003562927,0.243209570646286
20251106132030_TOP,conn2,20251106132030_TOP.png,,0.4581681787967682,0.2716367840766907,0.41549283266067505,0.23183469474315643
20251106132107_TOP,conn2,20251106132107_TOP.png,,0.46170589327812195,0.27067920565605164,0.4440673589706421,0.2571527659893036
20251106132144_TOP,conn2,20251106132144_TOP.png,,0.46096551418304443,0.2680586278438568,0.42878714203834534,0.2213088870048523
20251106132219_TOP,conn2,20251106132219_TOP.png,,0.4552426338195801,0.2680016756057739,0.4544144868850708,0.2544339597225189
20251106132256_TOP,conn2,20251106132256_TOP.png,,0.4590034484863281,0.27060550451278687,0.4399605691432953,0.2656495273113251
20251106132332_TOP,conn2,20251106132332_TOP.png,,0.46660321950912476,0.26973414421081543,0.4581989049911499,0.22533248364925385
20251106132408_TOP,conn2,20251106132408_TOP.png,,0.4713248312473297,0.2704099118709564,0.44632983207702637,0.262561172246933
20251106132445_TOP,conn2,20251106132445_TOP.png,,0.4577215015888214,0.276690274477005,0.4565955102443695,0.2590240240097046
20251106132520_TOP,conn2,20251106132520_TOP.png,,0.45836061239242554,0.26880523562431335,0.4370822012424469,0.23594117164611816
20251106132557_TOP,conn2,20251106132557_TOP.png,,0.47277775406837463,0.27389758825302124,0.44948962330818176,0.2598855793476105
20251106132635_TOP,conn2,20251106132635_TOP.png,,0.46544986963272095,0.27009159326553345,0.4411672055721283,0.2528756558895111
20251106132710_TOP,conn2,20251106132710_TOP.png,,0.4754115641117096,0.2670440673828125,0.4528258740901947,0.249839186668396
20251106132747_TOP,conn2,20251106132747_TOP.png,,0.4759754240512848,0.2790493965148926,0.5212664604187012,0.2851814031600952
20251106132824_TOP,conn2,20251106132824_TOP.png,,0.46477261185646057,0.2654569149017334,0.43485531210899353,0.23055610060691833
20251106132900_TOP,conn2,20251106132900_TOP.png,,0.4647373557090759,0.27299317717552185,0.44260498881340027,0.25086188316345215
20251106132935_TOP,conn2,20251106132935_TOP.png,,0.470957487821579,0.2657681107521057,0.4594476521015167,0.2565230131149292
20251106133012_TOP,conn2,20251106133012_TOP.png,,0.4675200581550598,0.2744472920894623,0.44785672426223755,0.26006728410720825
20251106133048_TOP,conn2,20251106133048_TOP.png,,0.4775877892971039,0.2745506465435028,0.4603351056575775,0.2623007595539093
20251106133124_TOP,conn2,20251106133124_TOP.png,,0.48144808411598206,0.2747604250907898,0.4530832767486572,0.25072020292282104
20251106133202_TOP,conn2,20251106133202_TOP.png,,0.4616442024707794,0.26251038908958435,0.4317026436328888,0.24724964797496796
20251106133238_TOP,conn2,20251106133238_TOP.png,,0.46586841344833374,0.2686050236225128,0.423775315284729,0.21862104535102844
20251106135917_TOP,conn2,20251106135917_TOP.png,,0.47067317366600037,0.273681640625,0.42287638783454895,0.22637657821178436
20251106135955_TOP,conn2,20251106135955_TOP.png,,0.47383901476860046,0.2706102728843689,0.4288899004459381,0.22312389314174652
20251106140029_TOP,conn2,20251106140029_TOP.png,,0.45589911937713623,0.27614665031433105,0.42387810349464417,0.21740667521953583
20251106140108_TOP,conn2,20251106140108_TOP.png,,0.463067889213562,0.27503588795661926,0.49515870213508606,0.2583027184009552
20251106140143_TOP,conn2,20251106140143_TOP.png,,0.4590562880039215,0.27604031562805176,0.41548407077789307,0.23132729530334473
20251106140220_TOP,conn2,20251106140220_TOP.png,,0.46704405546188354,0.27267730236053467,0.42589133977890015,0.21422743797302246
20251106140254_TOP,conn2,20251106140254_TOP.png,,0.47292596101760864,0.272903174161911,0.4690925180912018,0.25510844588279724
20251106140333_TOP,conn2,20251106140333_TOP.png,,0.47086644172668457,0.27556583285331726,0.44549858570098877,0.2474920004606247
20251106140408_TOP,conn2,20251106140408_TOP.png,,0.4596468508243561,0.26316043734550476,0.44046878814697266,0.23940466344356537
20251106140444_TOP,conn2,20251106140444_TOP.png,,0.4635699689388275,0.2757909595966339,0.4737999141216278,0.27238574624061584
20251106140521_TOP,conn2,20251106140521_TOP.png,,0.46198976039886475,0.26597070693969727,0.4531920254230499,0.23841165006160736
20251106140557_TOP,conn2,20251106140557_TOP.png,,0.4628838300704956,0.27022457122802734,0.46519607305526733,0.2530970573425293
20251106140634_TOP,conn2,20251106140634_TOP.png,,0.4514806866645813,0.265866219997406,0.4200614392757416,0.22468885779380798
20251106140711_TOP,conn2,20251106140711_TOP.png,,0.46026724576950073,0.2693879008293152,0.4581366181373596,0.26543542742729187
20251106140748_TOP,conn2,20251106140748_TOP.png,,0.47029370069503784,0.2727086544036865,0.49736106395721436,0.2768157124519348
20251106140823_TOP,conn2,20251106140823_TOP.png,,0.4771302044391632,0.269522100687027,0.47365784645080566,0.2553552985191345
20251106140859_TOP,conn2,20251106140859_TOP.png,,0.46302488446235657,0.26605093479156494,0.44952839612960815,0.22579152882099152
20251106140934_TOP,conn2,20251106140934_TOP.png,,0.4645015299320221,0.273164838552475,0.46573111414909363,0.2544136643409729
20251106141010_TOP,conn2,20251106141010_TOP.png,,0.45652854442596436,0.274207204580307,0.45477575063705444,0.24118413031101227
20251106141048_TOP,conn2,20251106141048_TOP.png,,0.4724147915840149,0.2719604969024658,0.44478821754455566,0.2417411208152771
20251106141123_TOP,conn2,20251106141123_TOP.png,,0.47403818368911743,0.2690507173538208,0.4772367775440216,0.24547219276428223
20251106141200_TOP,conn2,20251106141200_TOP.png,,0.4792337715625763,0.28036370873451233,0.47930359840393066,0.25574561953544617
20251106141239_TOP,conn2,20251106141239_TOP.png,,0.463996559381485,0.26617154479026794,0.44673970341682434,0.22496232390403748
20251106141313_TOP,conn2,20251106141313_TOP.png,,0.4657900333404541,0.27240949869155884,0.4732266664505005,0.2511503994464874
20251106141351_TOP,conn2,20251106141351_TOP.png,,0.46118611097335815,0.26228129863739014,0.45890387892723083,0.22707748413085938
20251106141426_TOP,conn2,20251106141426_TOP.png,,0.4489392638206482,0.26020362973213196,0.4416410028934479,0.22925052046775818
20251106141502_TOP,conn2,20251106141502_TOP.png,,0.4716179072856903,0.27090778946876526,0.47121453285217285,0.24840807914733887
20251106141538_TOP,conn2,20251106141538_TOP.png,,0.46585574746131897,0.26777222752571106,0.4421454071998596,0.23274241387844086
20251106141615_TOP,conn2,20251106141615_TOP.png,,0.47004032135009766,0.2691829204559326,0.49233338236808777,0.2576517164707184
20251106141652_TOP,conn2,20251106141652_TOP.png,,0.4492344856262207,0.2550696134567261,0.44570788741111755,0.21743160486221313
20251106141729_TOP,conn2,20251106141729_TOP.png,,0.47137582302093506,0.26397573947906494,0.46459221839904785,0.2471073567867279
20251106141804_TOP,conn2,20251106141804_TOP.png,,0.4596612751483917,0.2754991054534912,0.5015788078308105,0.2635301351547241
20251106141840_TOP,conn2,20251106141840_TOP.png,,0.47059112787246704,0.27451562881469727,0.45765841007232666,0.2549484372138977
20251106141916_TOP,conn2,20251106141916_TOP.png,,0.4639628827571869,0.2666574716567993,0.4556041955947876,0.22701185941696167
20251106141954_TOP,conn2,20251106141954_TOP.png,,0.4568675458431244,0.26351797580718994,0.4690198600292206,0.23711448907852173
20251106142030_TOP,conn2,20251106142030_TOP.png,,0.45970019698143005,0.2642478942871094,0.4558490514755249,0.24894075095653534
20251106142106_TOP,conn2,20251106142106_TOP.png,,0.46515122056007385,0.2678505480289459,0.442884236574173,0.23025548458099365
20251106142143_TOP,conn2,20251106142143_TOP.png,,0.4706253409385681,0.2677302360534668,0.484464555978775,0.25782549381256104
20251106142218_TOP,conn2,20251106142218_TOP.png,,0.45634907484054565,0.2601126730442047,0.4572354555130005,0.22641795873641968
20251106142255_TOP,conn2,20251106142255_TOP.png,,0.45877543091773987,0.2649707794189453,0.4375959038734436,0.21456588804721832
20251106142332_TOP,conn2,20251106142332_TOP.png,,0.4513891935348511,0.26370739936828613,0.46709075570106506,0.25607430934906006
20251106142408_TOP,conn2,20251106142408_TOP.png,,0.4692101776599884,0.2706700563430786,0.43829217553138733,0.2320532649755478
20251106142445_TOP,conn2,20251106142445_TOP.png,,0.47489607334136963,0.26147595047950745,0.4560386538505554,0.21941152215003967
20251106142521_TOP,conn2,20251106142521_TOP.png,,0.46154025197029114,0.26833319664001465,0.4772815704345703,0.23253397643566132
20251106142557_TOP,conn2,20251106142557_TOP.png,,0.47277411818504333,0.2660228908061981,0.46888813376426697,0.24269501864910126
20251106142633_TOP,conn2,20251106142633_TOP.png,,0.4749799966812134,0.26820775866508484,0.47994568943977356,0.2594772279262543
20251106142709_TOP,conn2,20251106142709_TOP.png,,0.4677928686141968,0.2621094584465027,0.44034910202026367,0.22990772128105164
20251106142745_TOP,conn2,20251106142745_TOP.png,,0.46616291999816895,0.2681635618209839,0.45032408833503723,0.2180013358592987
20251106164243_TOP,conn2,20251106164243_TOP.png,,0.4743076264858246,0.27235159277915955,0.484929621219635,0.2605457901954651
20251106164318_TOP,conn2,20251106164318_TOP.png,,0.4789595901966095,0.27103909850120544,0.4574398398399353,0.22944387793540955
20251106164354_TOP,conn2,20251106164354_TOP.png,,0.4680391550064087,0.26835402846336365,0.4614652395248413,0.23934976756572723
20251106164433_TOP,conn2,20251106164433_TOP.png,,0.4656350910663605,0.26900914311408997,0.4582584798336029,0.2240721583366394
20251106164507_TOP,conn2,20251106164507_TOP.png,,0.4647563397884369,0.2712693214416504,0.43592914938926697,0.2391919046640396
20251106164545_TOP,conn2,20251106164545_TOP.png,,0.47898223996162415,0.2624983489513397,0.47233861684799194,0.2396276593208313
20251106164620_TOP,conn2,20251106164620_TOP.png,,0.48680081963539124,0.2726825177669525,0.47223424911499023,0.24106809496879578
20251106164656_TOP,conn2,20251106164656_TOP.png,,0.4758125841617584,0.27310922741889954,0.455894410610199,0.24446798861026764
20251106164732_TOP,conn2,20251106164732_TOP.png,,0.47035425901412964,0.26474013924598694,0.46305495500564575,0.2515867352485657
20251106164808_TOP,conn2,20251106164808_TOP.png,,0.4782969057559967,0.2720049321651459,0.4615384638309479,0.24127888679504395
20251106164844_TOP,conn2,20251106164844_TOP.png,,0.46098095178604126,0.2616696357727051,0.45053282380104065,0.2272854745388031
20251106164921_TOP,conn2,20251106164921_TOP.png,,0.4840197265148163,0.2714381814002991,0.488737016916275,0.2618638277053833
20251106164957_TOP,conn2,20251106164957_TOP.png,,0.4726712107658386,0.2726782560348511,0.48844245076179504,0.26545342803001404
20251106165034_TOP,conn2,20251106165034_TOP.png,,0.48167669773101807,0.2696790099143982,0.46315279603004456,0.24203918874263763
20251106165110_TOP,conn2,20251106165110_TOP.png,,0.4752174913883209,0.2669562101364136,0.4681815505027771,0.255220890045166
20251106165146_TOP,conn2,20251106165146_TOP.png,,0.4787328541278839,0.26821303367614746,0.4785292446613312,0.23490220308303833
20251106165224_TOP,conn2,20251106165224_TOP.png,,0.47875016927719116,0.2686026990413666,0.45231983065605164,0.24793605506420135
20251106165259_TOP,conn2,20251106165259_TOP.png,,0.4852122962474823,0.2681683301925659,0.4505442976951599,0.22262448072433472
20251106165335_TOP,conn2,20251106165335_TOP.png,,0.4735741913318634,0.26571783423423767,0.45653867721557617,0.2331060767173767
20251106165411_TOP,conn2,20251106165411_TOP.png,,0.4727924168109894,0.26129692792892456,0.45393362641334534,0.22364690899848938
20251106165448_TOP,conn2,20251106165448_TOP.png,,0.4709314703941345,0.26895982027053833,0.4663092792034149,0.25157874822616577
20251106165523_TOP,conn2,20251106165523_TOP.png,,0.47095388174057007,0.2649621367454529,0.465944766998291,0.24586361646652222
20251106165601_TOP,conn2,20251106165601_TOP.png,,0.4800238311290741,0.2682131230831146,0.4888228178024292,0.2517823278903961
20251106165638_TOP,conn2,20251106165638_TOP.png,,0.47731658816337585,0.2667079567909241,0.46458619832992554,0.2500665485858917
20251106165714_TOP,conn2,20251106165714_TOP.png,,0.4735831618309021,0.26704737544059753,0.4721309542655945,0.24385036528110504
20251106165750_TOP,conn2,20251106165750_TOP.png,,0.48124557733535767,0.2654649317264557,0.47313812375068665,0.24330127239227295
20251106165826_TOP,conn2,20251106165826_TOP.png,,0.4722617268562317,0.26889750361442566,0.4465768337249756,0.23825731873512268
20251106165901_TOP,conn2,20251106165901_TOP.png,,0.48304077982902527,0.2699286639690399,0.4591290354728699,0.23381981253623962
20251106165939_TOP,conn2,20251106165939_TOP.png,,0.4770703911781311,0.269439160823822,0.4885287582874298,0.26377975940704346
20251106110559_TOP,conn3,20251106110559_TOP.png,,0.6003161072731018,0.2552564740180969,0.7165754437446594,0.17109833657741547
20251106110633_TOP,conn3,20251106110633_TOP.png,,0.5926199555397034,0.24334490299224854,0.7027186155319214,0.15836504101753235
20251106110712_TOP,conn3,20251106110712_TOP.png,,0.5990777015686035,0.25377005338668823,0.7115033268928528,0.17419563233852386
20251106110746_TOP,conn3,20251106110746_TOP.png,,0.6064486503601074,0.2456001341342926,0.7213442325592041,0.13403525948524475
20251106110824_TOP,conn3,20251106110824_TOP.png,,0.6000972986221313,0.24650564789772034,0.7258934378623962,0.14261898398399353
20251106110900_TOP,conn3,20251106110900_TOP.png,,0.6041582822799683,0.24848291277885437,0.7303252816200256,0.1331331878900528
20251106110939_TOP,conn3,20251106110939_TOP.png,,0.6103219389915466,0.24190564453601837,0.7421737909317017,0.12351404130458832
20251106111015_TOP,conn3,20251106111015_TOP.png,,0.5827797055244446,0.23473016917705536,0.7244723439216614,0.12947708368301392
20251106111050_TOP,conn3,20251106111050_TOP.png,,0.5899246335029602,0.24311432242393494,0.7310618162155151,0.12908793985843658
20251106111126_TOP,conn3,20251106111126_TOP.png,,0.6017252802848816,0.23365478217601776,0.7339205145835876,0.121527761220932
20251106111204_TOP,conn3,20251106111204_TOP.png,,0.5935819745063782,0.2503746449947357,0.6804840564727783,0.1453220546245575
20251106111239_TOP,conn3,20251106111239_TOP.png,,0.5994331240653992,0.2562319040298462,0.6986681818962097,0.17982913553714752
20251106111316_TOP,conn3,20251106111316_TOP.png,,0.6041064262390137,0.24667119979858398,0.729835033416748,0.1540774405002594
20251106111352_TOP,conn3,20251106111352_TOP.png,,0.6100537180900574,0.24491417407989502,0.7050163149833679,0.1452276110649109
20251106111429_TOP,conn3,20251106111429_TOP.png,,0.5948666334152222,0.23441925644874573,0.7247474193572998,0.129212886095047
20251106111505_TOP,conn3,20251106111505_TOP.png,,0.5976019501686096,0.2485893964767456,0.7210733890533447,0.14398086071014404
20251106111542_TOP,conn3,20251106111542_TOP.png,,0.6068527102470398,0.2479897141456604,0.7209576964378357,0.15574203431606293
20251106111617_TOP,conn3,20251106111617_TOP.png,,0.613554060459137,0.2398262470960617,0.7467761635780334,0.13874047994613647
20251106111653_TOP,conn3,20251106111653_TOP.png,,0.5982637405395508,0.2550647258758545,0.7025423049926758,0.18012166023254395
20251106111729_TOP,conn3,20251106111729_TOP.png,,0.6024703979492188,0.2371731698513031,0.7340167164802551,0.12731331586837769
20251106111808_TOP,conn3,20251106111808_TOP.png,,0.6018268465995789,0.24323269724845886,0.7277892827987671,0.13663090765476227
20251106111842_TOP,conn3,20251106111842_TOP.png,,0.6038760542869568,0.25082698464393616,0.705812394618988,0.14154686033725739
20251106111918_TOP,conn3,20251106111918_TOP.png,,0.5933437347412109,0.24827219545841217,0.7185092568397522,0.1555669754743576
20251106111955_TOP,conn3,20251106111955_TOP.png,,0.6073735356330872,0.25719767808914185,0.7193683981895447,0.17730838060379028
20251106112032_TOP,conn3,20251106112032_TOP.png,,0.602726936340332,0.25562024116516113,0.7293335795402527,0.1391410231590271
20251106112109_TOP,conn3,20251106112109_TOP.png,,0.5875260829925537,0.23985575139522552,0.7138830423355103,0.13429664075374603
20251106112144_TOP,conn3,20251106112144_TOP.png,,0.5919235944747925,0.23350676894187927,0.7166516780853271,0.13283313810825348
20251106112220_TOP,conn3,20251106112220_TOP.png,,0.6032093167304993,0.2552816569805145,0.7238389849662781,0.16585512459278107
20251106112255_TOP,conn3,20251106112255_TOP.png,,0.591241180896759,0.24623699486255646,0.707036554813385,0.16061218082904816
20251106112334_TOP,conn3,20251106112334_TOP.png,,0.6297363638877869,0.24599610269069672,0.7311294078826904,0.13759124279022217
20251106112409_TOP,conn3,20251106112409_TOP.png,,0.602324903011322,0.2606564164161682,0.7357079386711121,0.15318886935710907
20251106112445_TOP,conn3,20251106112445_TOP.png,,0.5967485904693604,0.2341950684785843,0.7270476818084717,0.1224781721830368
20251106112523_TOP,conn3,20251106112523_TOP.png,,0.6041397452354431,0.24348117411136627,0.7243616580963135,0.15189248323440552
20251106112559_TOP,conn3,20251106112559_TOP.png,,0.6034582257270813,0.24495649337768555,0.6981061100959778,0.15203939378261566
20251106112633_TOP,conn3,20251106112633_TOP.png,,0.599534273147583,0.24202972650527954,0.7302609086036682,0.1350456327199936
20251106112712_TOP,conn3,20251106112712_TOP.png,,0.6067193150520325,0.24250568449497223,0.7253995537757874,0.14711959660053253
20251106112748_TOP,conn3,20251106112748_TOP.png,,0.5881607532501221,0.2446473091840744,0.7043861746788025,0.141788512468338
20251106112823_TOP,conn3,20251106112823_TOP.png,,0.6006975173950195,0.24443989992141724,0.7254332900047302,0.1375005841255188
20251106112900_TOP,conn3,20251106112900_TOP.png,,0.6047797203063965,0.24769626557826996,0.7059155106544495,0.16147002577781677
20251106112937_TOP,conn3,20251106112937_TOP.png,,0.602151095867157,0.24849550426006317,0.6984418630599976,0.16275550425052643
20251106113014_TOP,conn3,20251106113014_TOP.png,,0.5960035920143127,0.24363964796066284,0.7293180227279663,0.13899162411689758
20251106113049_TOP,conn3,20251106113049_TOP.png,,0.605103611946106,0.24664577841758728,0.7154962420463562,0.1556612253189087
20251106113126_TOP,conn3,20251106113126_TOP.png,,0.6036996245384216,0.246743306517601,0.7512742877006531,0.1195908784866333
20251106113202_TOP,conn3,20251106113202_TOP.png,,0.6051036715507507,0.249800443649292,0.7268531918525696,0.1519719809293747
20251106113240_TOP,conn3,20251106113240_TOP.png,,0.6006739735603333,0.25130218267440796,0.7258896827697754,0.152975395321846
20251106113316_TOP,conn3,20251106113316_TOP.png,,0.6044127345085144,0.244424507021904,0.7397896647453308,0.12737256288528442
20251106113351_TOP,conn3,20251106113351_TOP.png,,0.5826277732849121,0.23434677720069885,0.7151691913604736,0.128657728433609
20251106113428_TOP,conn3,20251106113428_TOP.png,,0.5933901071548462,0.24303634464740753,0.7272628545761108,0.13525505363941193
20251106130408_TOP,conn3,20251106130408_TOP.png,,0.601932942867279,0.24429990351200104,0.6835659742355347,0.16687415540218353
20251106130444_TOP,conn3,20251106130444_TOP.png,,0.6037535667419434,0.250707745552063,0.7563663125038147,0.12442558258771896
20251106130521_TOP,conn3,20251106130521_TOP.png,,0.5881776809692383,0.24831461906433105,0.6924512982368469,0.15445245802402496
20251106130557_TOP,conn3,20251106130557_TOP.png,,0.6063416600227356,0.24876141548156738,0.7330838441848755,0.14671772718429565
20251106130633_TOP,conn3,20251106130633_TOP.png,,0.5922191739082336,0.2445840835571289,0.72744220495224,0.14027194678783417
20251106130711_TOP,conn3,20251106130711_TOP.png,,0.6026889681816101,0.2539816200733185,0.7512041926383972,0.12187246233224869
20251106130747_TOP,conn3,20251106130747_TOP.png,,0.5911976099014282,0.24877962470054626,0.7104660868644714,0.14561468362808228
20251106130824_TOP,conn3,20251106130824_TOP.png,,0.5828402042388916,0.25124475359916687,0.6959152817726135,0.16000550985336304
20251106130903_TOP,conn3,20251106130903_TOP.png,,0.6016930937767029,0.24665802717208862,0.7302971482276917,0.1372484415769577
20251106130936_TOP,conn3,20251106130936_TOP.png,,0.6347098350524902,0.2491128295660019,0.7423288226127625,0.12869121134281158
20251106131013_TOP,conn3,20251106131013_TOP.png,,0.6085444688796997,0.2571171224117279,0.7323097586631775,0.1459040343761444
20251106131049_TOP,conn3,20251106131049_TOP.png,,0.6132228970527649,0.24256663024425507,0.7132934331893921,0.1454678177833557
20251106131124_TOP,conn3,20251106131124_TOP.png,,0.5937198996543884,0.2437959611415863,0.7263580560684204,0.13663634657859802
20251106131202_TOP,conn3,20251106131202_TOP.png,,0.5956709980964661,0.23727351427078247,0.7254964709281921,0.1263001561164856
20251106131240_TOP,conn3,20251106131240_TOP.png,,0.5922309160232544,0.23806090652942657,0.7258728742599487,0.1246580109000206
20251106131314_TOP,conn3,20251106131314_TOP.png,,0.6079665422439575,0.23846939206123352,0.7247649431228638,0.1372244507074356
20251106131351_TOP,conn3,20251106131351_TOP.png,,0.599626898765564,0.24658556282520294,0.7419542670249939,0.12783807516098022
20251106131428_TOP,conn3,20251106131428_TOP.png,,0.5999225378036499,0.24168601632118225,0.7394013404846191,0.12375356256961823
20251106131503_TOP,conn3,20251106131503_TOP.png,,0.6183585524559021,0.24639737606048584,0.7271477580070496,0.1505187749862671
20251106131541_TOP,conn3,20251106131541_TOP.png,,0.6125363707542419,0.24893027544021606,0.7244935035705566,0.14893442392349243
20251106131615_TOP,conn3,20251106131615_TOP.png,,0.5644305348396301,0.2348008155822754,0.696077823638916,0.1338849514722824
20251106131652_TOP,conn3,20251106131652_TOP.png,,0.607765257358551,0.25072306394577026,0.723179280757904,0.15366524457931519
20251106131729_TOP,conn3,20251106131729_TOP.png,,0.5969884991645813,0.24814507365226746,0.7292791604995728,0.13088268041610718
20251106131805_TOP,conn3,20251106131805_TOP.png,,0.5947315096855164,0.24070730805397034,0.7140762805938721,0.1515885442495346
20251106131841_TOP,conn3,20251106131841_TOP.png,,0.600906491279602,0.24922464787960052,0.7349383234977722,0.13613569736480713
20251106131917_TOP,conn3,20251106131917_TOP.png,,0.5951853394508362,0.23471692204475403,0.7245791554450989,0.12991158664226532
20251106131952_TOP,conn3,20251106131952_TOP.png,,0.5981855988502502,0.24143487215042114,0.7131522297859192,0.13693945109844208
20251106132030_TOP,conn3,20251106132030_TOP.png,,0.6039050221443176,0.2431247979402542,0.735791802406311,0.13770975172519684
20251106132107_TOP,conn3,20251106132107_TOP.png,,0.6013259887695312,0.24600642919540405,0.7424651384353638,0.12733997404575348
20251106132144_TOP,conn3,20251106132144_TOP.png,,0.6036447882652283,0.2553856372833252,0.7297406792640686,0.1680562049150467
20251106132219_TOP,conn3,20251106132219_TOP.png,,0.6042535305023193,0.2402404546737671,0.7423726320266724,0.12592162191867828
20251106132256_TOP,conn3,20251106132256_TOP.png,,0.6077671647071838,0.25027695298194885,0.7271233201026917,0.13153411448001862
20251106132332_TOP,conn3,20251106132332_TOP.png,,0.5879663228988647,0.23854424059391022,0.6806284785270691,0.14894266426563263
20251106132408_TOP,conn3,20251106132408_TOP.png,,0.5939424633979797,0.23816443979740143,0.7185074090957642,0.13720527291297913
20251106132445_TOP,conn3,20251106132445_TOP.png,,0.580284833908081,0.24075254797935486,0.6815295219421387,0.15044045448303223
20251106132520_TOP,conn3,20251106132520_TOP.png,,0.5985913872718811,0.2429848313331604,0.7171506285667419,0.14207592606544495
20251106132557_TOP,conn3,20251106132557_TOP.png,,0.5992336869239807,0.24064914882183075,0.7386555075645447,0.11984453350305557
20251106132635_TOP,conn3,20251106132635_TOP.png,,0.6002222299575806,0.23558740317821503,0.6987175941467285,0.13789916038513184
20251106132710_TOP,conn3,20251106132710_TOP.png,,0.5871306657791138,0.2464217245578766,0.7023215889930725,0.14386464655399323
20251106132747_TOP,conn3,20251106132747_TOP.png,,0.5921802520751953,0.24253499507904053,0.7260178327560425,0.1372774988412857
20251106132824_TOP,conn3,20251106132824_TOP.png,,0.5966399312019348,0.23167221248149872,0.7260159850120544,0.12440428137779236
20251106132900_TOP,conn3,20251106132900_TOP.png,,0.5889377593994141,0.2390969842672348,0.7051533460617065,0.14148057997226715
20251106132935_TOP,conn3,20251106132935_TOP.png,,0.5964025259017944,0.23952247202396393,0.7224046587944031,0.13713863492012024
20251106133012_TOP,conn3,20251106133012_TOP.png,,0.5999024510383606,0.24283228814601898,0.7356961369514465,0.1386125236749649
20251106133048_TOP,conn3,20251106133048_TOP.png,,0.5984969735145569,0.24527251720428467,0.7246311902999878,0.13702327013015747
20251106133124_TOP,conn3,20251106133124_TOP.png,,0.5993152260780334,0.2526942789554596,0.7266944646835327,0.1456024944782257
20251106133202_TOP,conn3,20251106133202_TOP.png,,0.5934849977493286,0.24373924732208252,0.7252507209777832,0.1463596075773239
20251106133238_TOP,conn3,20251106133238_TOP.png,,0.6114779114723206,0.25321146845817566,0.7316213846206665,0.16302287578582764
20251106135917_TOP,conn3,20251106135917_TOP.png,,0.5925285220146179,0.2590981423854828,0.7256377935409546,0.16535411775112152
20251106135955_TOP,conn3,20251106135955_TOP.png,,0.5904933214187622,0.24527055025100708,0.7096689343452454,0.13972671329975128
20251106140029_TOP,conn3,20251106140029_TOP.png,,0.594346284866333,0.2596556842327118,0.7250137329101562,0.16852082312107086
20251106140108_TOP,conn3,20251106140108_TOP.png,,0.5856419205665588,0.24765150249004364,0.6928346753120422,0.15518653392791748
20251106140143_TOP,conn3,20251106140143_TOP.png,,0.5825204849243164,0.2460276335477829,0.7013030648231506,0.14798210561275482
20251106140220_TOP,conn3,20251106140220_TOP.png,,0.6104682683944702,0.25886690616607666,0.7170374393463135,0.16992557048797607
20251106140254_TOP,conn3,20251106140254_TOP.png,,0.5923249125480652,0.24697603285312653,0.7223739624023438,0.14256015419960022
20251106140333_TOP,conn3,20251106140333_TOP.png,,0.5992022752761841,0.2511218786239624,0.7194565534591675,0.14928723871707916
20251106140408_TOP,conn3,20251106140408_TOP.png,,0.5851877927780151,0.23966696858406067,0.7197461128234863,0.14098261296749115
20251106140444_TOP,conn3,20251106140444_TOP.png,,0.5981205105781555,0.24553075432777405,0.7377070188522339,0.13309916853904724
20251106140521_TOP,conn3,20251106140521_TOP.png,,0.6088616251945496,0.238465815782547,0.7288671731948853,0.13626208901405334
20251106140557_TOP,conn3,20251106140557_TOP.png,,0.5814817547798157,0.23781919479370117,0.6909851431846619,0.14258743822574615
20251106140634_TOP,conn3,20251106140634_TOP.png,,0.5912978053092957,0.25184762477874756,0.695415735244751,0.16566318273544312
20251106140711_TOP,conn3,20251106140711_TOP.png,,0.602147102355957,0.24003544449806213,0.7425876259803772,0.1287035495042801
20251106140748_TOP,conn3,20251106140748_TOP.png,,0.5889529585838318,0.23392896354198456,0.7185574173927307,0.13991095125675201
20251106140823_TOP,conn3,20251106140823_TOP.png,,0.5941614508628845,0.2438993752002716,0.7126075625419617,0.14514221251010895
20251106140859_TOP,conn3,20251106140859_TOP.png,,0.6020656824111938,0.24017351865768433,0.7052184343338013,0.14438392221927643
20251106140934_TOP,conn3,20251106140934_TOP.png,,0.5923213362693787,0.24828281998634338,0.7104436159133911,0.15025267004966736
20251106141010_TOP,conn3,20251106141010_TOP.png,,0.5911786556243896,0.24724148213863373,0.7121611833572388,0.16087111830711365
20251106141048_TOP,conn3,20251106141048_TOP.png,,0.6038194298744202,0.2399824559688568,0.7146327495574951,0.15264642238616943
20251106141123_TOP,conn3,20251106141123_TOP.png,,0.585278332233429,0.23536552488803864,0.6966198682785034,0.14157865941524506
20251106141200_TOP,conn3,20251106141200_TOP.png,,0.5980756878852844,0.2481076866388321,0.6980473399162292,0.1648828685283661
20251106141239_TOP,conn3,20251106141239_TOP.png,,0.606837809085846,0.2519147992134094,0.7115120887756348,0.1582447737455368
20251106141313_TOP,conn3,20251106141313_TOP.png,,0.6069055795669556,0.24568389356136322,0.7253344655036926,0.14740905165672302
20251106141351_TOP,conn3,20251106141351_TOP.png,,0.5882845520973206,0.24558104574680328,0.6837910413742065,0.14528071880340576
20251106141426_TOP,conn3,20251106141426_TOP.png,,0.5859487056732178,0.23971299827098846,0.704254150390625,0.14396657049655914
20251106141502_TOP,conn3,20251106141502_TOP.png,,0.6000082492828369,0.24811328947544098,0.7198824286460876,0.1461973637342453
20251106141538_TOP,conn3,20251106141538_TOP.png,,0.5901591777801514,0.24941661953926086,0.6922332048416138,0.15643499791622162
20251106141615_TOP,conn3,20251106141615_TOP.png,,0.5914787650108337,0.23914982378482819,0.721636176109314,0.13994687795639038
20251106141652_TOP,conn3,20251106141652_TOP.png,,0.5929886102676392,0.24901925027370453,0.7010892033576965,0.1549610197544098
20251106141729_TOP,conn3,20251106141729_TOP.png,,0.6094415187835693,0.2414260357618332,0.7266299724578857,0.1398574560880661
20251106141804_TOP,conn3,20251106141804_TOP.png,,0.6077845096588135,0.2534306049346924,0.7213285565376282,0.1560175120830536
20251106141840_TOP,conn3,20251106141840_TOP.png,,0.5927784442901611,0.2501010596752167,0.7063319087028503,0.14889656007289886
20251106141916_TOP,conn3,20251106141916_TOP.png,,0.5922132730484009,0.25005093216896057,0.6995048522949219,0.16521723568439484
20251106141954_TOP,conn3,20251106141954_TOP.png,,0.6078339219093323,0.2559099495410919,0.7118991017341614,0.16136528551578522
20251106142030_TOP,conn3,20251106142030_TOP.png,,0.5894777774810791,0.2466169148683548,0.7211459279060364,0.13257618248462677
20251106142106_TOP,conn3,20251106142106_TOP.png,,0.6016205549240112,0.2508409917354584,0.691802978515625,0.1629604548215866
20251106142143_TOP,conn3,20251106142143_TOP.png,,0.6006588935852051,0.24257992208003998,0.7002032399177551,0.149043008685112
20251106142218_TOP,conn3,20251106142218_TOP.png,,0.5940706729888916,0.24237604439258575,0.6867503523826599,0.15044371783733368
20251106142255_TOP,conn3,20251106142255_TOP.png,,0.6107634902000427,0.2567882537841797,0.7170299887657166,0.17523114383220673
20251106142332_TOP,conn3,20251106142332_TOP.png,,0.6078840494155884,0.2536381185054779,0.7361432909965515,0.15714475512504578
20251106142408_TOP,conn3,20251106142408_TOP.png,,0.5982916951179504,0.25604429841041565,0.7089910507202148,0.16085848212242126
20251106142445_TOP,conn3,20251106142445_TOP.png,,0.6051746606826782,0.250078946352005,0.7191308736801147,0.16157737374305725
20251106142521_TOP,conn3,20251106142521_TOP.png,,0.5832999348640442,0.2466367483139038,0.6922162175178528,0.15208661556243896
20251106142557_TOP,conn3,20251106142557_TOP.png,,0.5878172516822815,0.2405087649822235,0.6977071762084961,0.15368178486824036
20251106142633_TOP,conn3,20251106142633_TOP.png,,0.5898820161819458,0.24134095013141632,0.7185986638069153,0.1390640139579773
20251106142709_TOP,conn3,20251106142709_TOP.png,,0.5984342694282532,0.24311117827892303,0.7225514650344849,0.13848793506622314
20251106142745_TOP,conn3,20251106142745_TOP.png,,0.6051784753799438,0.25768348574638367,0.7117903828620911,0.17122845351696014
20251106164243_TOP,conn3,20251106164243_TOP.png,,0.6024686694145203,0.24788187444210052,0.7323316335678101,0.14128975570201874
20251106164318_TOP,conn3,20251106164318_TOP.png,,0.6090476512908936,0.24962928891181946,0.7094569206237793,0.1488761305809021
20251106164354_TOP,conn3,20251106164354_TOP.png,,0.5981789827346802,0.24844224750995636,0.7158957719802856,0.14718696475028992
20251106164433_TOP,conn3,20251106164433_TOP.png,,0.6058884263038635,0.2606552243232727,0.7196153998374939,0.17867302894592285
20251106164507_TOP,conn3,20251106164507_TOP.png,,0.5985544323921204,0.2526593804359436,0.7153030633926392,0.15190759301185608
20251106164545_TOP,conn3,20251106164545_TOP.png,,0.6051531434059143,0.24365803599357605,0.7254776954650879,0.14542189240455627
20251106164620_TOP,conn3,20251106164620_TOP.png,,0.5771680474281311,0.24822846055030823,0.6920186877250671,0.15625248849391937
20251106164656_TOP,conn3,20251106164656_TOP.png,,0.5951627492904663,0.2512524724006653,0.7201136350631714,0.14095091819763184
20251106164732_TOP,conn3,20251106164732_TOP.png,,0.6129778623580933,0.24757607281208038,0.7375938296318054,0.14667543768882751
20251106164808_TOP,conn3,20251106164808_TOP.png,,0.5980981588363647,0.2500413656234741,0.7105567455291748,0.14694586396217346
20251106164844_TOP,conn3,20251106164844_TOP.png,,0.6087862849235535,0.24807831645011902,0.7156624794006348,0.143249049782753
20251106164921_TOP,conn3,20251106164921_TOP.png,,0.5891630053520203,0.24657921493053436,0.7177846431732178,0.14526095986366272
20251106164957_TOP,conn3,20251106164957_TOP.png,,0.5982404351234436,0.25051313638687134,0.7253870368003845,0.15071503818035126
20251106165034_TOP,conn3,20251106165034_TOP.png,,0.591556191444397,0.244127094745636,0.7040934562683105,0.15752319991588593
20251106165110_TOP,conn3,20251106165110_TOP.png,,0.5951923727989197,0.24873043596744537,0.7273879051208496,0.14358289539813995
20251106165146_TOP,conn3,20251106165146_TOP.png,,0.6013192534446716,0.2548689842224121,0.7032493948936462,0.1684078872203827
20251106165224_TOP,conn3,20251106165224_TOP.png,,0.5938200354576111,0.24781903624534607,0.7225583791732788,0.1349458396434784
20251106165259_TOP,conn3,20251106165259_TOP.png,,0.6193037629127502,0.25772908329963684,0.717278778553009,0.16609008610248566
20251106165335_TOP,conn3,20251106165335_TOP.png,,0.6122440695762634,0.2602829337120056,0.7133103013038635,0.1736307144165039
20251106165411_TOP,conn3,20251106165411_TOP.png,,0.603202223777771,0.2595742344856262,0.7188150882720947,0.177558034658432
20251106165448_TOP,conn3,20251106165448_TOP.png,,0.5962113738059998,0.250141978263855,0.7271971702575684,0.1485792100429535
20251106165523_TOP,conn3,20251106165523_TOP.png,,0.6001240015029907,0.25604885816574097,0.7269201278686523,0.1491897702217102
20251106165601_TOP,conn3,20251106165601_TOP.png,,0.5976377725601196,0.24934044480323792,0.7034526467323303,0.1515752226114273
20251106165638_TOP,conn3,20251106165638_TOP.png,,0.6214796900749207,0.25344565510749817,0.727491021156311,0.16606970131397247
20251106165714_TOP,conn3,20251106165714_TOP.png,,0.5998106002807617,0.2420874536037445,0.7205401062965393,0.14183667302131653
20251106165750_TOP,conn3,20251106165750_TOP.png,,0.6032935976982117,0.2466151863336563,0.7208364605903625,0.14257533848285675
20251106165826_TOP,conn3,20251106165826_TOP.png,,0.6063884496688843,0.25151458382606506,0.7231267690658569,0.1640436053276062
20251106165901_TOP,conn3,20251106165901_TOP.png,,0.5930270552635193,0.24150130152702332,0.684852123260498,0.1458665132522583
20251106165939_TOP,conn3,20251106165939_TOP.png,,0.6167304515838623,0.2412487268447876,0.722614049911499,0.1495448499917984
20251106110559_TOP,conn4,20251106110559_TOP.png,,0.43862220644950867,0.20416726171970367,0.4516238868236542,0.154377281665802
20251106110633_TOP,conn4,20251106110633_TOP.png,,0.44446516036987305,0.20010970532894135,0.44457611441612244,0.1364678144454956
20251106110712_TOP,conn4,20251106110712_TOP.png,,0.4332484304904938,0.19680756330490112,0.4493134319782257,0.16871067881584167
20251106110746_TOP,conn4,20251106110746_TOP.png,,0.4227970242500305,0.20034641027450562,0.4306524097919464,0.15712794661521912
20251106110824_TOP,conn4,20251106110824_TOP.png,,0.4579187035560608,0.2161157876253128,0.4569937288761139,0.14229759573936462
20251106110900_TOP,conn4,20251106110900_TOP.png,,0.43263599276542664,0.20555450022220612,0.4529869854450226,0.1512119174003601
20251106110939_TOP,conn4,20251106110939_TOP.png,,0.43195462226867676,0.2065548598766327,0.43337416648864746,0.16766318678855896
20251106111015_TOP,conn4,20251106111015_TOP.png,,0.4492114782333374,0.2280612289905548,0.45259255170822144,0.1952165812253952
20251106111050_TOP,conn4,20251106111050_TOP.png,,0.43784838914871216,0.2011948972940445,0.4284893870353699,0.11763453483581543
20251106111126_TOP,conn4,20251106111126_TOP.png,,0.43075481057167053,0.20455017685890198,0.43079930543899536,0.14981311559677124
20251106111204_TOP,conn4,20251106111204_TOP.png,,0.41746294498443604,0.20293165743350983,0.34322643280029297,0.16178734600543976
20251106111239_TOP,conn4,20251106111239_TOP.png,,0.4369986057281494,0.21533703804016113,0.4532500207424164,0.15025784075260162
20251106111316_TOP,conn4,20251106111316_TOP.png,,0.4508536458015442,0.2052045613527298,0.4303506016731262,0.13471437990665436
20251106111352_TOP,conn4,20251106111352_TOP.png,,0.42139437794685364,0.19708897173404694,0.41943952441215515,0.1657179296016693
20251106111429_TOP,conn4,20251106111429_TOP.png,,0.4590791165828705,0.21411091089248657,0.437060683965683,0.14956456422805786
20251106111505_TOP,conn4,20251106111505_TOP.png,,0.45751485228538513,0.2135723978281021,0.4417512118816376,0.13380292057991028
20251106111542_TOP,conn4,20251106111542_TOP.png,,0.4421490430831909,0.22813303768634796,0.4057314693927765,0.16865785419940948
20251106111617_TOP,conn4,20251106111617_TOP.png,,0.45055198669433594,0.20661118626594543,0.4375447630882263,0.13252203166484833
20251106111653_TOP,conn4,20251106111653_TOP.png,,0.4083048701286316,0.19694431126117706,0.41473302245140076,0.1735038459300995
20251106111729_TOP,conn4,20251106111729_TOP.png,,0.43937981128692627,0.22766347229480743,0.4279400706291199,0.18490803241729736
20251106111808_TOP,conn4,20251106111808_TOP.png,,0.42591655254364014,0.19802749156951904,0.42355483770370483,0.15790407359600067
20251106111842_TOP,conn4,20251106111842_TOP.png,,0.4408489167690277,0.23559269309043884,0.44183290004730225,0.20865413546562195
20251106111918_TOP,conn4,20251106111918_TOP.png,,0.45109251141548157,0.2145785689353943,0.4178707003593445,0.14349544048309326
20251106111955_TOP,conn4,20251106111955_TOP.png,,0.44466254115104675,0.21352605521678925,0.4323003888130188,0.15387950837612152
20251106112032_TOP,conn4,20251106112032_TOP.png,,0.4369198977947235,0.2123362421989441,0.4407775402069092,0.17426419258117676
20251106112109_TOP,conn4,20251106112109_TOP.png,,0.436190128326416,0.20806565880775452,0.42287054657936096,0.16972549259662628
20251106112144_TOP,conn4,20251106112144_TOP.png,,0.4150186777114868,0.20926904678344727,0.40447044372558594,0.17501068115234375
20251106112220_TOP,conn4,20251106112220_TOP.png,,0.4403989911079407,0.1996595561504364,0.4084029495716095,0.16190321743488312
20251106112255_TOP,conn4,20251106112255_TOP.png,,0.47960394620895386,0.2367319017648697,0.4709976315498352,0.23282013833522797
20251106112334_TOP,conn4,20251106112334_TOP.png,,0.43170151114463806,0.20144467055797577,0.4515710771083832,0.1653568148612976
20251106112409_TOP,conn4,20251106112409_TOP.png,,0.48297885060310364,0.21174320578575134,0.4798443615436554,0.1734883338212967
20251106112445_TOP,conn4,20251106112445_TOP.png,,0.45913293957710266,0.22757500410079956,0.4295113980770111,0.18021860718727112
20251106112523_TOP,conn4,20251106112523_TOP.png,,0.4376450181007385,0.2067776620388031,0.44101810455322266,0.16885362565517426
20251106112559_TOP,conn4,20251106112559_TOP.png,,0.4566437602043152,0.22130455076694489,0.4441637396812439,0.13777393102645874
20251106112633_TOP,conn4,20251106112633_TOP.png,,0.44139450788497925,0.20341452956199646,0.42898744344711304,0.14129726588726044
20251106112712_TOP,conn4,20251106112712_TOP.png,,0.4294032156467438,0.20193162560462952,0.435110867023468,0.1503155380487442
20251106112748_TOP,conn4,20251106112748_TOP.png,,0.44707190990448,0.20293939113616943,0.43874406814575195,0.13177157938480377
20251106112823_TOP,conn4,20251106112823_TOP.png,,0.45059266686439514,0.21058015525341034,0.4492048919200897,0.16770854592323303
20251106112900_TOP,conn4,20251106112900_TOP.png,,0.48354679346084595,0.2418689876794815,0.4746502637863159,0.23219411075115204
20251106112937_TOP,conn4,20251106112937_TOP.png,,0.44752439856529236,0.21351505815982819,0.4587498605251312,0.16908326745033264
20251106113014_TOP,conn4,20251106113014_TOP.png,,0.4378911256790161,0.2050972431898117,0.44258448481559753,0.12467540055513382
20251106113049_TOP,conn4,20251106113049_TOP.png,,0.4425986409187317,0.19906844198703766,0.44196587800979614,0.12397187948226929
20251106113126_TOP,conn4,20251106113126_TOP.png,,0.44011253118515015,0.20214293897151947,0.4529412090778351,0.16250202059745789
20251106113202_TOP,conn4,20251106113202_TOP.png,,0.4357343912124634,0.2014244645833969,0.42771992087364197,0.14690269529819489
20251106113240_TOP,conn4,20251106113240_TOP.png,,0.40746384859085083,0.21282213926315308,0.41367319226264954,0.17011189460754395
20251106113316_TOP,conn4,20251106113316_TOP.png,,0.4333712160587311,0.23259544372558594,0.438774436712265,0.2131517380475998
20251106113351_TOP,conn4,20251106113351_TOP.png,,0.4447593092918396,0.23677462339401245,0.4614492356777191,0.21593952178955078
20251106113428_TOP,conn4,20251106113428_TOP.png,,0.4032469093799591,0.2177227884531021,0.3869224488735199,0.1976955384016037
20251106130408_TOP,conn4,20251106130408_TOP.png,,0.45368289947509766,0.18826131522655487,0.4808428883552551,0.1314501166343689
20251106130444_TOP,conn4,20251106130444_TOP.png,,0.45777323842048645,0.19932135939598083,0.469723641872406,0.1348077654838562
20251106130521_TOP,conn4,20251106130521_TOP.png,,0.4542439579963684,0.22196759283542633,0.46364906430244446,0.1960257589817047
20251106130557_TOP,conn4,20251106130557_TOP.png,,0.45148569345474243,0.2034452110528946,0.4461469352245331,0.15030252933502197
20251106130633_TOP,conn4,20251106130633_TOP.png,,0.4644538462162018,0.2471476048231125,0.45978376269340515,0.21062524616718292
20251106130711_TOP,conn4,20251106130711_TOP.png,,0.45334404706954956,0.20023831725120544,0.45308563113212585,0.13512106239795685
20251106130747_TOP,conn4,20251106130747_TOP.png,,0.4387536346912384,0.218790665268898,0.4353325068950653,0.1588645577430725
20251106130824_TOP,conn4,20251106130824_TOP.png,,0.42957717180252075,0.23409856855869293,0.4412521719932556,0.20234571397304535
20251106130903_TOP,conn4,20251106130903_TOP.png,,0.44872960448265076,0.2094544619321823,0.4271920323371887,0.134419247508049
20251106130936_TOP,conn4,20251106130936_TOP.png,,0.4328960180282593,0.2011471688747406,0.42745745182037354,0.152581587433815
20251106131013_TOP,conn4,20251106131013_TOP.png,,0.47244346141815186,0.21654190123081207,0.4875609874725342,0.18732568621635437
20251106131049_TOP,conn4,20251106131049_TOP.png,,0.43194445967674255,0.19159606099128723,0.4202956557273865,0.13533006608486176
20251106131124_TOP,conn4,20251106131124_TOP.png,,0.41509053111076355,0.21202349662780762,0.41690847277641296,0.1716175526380539
20251106131202_TOP,conn4,20251106131202_TOP.png,,0.41542506217956543,0.17273898422718048,0.4663006067276001,0.12834200263023376
20251106131240_TOP,conn4,20251106131240_TOP.png,,0.4416605532169342,0.20322857797145844,0.4402725398540497,0.1599627584218979
20251106131314_TOP,conn4,20251106131314_TOP.png,,0.44149574637413025,0.20198571681976318,0.4377768635749817,0.13232135772705078
20251106131351_TOP,conn4,20251106131351_TOP.png,,0.45210665464401245,0.20518337190151215,0.4346162974834442,0.13514864444732666
20251106131428_TOP,conn4,20251106131428_TOP.png,,0.4329095482826233,0.218055859208107,0.41989821195602417,0.18523657321929932
20251106131503_TOP,conn4,20251106131503_TOP.png,,0.43257197737693787,0.20450164377689362,0.4276706278324127,0.13175082206726074
20251106131541_TOP,conn4,20251106131541_TOP.png,,0.45086297392845154,0.20570231974124908,0.45565101504325867,0.1306852102279663
20251106131615_TOP,conn4,20251106131615_TOP.png,,0.43917185068130493,0.20123213529586792,0.4407466948032379,0.13236276805400848
20251106131652_TOP,conn4,20251106131652_TOP.png,,0.4539088010787964,0.2037697583436966,0.44748666882514954,0.128533273935318
20251106131729_TOP,conn4,20251106131729_TOP.png,,0.44004735350608826,0.20240207016468048,0.4455682039260864,0.15931469202041626
20251106131805_TOP,conn4,20251106131805_TOP.png,,0.44831374287605286,0.19903123378753662,0.4538072943687439,0.13470837473869324
20251106131841_TOP,conn4,20251106131841_TOP.png,,0.4200575351715088,0.1998061090707779,0.41263678669929504,0.14164534211158752
20251106131917_TOP,conn4,20251106131917_TOP.png,,0.44366633892059326,0.1999969184398651,0.4445437490940094,0.12951235473155975
20251106131952_TOP,conn4,20251106131952_TOP.png,,0.4095616638660431,0.20099827647209167,0.4110311269760132,0.16700123250484467
20251106132030_TOP,conn4,20251106132030_TOP.png,,0.44449830055236816,0.20588868856430054,0.42780810594558716,0.14722780883312225
20251106132107_TOP,conn4,20251106132107_TOP.png,,0.45131438970565796,0.20898813009262085,0.4513663947582245,0.13645492494106293
20251106132144_TOP,conn4,20251106132144_TOP.png,,0.46056732535362244,0.21211379766464233,0.43625983595848083,0.17251351475715637
20251106132219_TOP,conn4,20251106132219_TOP.png,,0.4470033645629883,0.20634157955646515,0.4253457486629486,0.14241591095924377
20251106132256_TOP,conn4,20251106132256_TOP.png,,0.43355289101600647,0.20540156960487366,0.4288161098957062,0.14696386456489563
20251106132332_TOP,conn4,20251106132332_TOP.png,,0.4618172347545624,0.2305113971233368,0.5115401148796082,0.23856393992900848
20251106132408_TOP,conn4,20251106132408_TOP.png,,0.4523872137069702,0.20196020603179932,0.4613720178604126,0.1346103698015213
20251106132445_TOP,conn4,20251106132445_TOP.png,,0.453669935464859,0.21409355103969574,0.47115203738212585,0.16503654420375824
20251106132520_TOP,conn4,20251106132520_TOP.png,,0.4578689932823181,0.19808590412139893,0.44398197531700134,0.1516284942626953
20251106132557_TOP,conn4,20251106132557_TOP.png,,0.43777480721473694,0.20319616794586182,0.43216046690940857,0.12972809374332428
20251106132635_TOP,conn4,20251106132635_TOP.png,,0.4717280864715576,0.24521182477474213,0.510047972202301,0.21017150580883026
20251106132710_TOP,conn4,20251106132710_TOP.png,,0.4381733536720276,0.20895519852638245,0.42614859342575073,0.1574956327676773
20251106132747_TOP,conn4,20251106132747_TOP.png,,0.39178088307380676,0.20187565684318542,0.3703930079936981,0.14331908524036407
20251106132824_TOP,conn4,20251106132824_TOP.png,,0.45702534914016724,0.21177636086940765,0.4436597228050232,0.1545691043138504
20251106132900_TOP,conn4,20251106132900_TOP.png,,0.43673813343048096,0.21375136077404022,0.46290650963783264,0.14757519960403442
20251106132935_TOP,conn4,20251106132935_TOP.png,,0.45088064670562744,0.23339998722076416,0.5039111375808716,0.16896206140518188
20251106133012_TOP,conn4,20251106133012_TOP.png,,0.45651334524154663,0.20467592775821686,0.44891005754470825,0.15913234651088715
20251106133048_TOP,conn4,20251106133048_TOP.png,,0.4399298131465912,0.20194773375988007,0.44529426097869873,0.14378130435943604
20251106133124_TOP,conn4,20251106133124_TOP.png,,0.4575716257095337,0.20745109021663666,0.4746696949005127,0.14934393763542175
20251106133202_TOP,conn4,20251106133202_TOP.png,,0.452975869178772,0.21667367219924927,0.47346243262290955,0.16790176928043365
20251106133238_TOP,conn4,20251106133238_TOP.png,,0.44781485199928284,0.21185539662837982,0.4205870032310486,0.1792895644903183
20251106135917_TOP,conn4,20251106135917_TOP.png,,0.41214048862457275,0.23315425217151642,0.4137459397315979,0.21186517179012299
20251106135955_TOP,conn4,20251106135955_TOP.png,,0.43958544731140137,0.23843659460544586,0.4683196544647217,0.2147681713104248
20251106140029_TOP,conn4,20251106140029_TOP.png,,0.45012468099594116,0.22862908244132996,0.4052274227142334,0.1880577653646469
20251106140108_TOP,conn4,20251106140108_TOP.png,,0.43874984979629517,0.22166502475738525,0.4442015588283539,0.18981237709522247
20251106140143_TOP,conn4,20251106140143_TOP.png,,0.4371703267097473,0.20208986103534698,0.4199649691581726,0.13465464115142822
20251106140220_TOP,conn4,20251106140220_TOP.png,,0.4281306266784668,0.19628310203552246,0.436228483915329,0.1583135724067688
20251106140254_TOP,conn4,20251106140254_TOP.png,,0.43633195757865906,0.2084060162305832,0.4483731687068939,0.14901688694953918
20251106140333_TOP,conn4,20251106140333_TOP.png,,0.408469557762146,0.21342334151268005,0.4046268165111542,0.19496606290340424
20251106140408_TOP,conn4,20251106140408_TOP.png,,0.4404829442501068,0.2046230286359787,0.42164382338523865,0.13077576458454132
20251106140444_TOP,conn4,20251106140444_TOP.png,,0.43502259254455566,0.19778257608413696,0.4332696199417114,0.14675123989582062
20251106140521_TOP,conn4,20251106140521_TOP.png,,0.45373985171318054,0.20473352074623108,0.44402429461479187,0.14131222665309906
20251106140557_TOP,conn4,20251106140557_TOP.png,,0.43298280239105225,0.2085638791322708,0.42516347765922546,0.1678769886493683
20251106140634_TOP,conn4,20251106140634_TOP.png,,0.4399692416191101,0.19030213356018066,0.435894250869751,0.12089744955301285
20251106140711_TOP,conn4,20251106140711_TOP.png,,0.4510311484336853,0.24645249545574188,0.4764033854007721,0.21726997196674347
20251106140748_TOP,conn4,20251106140748_TOP.png,,0.460670530796051,0.21248216927051544,0.4504016935825348,0.1713014841079712
20251106140823_TOP,conn4,20251106140823_TOP.png,,0.45170992612838745,0.20839230716228485,0.4212663173675537,0.12995091080665588
20251106140859_TOP,conn4,20251106140859_TOP.png,,0.466077595949173,0.21008111536502838,0.46040433645248413,0.12772035598754883
20251106140934_TOP,conn4,20251106140934_TOP.png,,0.45847204327583313,0.2046384960412979,0.4617883563041687,0.12670382857322693
20251106141010_TOP,conn4,20251106141010_TOP.png,,0.46784719824790955,0.21494922041893005,0.48681938648223877,0.1767025589942932
20251106141048_TOP,conn4,20251106141048_TOP.png,,0.44326916337013245,0.2075171172618866,0.4413144290447235,0.19799786806106567
20251106141123_TOP,conn4,20251106141123_TOP.png,,0.4527926743030548,0.20681892335414886,0.4370601773262024,0.1345459669828415
20251106141200_TOP,conn4,20251106141200_TOP.png,,0.44197189807891846,0.20523329079151154,0.3905058801174164,0.13468465209007263
20251106141239_TOP,conn4,20251106141239_TOP.png,,0.4721130132675171,0.24153968691825867,0.4814111888408661,0.22455307841300964
20251106141313_TOP,conn4,20251106141313_TOP.png,,0.4721805155277252,0.20657116174697876,0.4774627089500427,0.13937215507030487
20251106141351_TOP,conn4,20251106141351_TOP.png,,0.43775370717048645,0.2186344861984253,0.436654269695282,0.17783932387828827
20251106141426_TOP,conn4,20251106141426_TOP.png,,0.4442404806613922,0.2245544195175171,0.4618058204650879,0.20661477744579315
20251106141502_TOP,conn4,20251106141502_TOP.png,,0.4514346420764923,0.21205560863018036,0.45630893111228943,0.13950635492801666
20251106141538_TOP,conn4,20251106141538_TOP.png,,0.46938151121139526,0.2268248200416565,0.48421013355255127,0.1802862584590912
20251106141615_TOP,conn4,20251106141615_TOP.png,,0.4560566246509552,0.20292077958583832,0.47008323669433594,0.1270556002855301
20251106141652_TOP,conn4,20251106141652_TOP.png,,0.4636676609516144,0.2383246123790741,0.46744662523269653,0.21444302797317505
20251106141729_TOP,conn4,20251106141729_TOP.png,,0.4342184364795685,0.19683723151683807,0.41955408453941345,0.12150261551141739
20251106141804_TOP,conn4,20251106141804_TOP.png,,0.44571593403816223,0.20574527978897095,0.42832204699516296,0.12395056337118149
20251106141840_TOP,conn4,20251106141840_TOP.png,,0.46210354566574097,0.19651462137699127,0.4868074059486389,0.14230641722679138
20251106141916_TOP,conn4,20251106141916_TOP.png,,0.4485904276371002,0.20271284878253937,0.461887001991272,0.12955790758132935
20251106141954_TOP,conn4,20251106141954_TOP.png,,0.48215237259864807,0.24099214375019073,0.4787725508213043,0.2138611227273941
20251106142030_TOP,conn4,20251106142030_TOP.png,,0.4360966682434082,0.20750290155410767,0.4361288547515869,0.1472885012626648
20251106142106_TOP,conn4,20251106142106_TOP.png,,0.448245108127594,0.21137435734272003,0.44033828377723694,0.1485893279314041
20251106142143_TOP,conn4,20251106142143_TOP.png,,0.42747652530670166,0.19605714082717896,0.4150473177433014,0.1204739436507225
20251106142218_TOP,conn4,20251106142218_TOP.png,,0.44275832176208496,0.20378857851028442,0.4292389750480652,0.13558611273765564
20251106142255_TOP,conn4,20251106142255_TOP.png,,0.4546741843223572,0.2037075161933899,0.451673686504364,0.13169997930526733
20251106142332_TOP,conn4,20251106142332_TOP.png,,0.45693421363830566,0.20778721570968628,0.47622454166412354,0.13178883492946625
20251106142408_TOP,conn4,20251106142408_TOP.png,,0.46488624811172485,0.23057083785533905,0.4832932651042938,0.20736224949359894
20251106142445_TOP,conn4,20251106142445_TOP.png,,0.45796650648117065,0.2173038125038147,0.4503220021724701,0.17711389064788818
20251106142521_TOP,conn4,20251106142521_TOP.png,,0.4367712438106537,0.19708842039108276,0.41990914940834045,0.12181781977415085
20251106142557_TOP,conn4,20251106142557_TOP.png,,0.4378720819950104,0.2114841341972351,0.45174288749694824,0.1680355668067932
20251106142633_TOP,conn4,20251106142633_TOP.png,,0.4348786175251007,0.21220338344573975,0.44792643189430237,0.1845199316740036
20251106142709_TOP,conn4,20251106142709_TOP.png,,0.4575285017490387,0.20368725061416626,0.46629613637924194,0.12345164269208908
20251106142745_TOP,conn4,20251106142745_TOP.png,,0.46230795979499817,0.20290414988994598,0.4717511832714081,0.1334226280450821
20251106164243_TOP,conn4,20251106164243_TOP.png,,0.4571686387062073,0.20047679543495178,0.47522351145744324,0.12694978713989258
20251106164318_TOP,conn4,20251106164318_TOP.png,,0.45262959599494934,0.23421934247016907,0.4475902318954468,0.21826466917991638
20251106164354_TOP,conn4,20251106164354_TOP.png,,0.46878907084465027,0.205437570810318,0.4770398736000061,0.12478870153427124
20251106164433_TOP,conn4,20251106164433_TOP.png,,0.46153655648231506,0.20225593447685242,0.47984930872917175,0.13743601739406586
20251106164507_TOP,conn4,20251106164507_TOP.png,,0.4629198908805847,0.2083374559879303,0.46656209230422974,0.15293096005916595
20251106164545_TOP,conn4,20251106164545_TOP.png,,0.436593621969223,0.2313472032546997,0.4156050980091095,0.19729049503803253
20251106164620_TOP,conn4,20251106164620_TOP.png,,0.4459154009819031,0.22076642513275146,0.4468267560005188,0.1726248860359192
20251106164656_TOP,conn4,20251106164656_TOP.png,,0.4324679970741272,0.21170061826705933,0.42832204699516296,0.17484050989151
20251106164732_TOP,conn4,20251106164732_TOP.png,,0.46727389097213745,0.2092532515525818,0.4748360216617584,0.13595695793628693
20251106164808_TOP,conn4,20251106164808_TOP.png,,0.46274346113204956,0.21098627150058746,0.466963529586792,0.14265665411949158
20251106164844_TOP,conn4,20251106164844_TOP.png,,0.45313817262649536,0.2032490074634552,0.44699758291244507,0.123404860496521
20251106164921_TOP,conn4,20251106164921_TOP.png,,0.45157894492149353,0.20578010380268097,0.46436822414398193,0.16118651628494263
20251106164957_TOP,conn4,20251106164957_TOP.png,,0.46395280957221985,0.21111620962619781,0.44889214634895325,0.12198430299758911
20251106165034_TOP,conn4,20251106165034_TOP.png,,0.4731663167476654,0.2145208716392517,0.46493348479270935,0.16294626891613007
20251106165110_TOP,conn4,20251106165110_TOP.png,,0.47129741311073303,0.22585242986679077,0.45354729890823364,0.18975843489170074
20251106165146_TOP,conn4,20251106165146_TOP.png,,0.4707430601119995,0.21433250606060028,0.47802048921585083,0.14365799725055695
20251106165224_TOP,conn4,20251106165224_TOP.png,,0.4682431221008301,0.24899238348007202,0.4590720534324646,0.2183912694454193
20251106165259_TOP,conn4,20251106165259_TOP.png,,0.4511301517486572,0.24358046054840088,0.43729278445243835,0.21903619170188904
20251106165335_TOP,conn4,20251106165335_TOP.png,,0.4596407115459442,0.19804647564888,0.44876959919929504,0.12055577337741852
20251106165411_TOP,conn4,20251106165411_TOP.png,,0.46326470375061035,0.23028048872947693,0.4758729636669159,0.21173323690891266
20251106165448_TOP,conn4,20251106165448_TOP.png,,0.4597960114479065,0.20326974987983704,0.468483030796051,0.12571296095848083
20251106165523_TOP,conn4,20251106165523_TOP.png,,0.45951300859451294,0.20423370599746704,0.4478427767753601,0.13567017018795013
20251106165601_TOP,conn4,20251106165601_TOP.png,,0.4722761809825897,0.21379224956035614,0.45775577425956726,0.12478231638669968
20251106165638_TOP,conn4,20251106165638_TOP.png,,0.4652634263038635,0.2053602784872055,0.461106538772583,0.12004875391721725
20251106165714_TOP,conn4,20251106165714_TOP.png,,0.4612935185432434,0.20645935833454132,0.45589011907577515,0.12803784012794495
20251106165750_TOP,conn4,20251106165750_TOP.png,,0.4391164779663086,0.2066977471113205,0.4387913644313812,0.17039191722869873
20251106165826_TOP,conn4,20251106165826_TOP.png,,0.4615837633609772,0.2044939398765564,0.46826988458633423,0.12637388706207275
20251106165901_TOP,conn4,20251106165901_TOP.png,,0.4458605647087097,0.21693100035190582,0.4366447925567627,0.16439183056354523
20251106165939_TOP,conn4,20251106165939_TOP.png,,0.4456460177898407,0.20180940628051758,0.4230094850063324,0.11544185131788254
20251106110559_TOP,conn5,20251106110559_TOP.png,,0.5073378682136536,0.24228760600090027,0.456644207239151,0.2506093382835388
20251106110633_TOP,conn5,20251106110633_TOP.png,,0.5088449716567993,0.2441113293170929,0.48270905017852783,0.23839600384235382
20251106110712_TOP,conn5,20251106110712_TOP.png,,0.5474406480789185,0.2288130223751068,0.5060015916824341,0.2530016005039215
20251106110746_TOP,conn5,20251106110746_TOP.png,,0.5346922278404236,0.2479560226202011,0.5244612097740173,0.2534720003604889
20251106110824_TOP,conn5,20251106110824_TOP.png,,0.5349549651145935,0.24199369549751282,0.5481440424919128,0.2475525438785553
20251106110900_TOP,conn5,20251106110900_TOP.png,,0.5348354578018188,0.23836220800876617,0.5254122018814087,0.2604563534259796
20251106110939_TOP,conn5,20251106110939_TOP.png,,0.5373533368110657,0.24287468194961548,0.5563536882400513,0.23692120611667633
20251106111015_TOP,conn5,20251106111015_TOP.png,,0.5368955135345459,0.25216764211654663,0.5250297784805298,0.24293138086795807
20251106111050_TOP,conn5,20251106111050_TOP.png,,0.5464436411857605,0.2368892878293991,0.5208112597465515,0.24975934624671936
20251106111126_TOP,conn5,20251106111126_TOP.png,,0.521763801574707,0.26218563318252563,0.5355116724967957,0.2700101435184479
20251106111204_TOP,conn5,20251106111204_TOP.png,,0.5514086484909058,0.24176593124866486,0.57969731092453,0.22776496410369873
20251106111239_TOP,conn5,20251106111239_TOP.png,,0.5302000045776367,0.2504154145717621,0.5185331106185913,0.2606604993343353
20251106111316_TOP,conn5,20251106111316_TOP.png,,0.5299329161643982,0.2360476702451706,0.5218601822853088,0.2505149841308594
20251106111352_TOP,conn5,20251106111352_TOP.png,,0.5425156950950623,0.24554219841957092,0.5259292721748352,0.27030226588249207
20251106111429_TOP,conn5,20251106111429_TOP.png,,0.5232678055763245,0.24085669219493866,0.5113688707351685,0.2540634870529175
20251106111505_TOP,conn5,20251106111505_TOP.png,,0.5085716247558594,0.2339830845594406,0.5092933773994446,0.23280026018619537
20251106111542_TOP,conn5,20251106111542_TOP.png,,0.5381531715393066,0.2333373874425888,0.5128985643386841,0.24956388771533966
20251106111617_TOP,conn5,20251106111617_TOP.png,,0.479465514421463,0.24610669910907745,0.5111806392669678,0.2685897946357727
20251106111653_TOP,conn5,20251106111653_TOP.png,,0.5497103929519653,0.23200757801532745,0.5150430798530579,0.2509675621986389
20251106111729_TOP,conn5,20251106111729_TOP.png,,0.5458561182022095,0.24030955135822296,0.5451317429542542,0.23621971905231476
20251106111808_TOP,conn5,20251106111808_TOP.png,,0.5186902284622192,0.2560743987560272,0.5186368823051453,0.2572852075099945
20251106111842_TOP,conn5,20251106111842_TOP.png,,0.534549355506897,0.2405211478471756,0.5012496113777161,0.24547524750232697
20251106111918_TOP,conn5,20251106111918_TOP.png,,0.5189048051834106,0.2442363202571869,0.5618347525596619,0.2686510384082794
20251106111955_TOP,conn5,20251106111955_TOP.png,,0.5083544850349426,0.25866612792015076,0.4864950180053711,0.2668643891811371
20251106112032_TOP,conn5,20251106112032_TOP.png,,0.5239582657814026,0.24771340191364288,0.5369216203689575,0.2717380225658417
20251106112109_TOP,conn5,20251106112109_TOP.png,,0.4891095757484436,0.2538547217845917,0.4778006374835968,0.26905953884124756
20251106112144_TOP,conn5,20251106112144_TOP.png,,0.5639548301696777,0.24606455862522125,0.5608096718788147,0.26711297035217285
20251106112220_TOP,conn5,20251106112220_TOP.png,,0.5431604981422424,0.24423962831497192,0.5436468720436096,0.2620979845523834
20251106112255_TOP,conn5,20251106112255_TOP.png,,0.5365150570869446,0.24782207608222961,0.5543785095214844,0.23008228838443756
20251106112334_TOP,conn5,20251106112334_TOP.png,,0.531575620174408,0.24021773040294647,0.5377625226974487,0.25948211550712585
20251106112409_TOP,conn5,20251106112409_TOP.png,,0.49596095085144043,0.24501709640026093,0.5143657326698303,0.2339927852153778
20251106112445_TOP,conn5,20251106112445_TOP.png,,0.5525341033935547,0.2362176924943924,0.5651950836181641,0.23372434079647064
20251106112523_TOP,conn5,20251106112523_TOP.png,,0.5289640426635742,0.25439369678497314,0.4930364489555359,0.274582177400589
20251106112559_TOP,conn5,20251106112559_TOP.png,,0.5069342255592346,0.24419911205768585,0.5096336007118225,0.2405395209789276
20251106112633_TOP,conn5,20251106112633_TOP.png,,0.5036986470222473,0.25029587745666504,0.5310338139533997,0.25793954730033875
20251106112712_TOP,conn5,20251106112712_TOP.png,,0.5310705900192261,0.2400282621383667,0.4872762858867645,0.2563885748386383
20251106112748_TOP,conn5,20251106112748_TOP.png,,0.4884200096130371,0.23228639364242554,0.4235820770263672,0.23874032497406006
20251106112823_TOP,conn5,20251106112823_TOP.png,,0.5111247897148132,0.2633514106273651,0.561255693435669,0.2512661814689636
20251106112900_TOP,conn5,20251106112900_TOP.png,,0.5402019023895264,0.23974207043647766,0.5366494655609131,0.24918265640735626
20251106112937_TOP,conn5,20251106112937_TOP.png,,0.5316354632377625,0.24494630098342896,0.4966297447681427,0.25693652033805847
20251106113014_TOP,conn5,20251106113014_TOP.png,,0.511030375957489,0.22647202014923096,0.5190719962120056,0.23180022835731506
20251106113049_TOP,conn5,20251106113049_TOP.png,,0.5419097542762756,0.23782587051391602,0.5224565863609314,0.25449323654174805
20251106113126_TOP,conn5,20251106113126_TOP.png,,0.5326977372169495,0.2394065260887146,0.5289796590805054,0.2384715974330902
20251106113202_TOP,conn5,20251106113202_TOP.png,,0.5209105014801025,0.25824791193008423,0.552316427230835,0.2719676196575165
20251106113240_TOP,conn5,20251106113240_TOP.png,,0.5430962443351746,0.24024559557437897,0.5538873076438904,0.23900005221366882
20251106113316_TOP,conn5,20251106113316_TOP.png,,0.5232608318328857,0.2455342561006546,0.5198218822479248,0.2521924376487732
20251106113351_TOP,conn5,20251106113351_TOP.png,,0.5002743005752563,0.2519053518772125,0.5024206638336182,0.25545334815979004
20251106113428_TOP,conn5,20251106113428_TOP.png,,0.5231930613517761,0.25736936926841736,0.5490002632141113,0.24085025489330292
20251106130408_TOP,conn5,20251106130408_TOP.png,,0.5367382764816284,0.2360975593328476,0.5379517078399658,0.25490134954452515
20251106130444_TOP,conn5,20251106130444_TOP.png,,0.5246135592460632,0.24661250412464142,0.5579588413238525,0.25168928503990173
20251106130521_TOP,conn5,20251106130521_TOP.png,,0.5367368459701538,0.23768404126167297,0.4888620674610138,0.24764376878738403
20251106130557_TOP,conn5,20251106130557_TOP.png,,0.5343853831291199,0.23488478362560272,0.5631483793258667,0.22979126870632172
20251106130633_TOP,conn5,20251106130633_TOP.png,,0.5237330198287964,0.24895788729190826,0.5275239944458008,0.24749231338500977
20251106130711_TOP,conn5,20251106130711_TOP.png,,0.4855012893676758,0.25279220938682556,0.4920600354671478,0.25323793292045593
20251106130747_TOP,conn5,20251106130747_TOP.png,,0.5250952243804932,0.24532458186149597,0.5130247473716736,0.25667378306388855
20251106130824_TOP,conn5,20251106130824_TOP.png,,0.5384126901626587,0.2400786280632019,0.5382482409477234,0.24158985912799835
20251106130903_TOP,conn5,20251106130903_TOP.png,,0.5218690037727356,0.25233525037765503,0.5046814680099487,0.26346486806869507
20251106130936_TOP,conn5,20251106130936_TOP.png,,0.56357741355896,0.23476684093475342,0.5396294593811035,0.259329229593277
20251106131013_TOP,conn5,20251106131013_TOP.png,,0.5593599677085876,0.23577965795993805,0.518895149230957,0.25371429324150085
20251106131049_TOP,conn5,20251106131049_TOP.png,,0.5224307179450989,0.23403434455394745,0.479195237159729,0.20665757358074188
20251106131124_TOP,conn5,20251106131124_TOP.png,,0.5299187302589417,0.23493114113807678,0.5288485288619995,0.24713867902755737
20251106131202_TOP,conn5,20251106131202_TOP.png,,0.5525680184364319,0.24298377335071564,0.5556822419166565,0.23193934559822083
20251106131240_TOP,conn5,20251106131240_TOP.png,,0.544193685054779,0.24927204847335815,0.47764816880226135,0.257220983505249
20251106131314_TOP,conn5,20251106131314_TOP.png,,0.5427842140197754,0.23916000127792358,0.5407721996307373,0.2480853646993637
20251106131351_TOP,conn5,20251106131351_TOP.png,,0.4864766597747803,0.2580813765525818,0.4821205139160156,0.27370554208755493
20251106131428_TOP,conn5,20251106131428_TOP.png,,0.5411728620529175,0.23824498057365417,0.5005900859832764,0.265414297580719
20251106131503_TOP,conn5,20251106131503_TOP.png,,0.5104808211326599,0.23768845200538635,0.4926316738128662,0.2541075646877289
20251106131541_TOP,conn5,20251106131541_TOP.png,,0.5256670117378235,0.24539171159267426,0.5228310823440552,0.2636924684047699
20251106131615_TOP,conn5,20251106131615_TOP.png,,0.49268290400505066,0.23856836557388306,0.447430819272995,0.2525736391544342
20251106131652_TOP,conn5,20251106131652_TOP.png,,0.4876630902290344,0.2511404752731323,0.5049327611923218,0.2598923444747925
20251106131729_TOP,conn5,20251106131729_TOP.png,,0.4863826334476471,0.24951931834220886,0.47224903106689453,0.2601740062236786
20251106131805_TOP,conn5,20251106131805_TOP.png,,0.5289894938468933,0.2356904149055481,0.518620491027832,0.2566383481025696
20251106131841_TOP,conn5,20251106131841_TOP.png,,0.4921080768108368,0.23404712975025177,0.5000486969947815,0.24307537078857422
20251106131917_TOP,conn5,20251106131917_TOP.png,,0.4828258752822876,0.2422846555709839,0.492183655500412,0.2505297064781189
20251106131952_TOP,conn5,20251106131952_TOP.png,,0.5263464450836182,0.21843494474887848,0.4897530674934387,0.21751613914966583
20251106132030_TOP,conn5,20251106132030_TOP.png,,0.5310195684432983,0.2209056168794632,0.5127049088478088,0.24941256642341614
20251106132107_TOP,conn5,20251106132107_TOP.png,,0.49955201148986816,0.24157866835594177,0.47382840514183044,0.23778116703033447
20251106132144_TOP,conn5,20251106132144_TOP.png,,0.5531705617904663,0.24143539369106293,0.5999343991279602,0.21718251705169678
20251106132219_TOP,conn5,20251106132219_TOP.png,,0.5253760814666748,0.2566418945789337,0.5084465742111206,0.25011271238327026
20251106132256_TOP,conn5,20251106132256_TOP.png,,0.5199402570724487,0.24311748147010803,0.5346112847328186,0.22867970168590546
20251106132332_TOP,conn5,20251106132332_TOP.png,,0.5376858711242676,0.23730020225048065,0.5021470785140991,0.2531854212284088
20251106132408_TOP,conn5,20251106132408_TOP.png,,0.5238066911697388,0.24626317620277405,0.5262241959571838,0.24815605580806732
20251106132445_TOP,conn5,20251106132445_TOP.png,,0.5239896178245544,0.23687754571437836,0.5503029227256775,0.24675880372524261
20251106132520_TOP,conn5,20251106132520_TOP.png,,0.5299607515335083,0.25023677945137024,0.5225167274475098,0.2624843120574951
20251106132557_TOP,conn5,20251106132557_TOP.png,,0.49355050921440125,0.2348158359527588,0.5040938854217529,0.2732589542865753
20251106132635_TOP,conn5,20251106132635_TOP.png,,0.5481314063072205,0.23910486698150635,0.5451034903526306,0.2530827522277832
20251106132710_TOP,conn5,20251106132710_TOP.png,,0.5247814655303955,0.2475738525390625,0.5365719795227051,0.24348334968090057
20251106132747_TOP,conn5,20251106132747_TOP.png,,0.48171836137771606,0.2619606852531433,0.5281164646148682,0.2479710429906845
20251106132824_TOP,conn5,20251106132824_TOP.png,,0.5295702815055847,0.24191269278526306,0.5086457133293152,0.24825729429721832
20251106132900_TOP,conn5,20251106132900_TOP.png,,0.5383044481277466,0.2606901526451111,0.5648394823074341,0.2603193521499634
20251106132935_TOP,conn5,20251106132935_TOP.png,,0.5440179705619812,0.24908719956874847,0.5662713646888733,0.238860622048378
20251106133012_TOP,conn5,20251106133012_TOP.png,,0.5266380310058594,0.250496506690979,0.5467672944068909,0.23506079614162445
20251106133048_TOP,conn5,20251106133048_TOP.png,,0.49284353852272034,0.2610442638397217,0.48662567138671875,0.2664305865764618
20251106133124_TOP,conn5,20251106133124_TOP.png,,0.506004810333252,0.2535858154296875,0.5069953799247742,0.23778469860553741
20251106133202_TOP,conn5,20251106133202_TOP.png,,0.5183706879615784,0.23866607248783112,0.5441762804985046,0.25717106461524963
20251106133238_TOP,conn5,20251106133238_TOP.png,,0.5456393361091614,0.22936482727527618,0.5367667078971863,0.21595419943332672
20251106135917_TOP,conn5,20251106135917_TOP.png,,0.5561103224754333,0.2368835210800171,0.5488587021827698,0.27331283688545227
20251106135955_TOP,conn5,20251106135955_TOP.png,,0.5420444011688232,0.24828122556209564,0.5345133543014526,0.25343939661979675
20251106140029_TOP,conn5,20251106140029_TOP.png,,0.554049015045166,0.2378906011581421,0.5655591487884521,0.23606616258621216
20251106140108_TOP,conn5,20251106140108_TOP.png,,0.5459417104721069,0.2328997105360031,0.5098769068717957,0.2637041509151459
20251106140143_TOP,conn5,20251106140143_TOP.png,,0.5240597724914551,0.24285787343978882,0.5473588109016418,0.24812792241573334
20251106140220_TOP,conn5,20251106140220_TOP.png,,0.5209009051322937,0.2569267153739929,0.5531975030899048,0.24823161959648132
20251106140254_TOP,conn5,20251106140254_TOP.png,,0.5251182317733765,0.2609153687953949,0.555296778678894,0.26382726430892944
20251106140333_TOP,conn5,20251106140333_TOP.png,,0.5044875144958496,0.2627313435077667,0.49969902634620667,0.2731102406978607
20251106140408_TOP,conn5,20251106140408_TOP.png,,0.4734031558036804,0.2533179819583893,0.4965348541736603,0.26715540885925293
20251106140444_TOP,conn5,20251106140444_TOP.png,,0.5384128093719482,0.25298643112182617,0.5309171080589294,0.2682403028011322
20251106140521_TOP,conn5,20251106140521_TOP.png,,0.537781834602356,0.23405569791793823,0.46771562099456787,0.2275245487689972
20251106140557_TOP,conn5,20251106140557_TOP.png,,0.5494881868362427,0.2310047745704651,0.5159624814987183,0.2533490061759949
20251106140634_TOP,conn5,20251106140634_TOP.png,,0.507416307926178,0.24876193702220917,0.44586336612701416,0.2547175884246826
20251106140711_TOP,conn5,20251106140711_TOP.png,,0.5409694314002991,0.23751339316368103,0.4950478971004486,0.2497171014547348
20251106140748_TOP,conn5,20251106140748_TOP.png,,0.5306709408760071,0.22983922064304352,0.4703831374645233,0.23704665899276733
20251106140823_TOP,conn5,20251106140823_TOP.png,,0.48447293043136597,0.24585776031017303,0.45104843378067017,0.2570629119873047
20251106140859_TOP,conn5,20251106140859_TOP.png,,0.5532971024513245,0.22746394574642181,0.5271525382995605,0.2523749768733978
20251106140934_TOP,conn5,20251106140934_TOP.png,,0.5316198468208313,0.24775463342666626,0.5537000298500061,0.258369505405426
20251106141010_TOP,conn5,20251106141010_TOP.png,,0.49495774507522583,0.23243899643421173,0.5094786286354065,0.2628326117992401
20251106141048_TOP,conn5,20251106141048_TOP.png,,0.5461133122444153,0.2346005141735077,0.4819536507129669,0.24460244178771973
20251106141123_TOP,conn5,20251106141123_TOP.png,,0.4683132469654083,0.24238891899585724,0.4490469694137573,0.23183563351631165
20251106141200_TOP,conn5,20251106141200_TOP.png,,0.49304789304733276,0.2527088224887848,0.501929521560669,0.24937474727630615
20251106141239_TOP,conn5,20251106141239_TOP.png,,0.5492016673088074,0.23187705874443054,0.5246697068214417,0.24105848371982574
20251106141313_TOP,conn5,20251106141313_TOP.png,,0.4787880778312683,0.242606058716774,0.3636345863342285,0.2330857217311859
20251106141351_TOP,conn5,20251106141351_TOP.png,,0.5245394706726074,0.22849763929843903,0.5278587341308594,0.2212078869342804
20251106141426_TOP,conn5,20251106141426_TOP.png,,0.5416660904884338,0.2253822684288025,0.5128598213195801,0.2200319766998291
20251106141502_TOP,conn5,20251106141502_TOP.png,,0.5484644770622253,0.23589159548282623,0.5231415629386902,0.25085878372192383
20251106141538_TOP,conn5,20251106141538_TOP.png,,0.5407612323760986,0.22904092073440552,0.5390200018882751,0.23559916019439697
20251106141615_TOP,conn5,20251106141615_TOP.png,,0.47856447100639343,0.24426355957984924,0.4420377016067505,0.23719288408756256
20251106141652_TOP,conn5,20251106141652_TOP.png,,0.5474529266357422,0.23521657288074493,0.5220439434051514,0.24287551641464233
20251106141729_TOP,conn5,20251106141729_TOP.png,,0.5379160046577454,0.24066995084285736,0.5556891560554504,0.25436991453170776
20251106141804_TOP,conn5,20251106141804_TOP.png,,0.5449019074440002,0.23429498076438904,0.45863133668899536,0.23205113410949707
20251106141840_TOP,conn5,20251106141840_TOP.png,,0.5137616991996765,0.2757660150527954,0.47251376509666443,0.296062171459198
20251106141916_TOP,conn5,20251106141916_TOP.png,,0.5355710983276367,0.23419702053070068,0.4846886992454529,0.23802146315574646
20251106141954_TOP,conn5,20251106141954_TOP.png,,0.5593664646148682,0.2340995967388153,0.5435395240783691,0.24776916205883026
20251106142030_TOP,conn5,20251106142030_TOP.png,,0.5270177125930786,0.22986169159412384,0.5296188592910767,0.2271489053964615
20251106142106_TOP,conn5,20251106142106_TOP.png,,0.5077888369560242,0.22291725873947144,0.5264720916748047,0.22384169697761536
20251106142143_TOP,conn5,20251106142143_TOP.png,,0.54743492603302,0.23630169034004211,0.4964519143104553,0.2410125732421875
20251106142218_TOP,conn5,20251106142218_TOP.png,,0.5550353527069092,0.24034400284290314,0.518187940120697,0.242305725812912
20251106142255_TOP,conn5,20251106142255_TOP.png,,0.5525578856468201,0.2314354032278061,0.5152050256729126,0.24460993707180023
20251106142332_TOP,conn5,20251106142332_TOP.png,,0.5432385802268982,0.2256922572851181,0.5156669020652771,0.2183736115694046
20251106142408_TOP,conn5,20251106142408_TOP.png,,0.5335421562194824,0.23152214288711548,0.5205361247062683,0.24711792171001434
20251106142445_TOP,conn5,20251106142445_TOP.png,,0.5386286973953247,0.23288455605506897,0.5185763239860535,0.24203193187713623
20251106142521_TOP,conn5,20251106142521_TOP.png,,0.5673854947090149,0.23241262137889862,0.5214151740074158,0.24810773134231567
20251106142557_TOP,conn5,20251106142557_TOP.png,,0.5190841555595398,0.27269938588142395,0.47824761271476746,0.2625637948513031
20251106142633_TOP,conn5,20251106142633_TOP.png,,0.5474694967269897,0.23782308399677277,0.5133167505264282,0.24362529814243317
20251106142709_TOP,conn5,20251106142709_TOP.png,,0.4728506803512573,0.23943465948104858,0.4365183711051941,0.20089754462242126
20251106142745_TOP,conn5,20251106142745_TOP.png,,0.5488945841789246,0.2262469381093979,0.5388064980506897,0.23345622420310974
20251106164243_TOP,conn5,20251106164243_TOP.png,,0.5173945426940918,0.25381234288215637,0.4710715115070343,0.2506333589553833
20251106164318_TOP,conn5,20251106164318_TOP.png,,0.5247857570648193,0.2688731849193573,0.5755274891853333,0.2526688575744629
20251106164354_TOP,conn5,20251106164354_TOP.png,,0.4715009927749634,0.24133586883544922,0.4366271495819092,0.22592659294605255
20251106164433_TOP,conn5,20251106164433_TOP.png,,0.5378565192222595,0.2617301344871521,0.5957034826278687,0.2496187686920166
20251106164507_TOP,conn5,20251106164507_TOP.png,,0.5559473037719727,0.24685630202293396,0.5600989460945129,0.2573864161968231
20251106164545_TOP,conn5,20251106164545_TOP.png,,0.5401566624641418,0.24154314398765564,0.4852652847766876,0.23638242483139038
20251106164620_TOP,conn5,20251106164620_TOP.png,,0.5140848755836487,0.22950777411460876,0.490353524684906,0.22611874341964722
20251106164656_TOP,conn5,20251106164656_TOP.png,,0.5529173016548157,0.23022183775901794,0.5193620324134827,0.24660912156105042
20251106164732_TOP,conn5,20251106164732_TOP.png,,0.559562623500824,0.2314814329147339,0.5377317070960999,0.24402448534965515
20251106164808_TOP,conn5,20251106164808_TOP.png,,0.5331206321716309,0.23865044116973877,0.5301075577735901,0.24112126231193542
20251106164844_TOP,conn5,20251106164844_TOP.png,,0.5398727655410767,0.2239830642938614,0.6000337600708008,0.21748128533363342
20251106164921_TOP,conn5,20251106164921_TOP.png,,0.532580554485321,0.2535375952720642,0.5136112570762634,0.24951006472110748
20251106164957_TOP,conn5,20251106164957_TOP.png,,0.557235062122345,0.23252780735492706,0.5231872200965881,0.2410687655210495
20251106165034_TOP,conn5,20251106165034_TOP.png,,0.5683788657188416,0.23332250118255615,0.5566884875297546,0.25155845284461975
20251106165110_TOP,conn5,20251106165110_TOP.png,,0.5442803502082825,0.23155663907527924,0.4842039942741394,0.21457348763942719
20251106165146_TOP,conn5,20251106165146_TOP.png,,0.47668933868408203,0.23916871845722198,0.41280320286750793,0.21157237887382507
20251106165224_TOP,conn5,20251106165224_TOP.png,,0.5462818145751953,0.2675172984600067,0.5738815665245056,0.2616722583770752
20251106165259_TOP,conn5,20251106165259_TOP.png,,0.5652822852134705,0.24031606316566467,0.5560104846954346,0.24037286639213562
20251106165335_TOP,conn5,20251106165335_TOP.png,,0.5571926832199097,0.2291446030139923,0.5335936546325684,0.23974892497062683
20251106165411_TOP,conn5,20251106165411_TOP.png,,0.5322713851928711,0.2583373188972473,0.5319735407829285,0.24746273458003998
20251106165448_TOP,conn5,20251106165448_TOP.png,,0.4701211452484131,0.23717060685157776,0.48012450337409973,0.24380679428577423
20251106165523_TOP,conn5,20251106165523_TOP.png,,0.5187743306159973,0.27082619071006775,0.5023069381713867,0.26728981733322144
20251106165601_TOP,conn5,20251106165601_TOP.png,,0.5502510070800781,0.2320537120103836,0.5152427554130554,0.2339034527540207
20251106165638_TOP,conn5,20251106165638_TOP.png,,0.5616981983184814,0.2325366735458374,0.5340063571929932,0.24282501637935638
20251106165714_TOP,conn5,20251106165714_TOP.png,,0.5091873407363892,0.23371785879135132,0.4623224437236786,0.2291928082704544
20251106165750_TOP,conn5,20251106165750_TOP.png,,0.5068325996398926,0.261756956577301,0.4796009659767151,0.24438446760177612
20251106165826_TOP,conn5,20251106165826_TOP.png,,0.48160791397094727,0.23324966430664062,0.420320063829422,0.21840478479862213
20251106165901_TOP,conn5,20251106165901_TOP.png,,0.5183435082435608,0.2671455442905426,0.531295120716095,0.27395832538604736
20251106165939_TOP,conn5,20251106165939_TOP.png,,0.5529808402061462,0.23361951112747192,0.5012699365615845,0.25343871116638184
20251106110559_TOP,conn6,20251106110559_TOP.png,,0.5125173330307007,0.2723558247089386,0.5379258394241333,0.261294424533844
20251106110633_TOP,conn6,20251106110633_TOP.png,,0.4885158836841583,0.29200100898742676,0.6007884740829468,0.24672628939151764
20251106110712_TOP,conn6,20251106110712_TOP.png,,0.42746421694755554,0.2807063162326813,0.5839298963546753,0.24306046962738037
20251106110746_TOP,conn6,20251106110746_TOP.png,,0.5153994560241699,0.284461110830307,0.4765414595603943,0.25485607981681824
20251106110824_TOP,conn6,20251106110824_TOP.png,,0.49262672662734985,0.2855991721153259,0.5138033032417297,0.2630619406700134
20251106110900_TOP,conn6,20251106110900_TOP.png,,0.4829922318458557,0.2816014289855957,0.5246965289115906,0.2577465772628784
20251106110939_TOP,conn6,20251106110939_TOP.png,,0.4866618514060974,0.2797214984893799,0.5011170506477356,0.244204580783844
20251106111015_TOP,conn6,20251106111015_TOP.png,,0.4328514039516449,0.2550145089626312,0.5399228930473328,0.2627732455730438
20251106111050_TOP,conn6,20251106111050_TOP.png,,0.4931926131248474,0.27920424938201904,0.6063613295555115,0.2571207284927368
20251106111126_TOP,conn6,20251106111126_TOP.png,,0.48572471737861633,0.27222031354904175,0.5315144062042236,0.25877174735069275
20251106111204_TOP,conn6,20251106111204_TOP.png,,0.5143570899963379,0.3033490478992462,0.5450807809829712,0.28990262746810913
20251106111239_TOP,conn6,20251106111239_TOP.png,,0.479251891374588,0.26124146580696106,0.5408047437667847,0.2491820603609085
20251106111316_TOP,conn6,20251106111316_TOP.png,,0.43734368681907654,0.2503875195980072,0.44745302200317383,0.22046059370040894
20251106111352_TOP,conn6,20251106111352_TOP.png,,0.4838560223579407,0.2803071141242981,0.49758443236351013,0.25929680466651917
20251106111429_TOP,conn6,20251106111429_TOP.png,,0.4477516710758209,0.2606855034828186,0.48910677433013916,0.2384767234325409
20251106111505_TOP,conn6,20251106111505_TOP.png,,0.4457145929336548,0.2851434648036957,0.46600621938705444,0.25251075625419617
20251106111542_TOP,conn6,20251106111542_TOP.png,,0.4771824777126312,0.2953011095523834,0.5346872210502625,0.2914451062679291
20251106111617_TOP,conn6,20251106111617_TOP.png,,0.5281192660331726,0.2805778980255127,0.5968427062034607,0.2012150138616562
20251106111653_TOP,conn6,20251106111653_TOP.png,,0.5100672841072083,0.2954493463039398,0.4982363283634186,0.29473674297332764
20251106111729_TOP,conn6,20251106111729_TOP.png,,0.44039633870124817,0.26178693771362305,0.5074852108955383,0.23806317150592804
20251106111808_TOP,conn6,20251106111808_TOP.png,,0.4527765214443207,0.2752954065799713,0.4998703896999359,0.25794345140457153
20251106111842_TOP,conn6,20251106111842_TOP.png,,0.48569977283477783,0.2848500907421112,0.5425390005111694,0.27709847688674927
20251106111918_TOP,conn6,20251106111918_TOP.png,,0.4846130311489105,0.2815743088722229,0.5276291370391846,0.23309540748596191
20251106111955_TOP,conn6,20251106111955_TOP.png,,0.4462292492389679,0.2825823426246643,0.46615833044052124,0.2854973375797272
20251106112032_TOP,conn6,20251106112032_TOP.png,,0.43399497866630554,0.28706133365631104,0.4198845326900482,0.23792211711406708
20251106112109_TOP,conn6,20251106112109_TOP.png,,0.464839369058609,0.26768139004707336,0.4710015058517456,0.18755605816841125
20251106112144_TOP,conn6,20251106112144_TOP.png,,0.5189040303230286,0.2927605211734772,0.5725767016410828,0.2641136646270752
20251106112220_TOP,conn6,20251106112220_TOP.png,,0.4621230363845825,0.2883898615837097,0.5826123356819153,0.28665590286254883
20251106112255_TOP,conn6,20251106112255_TOP.png,,0.4315713346004486,0.27342429757118225,0.4292665123939514,0.2655509412288666
20251106112334_TOP,conn6,20251106112334_TOP.png,,0.44286733865737915,0.2729497253894806,0.5147439241409302,0.26475590467453003
20251106112409_TOP,conn6,20251106112409_TOP.png,,0.3494388461112976,0.25206467509269714,0.36630529165267944,0.26414990425109863
20251106112445_TOP,conn6,20251106112445_TOP.png,,0.5486652851104736,0.2940754294395447,0.6177421808242798,0.2417571246623993
20251106112523_TOP,conn6,20251106112523_TOP.png,,0.5165576934814453,0.28339070081710815,0.6011584997177124,0.2672671675682068
20251106112559_TOP,conn6,20251106112559_TOP.png,,0.46309176087379456,0.2929641604423523,0.4797714352607727,0.28364360332489014
20251106112633_TOP,conn6,20251106112633_TOP.png,,0.506625771522522,0.2842828035354614,0.4919268786907196,0.2291020154953003
20251106112712_TOP,conn6,20251106112712_TOP.png,,0.46569839119911194,0.27959954738616943,0.5257322788238525,0.25247636437416077
20251106112748_TOP,conn6,20251106112748_TOP.png,,0.45094117522239685,0.2698018252849579,0.4186793565750122,0.2416841983795166
20251106112823_TOP,conn6,20251106112823_TOP.png,,0.4779747426509857,0.2922074496746063,0.5139243602752686,0.28606319427490234
20251106112900_TOP,conn6,20251106112900_TOP.png,,0.5502333045005798,0.29738208651542664,0.5644637942314148,0.29022207856178284
20251106112937_TOP,conn6,20251106112937_TOP.png,,0.44989070296287537,0.24692769348621368,0.437263548374176,0.1921057403087616
20251106113014_TOP,conn6,20251106113014_TOP.png,,0.4681437015533447,0.2976672053337097,0.5481533408164978,0.2934233844280243
20251106113049_TOP,conn6,20251106113049_TOP.png,,0.507085382938385,0.2962898313999176,0.5239392518997192,0.28696638345718384
20251106113126_TOP,conn6,20251106113126_TOP.png,,0.5240994095802307,0.2974978983402252,0.4995037615299225,0.28238287568092346
20251106113202_TOP,conn6,20251106113202_TOP.png,,0.4742688834667206,0.28950971364974976,0.4828336238861084,0.2686251997947693
20251106113240_TOP,conn6,20251106113240_TOP.png,,0.5059953331947327,0.30170562863349915,0.5139451026916504,0.2784445285797119
20251106113316_TOP,conn6,20251106113316_TOP.png,,0.5040624141693115,0.30618563294410706,0.5975655317306519,0.26034024357795715
20251106113351_TOP,conn6,20251106113351_TOP.png,,0.4948108494281769,0.2785753607749939,0.5278469920158386,0.26221516728401184
20251106113428_TOP,conn6,20251106113428_TOP.png,,0.489706814289093,0.2750619053840637,0.5169796347618103,0.27212396264076233
20251106130408_TOP,conn6,20251106130408_TOP.png,,0.5689975619316101,0.3133043646812439,0.6202960014343262,0.28984755277633667
20251106130444_TOP,conn6,20251106130444_TOP.png,,0.46065226197242737,0.2748861014842987,0.5362987518310547,0.25336483120918274
20251106130521_TOP,conn6,20251106130521_TOP.png,,0.5148940682411194,0.30130472779273987,0.5562697052955627,0.27335235476493835
20251106130557_TOP,conn6,20251106130557_TOP.png,,0.4466399848461151,0.2364116907119751,0.4297628104686737,0.2272605448961258
20251106130633_TOP,conn6,20251106130633_TOP.png,,0.4980055093765259,0.26930466294288635,0.5062195658683777,0.27694350481033325
20251106130711_TOP,conn6,20251106130711_TOP.png,,0.5014869570732117,0.2573135495185852,0.5199087262153625,0.257637083530426
20251106130747_TOP,conn6,20251106130747_TOP.png,,0.503411054611206,0.2826257050037384,0.5272729396820068,0.28504127264022827
20251106130824_TOP,conn6,20251106130824_TOP.png,,0.49727892875671387,0.2879110872745514,0.48060137033462524,0.2752349078655243
20251106130903_TOP,conn6,20251106130903_TOP.png,,0.5031355619430542,0.2794855833053589,0.5313898324966431,0.25638049840927124
20251106130936_TOP,conn6,20251106130936_TOP.png,,0.5047879219055176,0.2667590379714966,0.4975326657295227,0.263976514339447
20251106131013_TOP,conn6,20251106131013_TOP.png,,0.4632164239883423,0.27455028891563416,0.5009268522262573,0.24640104174613953
20251106131049_TOP,conn6,20251106131049_TOP.png,,0.4710283577442169,0.26643189787864685,0.4626067578792572,0.24193526804447174
20251106131124_TOP,conn6,20251106131124_TOP.png,,0.4924543499946594,0.28938204050064087,0.5113567113876343,0.2721438407897949
20251106131202_TOP,conn6,20251106131202_TOP.png,,0.49658676981925964,0.27693459391593933,0.460867315530777,0.24594342708587646
20251106131240_TOP,conn6,20251106131240_TOP.png,,0.470359742641449,0.2939995527267456,0.5274372100830078,0.2661454975605011
20251106131314_TOP,conn6,20251106131314_TOP.png,,0.5115706920623779,0.3043295443058014,0.5584068298339844,0.27680572867393494
20251106131351_TOP,conn6,20251106131351_TOP.png,,0.5313479900360107,0.2941729426383972,0.6065480709075928,0.2542268633842468
20251106131428_TOP,conn6,20251106131428_TOP.png,,0.5608283281326294,0.2761153280735016,0.531429648399353,0.27752992510795593
20251106131503_TOP,conn6,20251106131503_TOP.png,,0.4899452030658722,0.29264283180236816,0.538862943649292,0.2865597605705261
20251106131541_TOP,conn6,20251106131541_TOP.png,,0.452623188495636,0.2781093716621399,0.5806775093078613,0.29245471954345703
20251106131615_TOP,conn6,20251106131615_TOP.png,,0.46815356612205505,0.28889334201812744,0.5898986458778381,0.28202947974205017
20251106131652_TOP,conn6,20251106131652_TOP.png,,0.5120214223861694,0.2830488979816437,0.5248227715492249,0.2668514847755432
20251106131729_TOP,conn6,20251106131729_TOP.png,,0.5084377527236938,0.30052611231803894,0.572056233882904,0.2825639247894287
20251106131805_TOP,conn6,20251106131805_TOP.png,,0.4621586501598358,0.2655986249446869,0.48716846108436584,0.25605088472366333
20251106131841_TOP,conn6,20251106131841_TOP.png,,0.431460976600647,0.2747677266597748,0.48804333806037903,0.25662297010421753
20251106131917_TOP,conn6,20251106131917_TOP.png,,0.4714949131011963,0.2908315062522888,0.5461199879646301,0.26861461997032166
20251106131952_TOP,conn6,20251106131952_TOP.png,,0.5100650787353516,0.2832767963409424,0.552474319934845,0.2532515227794647
20251106132030_TOP,conn6,20251106132030_TOP.png,,0.48512542247772217,0.2833879590034485,0.5022080540657043,0.2468658685684204
20251106132107_TOP,conn6,20251106132107_TOP.png,,0.47386059165000916,0.2631131410598755,0.5406785011291504,0.26575741171836853
20251106132144_TOP,conn6,20251106132144_TOP.png,,0.40157753229141235,0.2603738009929657,0.4532628357410431,0.2476036548614502
20251106132219_TOP,conn6,20251106132219_TOP.png,,0.5951098203659058,0.2758314311504364,0.5862745642662048,0.24532996118068695
20251106132256_TOP,conn6,20251106132256_TOP.png,,0.49412280321121216,0.2756115794181824,0.5160995125770569,0.23731645941734314
20251106132332_TOP,conn6,20251106132332_TOP.png,,0.5181935429573059,0.2486279159784317,0.5148667693138123,0.21064536273479462
20251106132408_TOP,conn6,20251106132408_TOP.png,,0.4793710708618164,0.28041723370552063,0.5228481292724609,0.259428471326828
20251106132445_TOP,conn6,20251106132445_TOP.png,,0.5072603821754456,0.2936561703681946,0.5818220973014832,0.2657686769962311
20251106132520_TOP,conn6,20251106132520_TOP.png,,0.47282886505126953,0.2997923493385315,0.5145640969276428,0.2722846567630768
20251106132557_TOP,conn6,20251106132557_TOP.png,,0.4448464512825012,0.29155871272087097,0.5044921636581421,0.2606286108493805
20251106132635_TOP,conn6,20251106132635_TOP.png,,0.5255661606788635,0.2783854007720947,0.5898053050041199,0.26775631308555603
20251106132710_TOP,conn6,20251106132710_TOP.png,,0.4952634274959564,0.300385057926178,0.481564462184906,0.2708144783973694
20251106132747_TOP,conn6,20251106132747_TOP.png,,0.4909322261810303,0.29205936193466187,0.565924882888794,0.2538124620914459
20251106132824_TOP,conn6,20251106132824_TOP.png,,0.5639580488204956,0.298611044883728,0.6022893190383911,0.26246190071105957
20251106132900_TOP,conn6,20251106132900_TOP.png,,0.5332907438278198,0.2938796579837799,0.6314676403999329,0.22595903277397156
20251106132935_TOP,conn6,20251106132935_TOP.png,,0.4884297251701355,0.28976917266845703,0.5191099047660828,0.2648944854736328
20251106133012_TOP,conn6,20251106133012_TOP.png,,0.4077591300010681,0.24231460690498352,0.39961788058280945,0.20880882441997528
20251106133048_TOP,conn6,20251106133048_TOP.png,,0.46376070380210876,0.2829307019710541,0.4959643483161926,0.2599307596683502
20251106133124_TOP,conn6,20251106133124_TOP.png,,0.4210624694824219,0.2585236728191376,0.48987966775894165,0.2505486011505127
20251106133202_TOP,conn6,20251106133202_TOP.png,,0.5009573101997375,0.27846917510032654,0.5217865109443665,0.2649863362312317
20251106133238_TOP,conn6,20251106133238_TOP.png,,0.46451959013938904,0.27699336409568787,0.49902138113975525,0.2624415457248688
20251106135917_TOP,conn6,20251106135917_TOP.png,,0.5400809645652771,0.2871593236923218,0.5478023886680603,0.2690820097923279
20251106135955_TOP,conn6,20251106135955_TOP.png,,0.4894614517688751,0.28846263885498047,0.5002835988998413,0.28635385632514954
20251106140029_TOP,conn6,20251106140029_TOP.png,,0.5099895000457764,0.30140548944473267,0.5439637899398804,0.27822932600975037
20251106140108_TOP,conn6,20251106140108_TOP.png,,0.4783741533756256,0.2965208888053894,0.552410364151001,0.28253546357154846
20251106140143_TOP,conn6,20251106140143_TOP.png,,0.45277243852615356,0.2736787497997284,0.42623889446258545,0.21238547563552856
20251106140220_TOP,conn6,20251106140220_TOP.png,,0.5528987050056458,0.2970123589038849,0.6296106576919556,0.25735121965408325
20251106140254_TOP,conn6,20251106140254_TOP.png,,0.5174314379692078,0.2620573341846466,0.5531089305877686,0.23008468747138977
20251106140333_TOP,conn6,20251106140333_TOP.png,,0.49896278977394104,0.2993139326572418,0.4635629951953888,0.23794016242027283
20251106140408_TOP,conn6,20251106140408_TOP.png,,0.4645434319972992,0.2935393750667572,0.5181087255477905,0.28029027581214905
20251106140444_TOP,conn6,20251106140444_TOP.png,,0.48688411712646484,0.27663448452949524,0.47810807824134827,0.2404734343290329
20251106140521_TOP,conn6,20251106140521_TOP.png,,0.48535576462745667,0.29904428124427795,0.5295968055725098,0.2712198495864868
20251106140557_TOP,conn6,20251106140557_TOP.png,,0.4610392451286316,0.2846691608428955,0.5461562275886536,0.2809700667858124
20251106140634_TOP,conn6,20251106140634_TOP.png,,0.4697912335395813,0.2991372048854828,0.48524051904678345,0.27213209867477417
20251106140711_TOP,conn6,20251106140711_TOP.png,,0.5066870450973511,0.2934606969356537,0.5518379807472229,0.27740806341171265
20251106140748_TOP,conn6,20251106140748_TOP.png,,0.5150334239006042,0.3062306344509125,0.5509631037712097,0.30182284116744995
20251106140823_TOP,conn6,20251106140823_TOP.png,,0.4602656662464142,0.29533395171165466,0.46990180015563965,0.27048391103744507
20251106140859_TOP,conn6,20251106140859_TOP.png,,0.5180087089538574,0.30358412861824036,0.5795933604240417,0.2815287411212921
20251106140934_TOP,conn6,20251106140934_TOP.png,,0.46402260661125183,0.2972022294998169,0.562515139579773,0.29292169213294983
20251106141010_TOP,conn6,20251106141010_TOP.png,,0.45612260699272156,0.3005405068397522,0.5317702293395996,0.27856796979904175
20251106141048_TOP,conn6,20251106141048_TOP.png,,0.4903530776500702,0.29973161220550537,0.49788013100624084,0.29170823097229004
20251106141123_TOP,conn6,20251106141123_TOP.png,,0.4534715712070465,0.2932509481906891,0.4931822419166565,0.271681547164917
20251106141200_TOP,conn6,20251106141200_TOP.png,,0.40740010142326355,0.26430127024650574,0.44809454679489136,0.26484256982803345
20251106141239_TOP,conn6,20251106141239_TOP.png,,0.5407594442367554,0.2857814431190491,0.5690129995346069,0.27841106057167053
20251106141313_TOP,conn6,20251106141313_TOP.png,,0.4556645154953003,0.297999769449234,0.4570218324661255,0.2770808935165405
20251106141351_TOP,conn6,20251106141351_TOP.png,,0.5136330723762512,0.31093737483024597,0.5993931293487549,0.275044322013855
20251106141426_TOP,conn6,20251106141426_TOP.png,,0.4415982961654663,0.2880502939224243,0.3561106026172638,0.2872300148010254
20251106141502_TOP,conn6,20251106141502_TOP.png,,0.5435220003128052,0.31077706813812256,0.5713161826133728,0.30178552865982056
20251106141538_TOP,conn6,20251106141538_TOP.png,,0.4891342222690582,0.2940063774585724,0.5468219518661499,0.2761887013912201
20251106141615_TOP,conn6,20251106141615_TOP.png,,0.514179527759552,0.3100360035896301,0.47143206000328064,0.26748964190483093
20251106141652_TOP,conn6,20251106141652_TOP.png,,0.3664950132369995,0.2770455777645111,0.4335702657699585,0.29108738899230957
20251106141729_TOP,conn6,20251106141729_TOP.png,,0.42157962918281555,0.2664256989955902,0.43679845333099365,0.2801976203918457
20251106141804_TOP,conn6,20251106141804_TOP.png,,0.5047178864479065,0.2716473340988159,0.45226341485977173,0.279197096824646
20251106141840_TOP,conn6,20251106141840_TOP.png,,0.40496325492858887,0.2876614034175873,0.4145779609680176,0.28922903537750244
20251106141916_TOP,conn6,20251106141916_TOP.png,,0.493535578250885,0.30123916268348694,0.5455700755119324,0.28038206696510315
20251106141954_TOP,conn6,20251106141954_TOP.png,,0.4831532835960388,0.2992197275161743,0.5353650450706482,0.2960342764854431
20251106142030_TOP,conn6,20251106142030_TOP.png,,0.5037506818771362,0.307402104139328,0.5772072076797485,0.2828912138938904
20251106142106_TOP,conn6,20251106142106_TOP.png,,0.48797929286956787,0.2981882393360138,0.5217104554176331,0.2901194989681244
20251106142143_TOP,conn6,20251106142143_TOP.png,,0.4358365833759308,0.26873013377189636,0.44615626335144043,0.25122421979904175
20251106142218_TOP,conn6,20251106142218_TOP.png,,0.46803000569343567,0.2775183916091919,0.46395546197891235,0.259915828704834
20251106142255_TOP,conn6,20251106142255_TOP.png,,0.5222166776657104,0.2923838198184967,0.5632621049880981,0.2724074125289917
20251106142332_TOP,conn6,20251106142332_TOP.png,,0.3830564022064209,0.27328526973724365,0.33790677785873413,0.26095569133758545
20251106142408_TOP,conn6,20251106142408_TOP.png,,0.4179859757423401,0.25011274218559265,0.4338175058364868,0.25415632128715515
20251106142445_TOP,conn6,20251106142445_TOP.png,,0.5264933109283447,0.30952271819114685,0.5377736687660217,0.30188465118408203
20251106142521_TOP,conn6,20251106142521_TOP.png,,0.4251340329647064,0.25751614570617676,0.4592125713825226,0.2576031982898712
20251106142557_TOP,conn6,20251106142557_TOP.png,,0.48804643750190735,0.2882608473300934,0.4775720536708832,0.2676370143890381
20251106142633_TOP,conn6,20251106142633_TOP.png,,0.35678645968437195,0.2859179973602295,0.37739741802215576,0.2978474795818329
20251106142709_TOP,conn6,20251106142709_TOP.png,,0.4864010214805603,0.3007746934890747,0.5252757668495178,0.2764468193054199
20251106142745_TOP,conn6,20251106142745_TOP.png,,0.49259185791015625,0.30338039994239807,0.5632621049880981,0.30062058568000793
20251106164243_TOP,conn6,20251106164243_TOP.png,,0.4543628394603729,0.2916281223297119,0.5354480147361755,0.2960856258869171
20251106164318_TOP,conn6,20251106164318_TOP.png,,0.4946065843105316,0.2903553545475006,0.5076097249984741,0.27660712599754333
20251106164354_TOP,conn6,20251106164354_TOP.png,,0.4815262258052826,0.2864806354045868,0.49116265773773193,0.24910782277584076
20251106164433_TOP,conn6,20251106164433_TOP.png,,0.443058043718338,0.2990030348300934,0.480680912733078,0.307411253452301
20251106164507_TOP,conn6,20251106164507_TOP.png,,0.4700978994369507,0.2759082615375519,0.5076615810394287,0.2698725163936615
20251106164545_TOP,conn6,20251106164545_TOP.png,,0.46483901143074036,0.2903566062450409,0.44014421105384827,0.267164021730423
20251106164620_TOP,conn6,20251106164620_TOP.png,,0.5122518539428711,0.29784131050109863,0.5444288849830627,0.2864648103713989
20251106164656_TOP,conn6,20251106164656_TOP.png,,0.5257484316825867,0.2974438965320587,0.5032368898391724,0.280720591545105
20251106164732_TOP,conn6,20251106164732_TOP.png,,0.5372743010520935,0.2837192118167877,0.5312047600746155,0.28884872794151306
20251106164808_TOP,conn6,20251106164808_TOP.png,,0.5232994556427002,0.2827557325363159,0.550093412399292,0.27041149139404297
20251106164844_TOP,conn6,20251106164844_TOP.png,,0.5169505476951599,0.2974786162376404,0.6197357773780823,0.2725670039653778
20251106164921_TOP,conn6,20251106164921_TOP.png,,0.4442233145236969,0.28900042176246643,0.41739460825920105,0.2748873829841614
20251106164957_TOP,conn6,20251106164957_TOP.png,,0.46302494406700134,0.2706703543663025,0.5295397043228149,0.267738938331604
20251106165034_TOP,conn6,20251106165034_TOP.png,,0.5900156497955322,0.2878571152687073,0.5367603898048401,0.2805595397949219
20251106165110_TOP,conn6,20251106165110_TOP.png,,0.4999600350856781,0.29887452721595764,0.5247639417648315,0.2962011694908142
20251106165146_TOP,conn6,20251106165146_TOP.png,,0.45084983110427856,0.289197713136673,0.48089879751205444,0.26958099007606506
20251106165224_TOP,conn6,20251106165224_TOP.png,,0.4561691880226135,0.29228144884109497,0.5393609404563904,0.27819129824638367
20251106165259_TOP,conn6,20251106165259_TOP.png,,0.395626962184906,0.2861615717411041,0.4792889952659607,0.30044758319854736
20251106165335_TOP,conn6,20251106165335_TOP.png,,0.4789063632488251,0.29647305607795715,0.5557008385658264,0.28108930587768555
20251106165411_TOP,conn6,20251106165411_TOP.png,,0.43277108669281006,0.29085832834243774,0.5649877190589905,0.3001477122306824
20251106165448_TOP,conn6,20251106165448_TOP.png,,0.47898706793785095,0.3131231963634491,0.4795345366001129,0.2905520498752594
20251106165523_TOP,conn6,20251106165523_TOP.png,,0.469218373298645,0.296683132648468,0.46946433186531067,0.30508774518966675
20251106165601_TOP,conn6,20251106165601_TOP.png,,0.48288482427597046,0.28953471779823303,0.5434813499450684,0.2732962369918823
20251106165638_TOP,conn6,20251106165638_TOP.png,,0.4717179238796234,0.29104602336883545,0.5237162113189697,0.2803747057914734
20251106165714_TOP,conn6,20251106165714_TOP.png,,0.48216548562049866,0.2936844229698181,0.5511861443519592,0.2879176437854767
20251106165750_TOP,conn6,20251106165750_TOP.png,,0.4178220331668854,0.26203638315200806,0.47151675820350647,0.26537024974823
20251106165826_TOP,conn6,20251106165826_TOP.png,,0.4525318741798401,0.29617464542388916,0.5390825867652893,0.2937905490398407
20251106165901_TOP,conn6,20251106165901_TOP.png,,0.442188024520874,0.28414756059646606,0.5018362998962402,0.2834841012954712
20251106165939_TOP,conn6,20251106165939_TOP.png,,0.4617635905742645,0.2876099646091461,0.5016651153564453,0.27522680163383484
20251106110559_TOP,conn7,20251106110559_TOP.png,,0.3539733588695526,0.2469886690378189,0.3661402761936188,0.22915314137935638
20251106110633_TOP,conn7,20251106110633_TOP.png,,0.3752387464046478,0.2681628465652466,0.4173388183116913,0.25126945972442627
20251106110712_TOP,conn7,20251106110712_TOP.png,,0.34533435106277466,0.25945764780044556,0.40722745656967163,0.2570365071296692
20251106110746_TOP,conn7,20251106110746_TOP.png,,0.36883118748664856,0.2559577524662018,0.3996395468711853,0.24616938829421997
20251106110824_TOP,conn7,20251106110824_TOP.png,,0.38148653507232666,0.26700758934020996,0.4181692898273468,0.25252363085746765
20251106110900_TOP,conn7,20251106110900_TOP.png,,0.3613702058792114,0.26229047775268555,0.3894270956516266,0.25490906834602356
20251106110939_TOP,conn7,20251106110939_TOP.png,,0.3773495852947235,0.2703744173049927,0.4302809536457062,0.266428142786026
20251106111015_TOP,conn7,20251106111015_TOP.png,,0.3976534307003021,0.265133261680603,0.43759605288505554,0.2554928660392761
20251106111050_TOP,conn7,20251106111050_TOP.png,,0.3683566451072693,0.2690870463848114,0.3923160433769226,0.25981405377388
20251106111126_TOP,conn7,20251106111126_TOP.png,,0.3689597547054291,0.26873940229415894,0.39576256275177,0.26840725541114807
20251106111204_TOP,conn7,20251106111204_TOP.png,,0.3945309817790985,0.2621191143989563,0.34298986196517944,0.24563255906105042
20251106111239_TOP,conn7,20251106111239_TOP.png,,0.3636741042137146,0.26316913962364197,0.3963875472545624,0.2514638900756836
20251106111316_TOP,conn7,20251106111316_TOP.png,,0.36780548095703125,0.27505892515182495,0.4432004392147064,0.2762194275856018
20251106111352_TOP,conn7,20251106111352_TOP.png,,0.3595989942550659,0.25514695048332214,0.420151948928833,0.22659704089164734
20251106111429_TOP,conn7,20251106111429_TOP.png,,0.37127363681793213,0.26896628737449646,0.42162594199180603,0.2710105776786804
20251106111505_TOP,conn7,20251106111505_TOP.png,,0.3568798303604126,0.2627456784248352,0.4214978814125061,0.2677675187587738
20251106111542_TOP,conn7,20251106111542_TOP.png,,0.3283197283744812,0.24291586875915527,0.3641255795955658,0.23627397418022156
20251106111617_TOP,conn7,20251106111617_TOP.png,,0.3472677767276764,0.25934144854545593,0.37283456325531006,0.24154654145240784
20251106111653_TOP,conn7,20251106111653_TOP.png,,0.4057912230491638,0.26199522614479065,0.4551613926887512,0.2590717077255249
20251106111729_TOP,conn7,20251106111729_TOP.png,,0.374813050031662,0.26428067684173584,0.4654639661312103,0.2529435455799103
20251106111808_TOP,conn7,20251106111808_TOP.png,,0.3645166754722595,0.2694551944732666,0.3888425827026367,0.24379879236221313
20251106111842_TOP,conn7,20251106111842_TOP.png,,0.44482776522636414,0.27136170864105225,0.4579341411590576,0.26756712794303894
20251106111918_TOP,conn7,20251106111918_TOP.png,,0.3822787404060364,0.2670118808746338,0.42030778527259827,0.2509964406490326
20251106111955_TOP,conn7,20251106111955_TOP.png,,0.3688804805278778,0.26257607340812683,0.4277895987033844,0.2728232145309448
20251106112032_TOP,conn7,20251106112032_TOP.png,,0.4147856831550598,0.27031344175338745,0.4036335051059723,0.25687095522880554
20251106112109_TOP,conn7,20251106112109_TOP.png,,0.33809590339660645,0.25175657868385315,0.41597431898117065,0.26193490624427795
20251106112144_TOP,conn7,20251106112144_TOP.png,,0.40447327494621277,0.2792116105556488,0.40616872906684875,0.24766699969768524
20251106112220_TOP,conn7,20251106112220_TOP.png,,0.41782480478286743,0.2854093313217163,0.4980299770832062,0.26700833439826965
20251106112255_TOP,conn7,20251106112255_TOP.png,,0.3731687366962433,0.26863300800323486,0.4044302999973297,0.24307160079479218
20251106112334_TOP,conn7,20251106112334_TOP.png,,0.44459283351898193,0.28854814171791077,0.5104474425315857,0.27189379930496216
20251106112409_TOP,conn7,20251106112409_TOP.png,,0.3469504714012146,0.2605524957180023,0.3402634859085083,0.2553199231624603
20251106112445_TOP,conn7,20251106112445_TOP.png,,0.36598095297813416,0.25527697801589966,0.4466756284236908,0.2524784803390503
20251106112523_TOP,conn7,20251106112523_TOP.png,,0.3706603944301605,0.2634621262550354,0.40633803606033325,0.24082879722118378
20251106112559_TOP,conn7,20251106112559_TOP.png,,0.38108399510383606,0.2631949186325073,0.39414548873901367,0.23808994889259338
20251106112633_TOP,conn7,20251106112633_TOP.png,,0.3579280376434326,0.2511551082134247,0.40677011013031006,0.24391090869903564
20251106112712_TOP,conn7,20251106112712_TOP.png,,0.35746291279792786,0.2612430155277252,0.37603095173835754,0.22707140445709229
20251106112748_TOP,conn7,20251106112748_TOP.png,,0.4033343195915222,0.28330862522125244,0.4791405498981476,0.27313482761383057
20251106112823_TOP,conn7,20251106112823_TOP.png,,0.3933630883693695,0.2832450568675995,0.45993533730506897,0.27101290225982666
20251106112900_TOP,conn7,20251106112900_TOP.png,,0.35905876755714417,0.26751193404197693,0.40167781710624695,0.26759687066078186
20251106112937_TOP,conn7,20251106112937_TOP.png,,0.36469194293022156,0.2513057589530945,0.41170239448547363,0.2362183928489685
20251106113014_TOP,conn7,20251106113014_TOP.png,,0.36663129925727844,0.2624785006046295,0.4330461323261261,0.24237976968288422
20251106113049_TOP,conn7,20251106113049_TOP.png,,0.444900780916214,0.27673572301864624,0.3841174840927124,0.2688385844230652
20251106113126_TOP,conn7,20251106113126_TOP.png,,0.36578404903411865,0.24278004467487335,0.4034339487552643,0.2602695822715759
20251106113202_TOP,conn7,20251106113202_TOP.png,,0.38831615447998047,0.2708309590816498,0.43495386838912964,0.27589109539985657
20251106113240_TOP,conn7,20251106113240_TOP.png,,0.4138059914112091,0.27500858902931213,0.43262162804603577,0.2810642719268799
20251106113316_TOP,conn7,20251106113316_TOP.png,,0.36733323335647583,0.2667906880378723,0.4394347071647644,0.2726335823535919
20251106113351_TOP,conn7,20251106113351_TOP.png,,0.36944785714149475,0.26119962334632874,0.41054514050483704,0.2555418610572815
20251106113428_TOP,conn7,20251106113428_TOP.png,,0.3954075276851654,0.26515671610832214,0.40443870425224304,0.23305092751979828
20251106130408_TOP,conn7,20251106130408_TOP.png,,0.380637526512146,0.2609432339668274,0.380319744348526,0.2361980378627777
20251106130444_TOP,conn7,20251106130444_TOP.png,,0.3891383409500122,0.27356356382369995,0.3968188166618347,0.2499018758535385
20251106130521_TOP,conn7,20251106130521_TOP.png,,0.37144333124160767,0.2544787526130676,0.46956154704093933,0.23916907608509064
20251106130557_TOP,conn7,20251106130557_TOP.png,,0.3988551199436188,0.27164414525032043,0.4455873668193817,0.26239845156669617
20251106130633_TOP,conn7,20251106130633_TOP.png,,0.3880032002925873,0.26257702708244324,0.41313254833221436,0.25078079104423523
20251106130711_TOP,conn7,20251106130711_TOP.png,,0.4347539246082306,0.2734932005405426,0.4825189411640167,0.2413957417011261
20251106130747_TOP,conn7,20251106130747_TOP.png,,0.35463428497314453,0.25261369347572327,0.39771580696105957,0.24582324922084808
20251106130824_TOP,conn7,20251106130824_TOP.png,,0.4120411276817322,0.2709365785121918,0.4706135094165802,0.25376096367836
20251106130903_TOP,conn7,20251106130903_TOP.png,,0.3758816123008728,0.25870320200920105,0.38483425974845886,0.2435971051454544
20251106130936_TOP,conn7,20251106130936_TOP.png,,0.37785184383392334,0.26463544368743896,0.38865137100219727,0.23958419263362885
20251106131013_TOP,conn7,20251106131013_TOP.png,,0.4050493836402893,0.2644810378551483,0.43561500310897827,0.242438405752182
20251106131049_TOP,conn7,20251106131049_TOP.png,,0.36146029829978943,0.2675912082195282,0.46099406480789185,0.27550482749938965
20251106131124_TOP,conn7,20251106131124_TOP.png,,0.4138135313987732,0.26744720339775085,0.5073875188827515,0.27209773659706116
20251106131202_TOP,conn7,20251106131202_TOP.png,,0.3666205108165741,0.2606015205383301,0.37827637791633606,0.24135975539684296
20251106131240_TOP,conn7,20251106131240_TOP.png,,0.374286413192749,0.2617700695991516,0.40120360255241394,0.2607998549938202
20251106131314_TOP,conn7,20251106131314_TOP.png,,0.4200790524482727,0.2679974138736725,0.4253807067871094,0.2662400007247925
20251106131351_TOP,conn7,20251106131351_TOP.png,,0.36903470754623413,0.25869083404541016,0.42581868171691895,0.2602086365222931
20251106131428_TOP,conn7,20251106131428_TOP.png,,0.3808096945285797,0.2694372236728668,0.4656584858894348,0.27497780323028564
20251106131503_TOP,conn7,20251106131503_TOP.png,,0.3781161606311798,0.26852846145629883,0.39900362491607666,0.2447344809770584
20251106131541_TOP,conn7,20251106131541_TOP.png,,0.463310569524765,0.2837505638599396,0.5537127256393433,0.28951552510261536
20251106131615_TOP,conn7,20251106131615_TOP.png,,0.3872489929199219,0.27744174003601074,0.4084276854991913,0.2800275683403015
20251106131652_TOP,conn7,20251106131652_TOP.png,,0.39822009205818176,0.27956363558769226,0.4783589541912079,0.26195818185806274
20251106131729_TOP,conn7,20251106131729_TOP.png,,0.3807393014431,0.2650032937526703,0.4731680750846863,0.25671789050102234
20251106131805_TOP,conn7,20251106131805_TOP.png,,0.3663116991519928,0.2622503638267517,0.39698219299316406,0.25144675374031067
20251106131841_TOP,conn7,20251106131841_TOP.png,,0.39196187257766724,0.2661624252796173,0.4356335401535034,0.25571346282958984
20251106131917_TOP,conn7,20251106131917_TOP.png,,0.39089435338974,0.26894792914390564,0.4156079888343811,0.2652580440044403
20251106131952_TOP,conn7,20251106131952_TOP.png,,0.38237264752388,0.2686612010002136,0.48275306820869446,0.2527225911617279
20251106132030_TOP,conn7,20251106132030_TOP.png,,0.3948112428188324,0.2674363851547241,0.4288811683654785,0.24996386468410492
20251106132107_TOP,conn7,20251106132107_TOP.png,,0.3776097297668457,0.2623571753501892,0.42468246817588806,0.26358577609062195
20251106132144_TOP,conn7,20251106132144_TOP.png,,0.3690878450870514,0.26236146688461304,0.42477595806121826,0.24539396166801453
20251106132219_TOP,conn7,20251106132219_TOP.png,,0.3808215260505676,0.2586769461631775,0.39907437562942505,0.23819565773010254
20251106132256_TOP,conn7,20251106132256_TOP.png,,0.3724474012851715,0.2621292769908905,0.421757310628891,0.24989864230155945
20251106132332_TOP,conn7,20251106132332_TOP.png,,0.34901195764541626,0.25449833273887634,0.3486936688423157,0.23363599181175232
20251106132408_TOP,conn7,20251106132408_TOP.png,,0.386807918548584,0.2682989537715912,0.42918774485588074,0.25675344467163086
20251106132445_TOP,conn7,20251106132445_TOP.png,,0.3788590431213379,0.26514768600463867,0.4134584963321686,0.2520987093448639
20251106132520_TOP,conn7,20251106132520_TOP.png,,0.3699621260166168,0.2573997974395752,0.41775065660476685,0.2575782239437103
20251106132557_TOP,conn7,20251106132557_TOP.png,,0.3848654329776764,0.26777178049087524,0.4463108777999878,0.2517664134502411
20251106132635_TOP,conn7,20251106132635_TOP.png,,0.37175750732421875,0.26400676369667053,0.3978193998336792,0.25423291325569153
20251106132710_TOP,conn7,20251106132710_TOP.png,,0.39375609159469604,0.288161963224411,0.40995559096336365,0.27457499504089355
20251106132747_TOP,conn7,20251106132747_TOP.png,,0.38225066661834717,0.264158695936203,0.40805959701538086,0.2610022723674774
20251106132824_TOP,conn7,20251106132824_TOP.png,,0.33576256036758423,0.25530293583869934,0.34224194288253784,0.2489827573299408
20251106132900_TOP,conn7,20251106132900_TOP.png,,0.3820713460445404,0.27071866393089294,0.4458982050418854,0.24544119834899902
20251106132935_TOP,conn7,20251106132935_TOP.png,,0.3785552680492401,0.25901105999946594,0.4280009865760803,0.24919463694095612
20251106133012_TOP,conn7,20251106133012_TOP.png,,0.3896183967590332,0.2650074064731598,0.44349685311317444,0.2652699649333954
20251106133048_TOP,conn7,20251106133048_TOP.png,,0.392945259809494,0.267182856798172,0.43650954961776733,0.2578605115413666
20251106133124_TOP,conn7,20251106133124_TOP.png,,0.3654015362262726,0.2573200464248657,0.41715773940086365,0.2472611963748932
20251106133202_TOP,conn7,20251106133202_TOP.png,,0.3873026669025421,0.25739675760269165,0.42314618825912476,0.24537432193756104
20251106133238_TOP,conn7,20251106133238_TOP.png,,0.37634775042533875,0.26128149032592773,0.4476618766784668,0.23532941937446594
20251106135917_TOP,conn7,20251106135917_TOP.png,,0.35822391510009766,0.2596352994441986,0.3760385513305664,0.2484082579612732
20251106135955_TOP,conn7,20251106135955_TOP.png,,0.3303740620613098,0.24474304914474487,0.36177146434783936,0.22645218670368195
20251106140029_TOP,conn7,20251106140029_TOP.png,,0.34968480467796326,0.2520004212856293,0.3800392746925354,0.25101757049560547
20251106140108_TOP,conn7,20251106140108_TOP.png,,0.3933835029602051,0.24919936060905457,0.41061165928840637,0.26681193709373474
20251106140143_TOP,conn7,20251106140143_TOP.png,,0.3595767021179199,0.2611038386821747,0.40817248821258545,0.259924978017807
20251106140220_TOP,conn7,20251106140220_TOP.png,,0.420177161693573,0.28154104948043823,0.4974159300327301,0.27459046244621277
20251106140254_TOP,conn7,20251106140254_TOP.png,,0.38700762391090393,0.26931095123291016,0.4064416289329529,0.25740373134613037
20251106140333_TOP,conn7,20251106140333_TOP.png,,0.4212042987346649,0.287686824798584,0.4540294110774994,0.2709323465824127
20251106140408_TOP,conn7,20251106140408_TOP.png,,0.37680986523628235,0.2614739239215851,0.37631475925445557,0.2403014898300171
20251106140444_TOP,conn7,20251106140444_TOP.png,,0.3321121335029602,0.24805417656898499,0.39743703603744507,0.24514107406139374
20251106140521_TOP,conn7,20251106140521_TOP.png,,0.38111814856529236,0.26281777024269104,0.3884231150150299,0.24320398271083832
20251106140557_TOP,conn7,20251106140557_TOP.png,,0.3262794315814972,0.25238218903541565,0.3218381702899933,0.2255038172006607
20251106140634_TOP,conn7,20251106140634_TOP.png,,0.37769442796707153,0.2680252194404602,0.4538457691669464,0.2599712312221527
20251106140711_TOP,conn7,20251106140711_TOP.png,,0.41983890533447266,0.2688937485218048,0.4875960350036621,0.23538875579833984
20251106140748_TOP,conn7,20251106140748_TOP.png,,0.35793325304985046,0.255941241979599,0.37724968791007996,0.2412749081850052
20251106140823_TOP,conn7,20251106140823_TOP.png,,0.3927307426929474,0.27386102080345154,0.4281753599643707,0.24947938323020935
20251106140859_TOP,conn7,20251106140859_TOP.png,,0.3834075629711151,0.24659009277820587,0.36685532331466675,0.2278948724269867
20251106140934_TOP,conn7,20251106140934_TOP.png,,0.38225626945495605,0.26864346861839294,0.5078995823860168,0.24643145501613617
20251106141010_TOP,conn7,20251106141010_TOP.png,,0.3788067400455475,0.2720278203487396,0.4557223618030548,0.2794392704963684
20251106141048_TOP,conn7,20251106141048_TOP.png,,0.32837945222854614,0.24434874951839447,0.3863545358181,0.2406349629163742
20251106141123_TOP,conn7,20251106141123_TOP.png,,0.38285255432128906,0.2642692029476166,0.4394633173942566,0.2414007931947708
20251106141200_TOP,conn7,20251106141200_TOP.png,,0.38860195875167847,0.27752697467803955,0.4902222156524658,0.2617470324039459
20251106141239_TOP,conn7,20251106141239_TOP.png,,0.3343107998371124,0.2560332715511322,0.3481200635433197,0.24795949459075928
20251106141313_TOP,conn7,20251106141313_TOP.png,,0.3487240672111511,0.2618965208530426,0.39707568287849426,0.24597515165805817
20251106141351_TOP,conn7,20251106141351_TOP.png,,0.34042489528656006,0.2470504343509674,0.3940064609050751,0.22713685035705566
20251106141426_TOP,conn7,20251106141426_TOP.png,,0.41133832931518555,0.2770700454711914,0.4208560585975647,0.2610839605331421
20251106141502_TOP,conn7,20251106141502_TOP.png,,0.37069207429885864,0.25551411509513855,0.4791776239871979,0.23427452147006989
20251106141538_TOP,conn7,20251106141538_TOP.png,,0.3527772128582001,0.2567655146121979,0.3648061454296112,0.24926796555519104
20251106141615_TOP,conn7,20251106141615_TOP.png,,0.3340396285057068,0.24240371584892273,0.3524467647075653,0.2142266184091568
20251106141652_TOP,conn7,20251106141652_TOP.png,,0.3607046902179718,0.26075297594070435,0.4066142737865448,0.2436286211013794
20251106141729_TOP,conn7,20251106141729_TOP.png,,0.4050270915031433,0.2599504590034485,0.41130149364471436,0.2695663869380951
20251106141804_TOP,conn7,20251106141804_TOP.png,,0.39894312620162964,0.27214017510414124,0.3899434208869934,0.23779970407485962
20251106141840_TOP,conn7,20251106141840_TOP.png,,0.37080851197242737,0.2606893479824066,0.4449649453163147,0.2568758726119995
20251106141916_TOP,conn7,20251106141916_TOP.png,,0.4191403388977051,0.2695569694042206,0.47706860303878784,0.23495694994926453
20251106141954_TOP,conn7,20251106141954_TOP.png,,0.3878231942653656,0.27499330043792725,0.3717471957206726,0.26914846897125244
20251106142030_TOP,conn7,20251106142030_TOP.png,,0.33353811502456665,0.2439252734184265,0.35464006662368774,0.2455625832080841
20251106142106_TOP,conn7,20251106142106_TOP.png,,0.42087405920028687,0.2794075608253479,0.42215824127197266,0.27419936656951904
20251106142143_TOP,conn7,20251106142143_TOP.png,,0.3962792158126831,0.2698252201080322,0.4478345513343811,0.22299139201641083
20251106142218_TOP,conn7,20251106142218_TOP.png,,0.3722088634967804,0.26348602771759033,0.37442725896835327,0.25039249658584595
20251106142255_TOP,conn7,20251106142255_TOP.png,,0.37160924077033997,0.2566145062446594,0.3625277876853943,0.25307324528694153
20251106142332_TOP,conn7,20251106142332_TOP.png,,0.34411224722862244,0.24624839425086975,0.36584803462028503,0.23404929041862488
20251106142408_TOP,conn7,20251106142408_TOP.png,,0.36016571521759033,0.26236191391944885,0.3915613889694214,0.256662517786026
20251106142445_TOP,conn7,20251106142445_TOP.png,,0.38111063838005066,0.26830431818962097,0.3531399667263031,0.23801015317440033
20251106142521_TOP,conn7,20251106142521_TOP.png,,0.38101741671562195,0.26411640644073486,0.4513038694858551,0.27913418412208557
20251106142557_TOP,conn7,20251106142557_TOP.png,,0.34410738945007324,0.2493036836385727,0.3764444887638092,0.22662121057510376
20251106142633_TOP,conn7,20251106142633_TOP.png,,0.34781113266944885,0.25863873958587646,0.36420896649360657,0.2358662337064743
20251106142709_TOP,conn7,20251106142709_TOP.png,,0.35861775279045105,0.2551151514053345,0.4521839916706085,0.22152192890644073
20251106142745_TOP,conn7,20251106142745_TOP.png,,0.4828248918056488,0.2713771462440491,0.46561717987060547,0.2654202878475189
20251106164243_TOP,conn7,20251106164243_TOP.png,,0.3847275972366333,0.26660189032554626,0.3862837851047516,0.2622632384300232
20251106164318_TOP,conn7,20251106164318_TOP.png,,0.3723151981830597,0.26084303855895996,0.41522303223609924,0.24740177392959595
20251106164354_TOP,conn7,20251106164354_TOP.png,,0.36234867572784424,0.24829412996768951,0.4341427683830261,0.22721832990646362
20251106164433_TOP,conn7,20251106164433_TOP.png,,0.366794615983963,0.26521170139312744,0.3800106346607208,0.2600958049297333
20251106164507_TOP,conn7,20251106164507_TOP.png,,0.393065482378006,0.2599874436855316,0.39531031250953674,0.25886040925979614
20251106164545_TOP,conn7,20251106164545_TOP.png,,0.3878765404224396,0.2588873505592346,0.35417845845222473,0.246855691075325
20251106164620_TOP,conn7,20251106164620_TOP.png,,0.38339295983314514,0.27143967151641846,0.40389376878738403,0.25997987389564514
20251106164656_TOP,conn7,20251106164656_TOP.png,,0.3732990324497223,0.250568687915802,0.3749941289424896,0.24964943528175354
20251106164732_TOP,conn7,20251106164732_TOP.png,,0.3555833399295807,0.260013222694397,0.4181566536426544,0.24797140061855316
20251106164808_TOP,conn7,20251106164808_TOP.png,,0.3592279851436615,0.25251534581184387,0.39106446504592896,0.23435501754283905
20251106164844_TOP,conn7,20251106164844_TOP.png,,0.3546938896179199,0.24293644726276398,0.4632875621318817,0.2520911991596222
20251106164921_TOP,conn7,20251106164921_TOP.png,,0.3540149927139282,0.25196826457977295,0.3828136920928955,0.2122391015291214
20251106164957_TOP,conn7,20251106164957_TOP.png,,0.4190913438796997,0.28438296914100647,0.47724464535713196,0.2880890369415283
20251106165034_TOP,conn7,20251106165034_TOP.png,,0.3347760736942291,0.24717050790786743,0.34914258122444153,0.2479439079761505
20251106165110_TOP,conn7,20251106165110_TOP.png,,0.43198075890541077,0.27495038509368896,0.4772917628288269,0.26790669560432434
20251106165146_TOP,conn7,20251106165146_TOP.png,,0.3824501931667328,0.2698083221912384,0.4279361367225647,0.24150218069553375
20251106165224_TOP,conn7,20251106165224_TOP.png,,0.3889774680137634,0.272826224565506,0.3796476423740387,0.2559153139591217
20251106165259_TOP,conn7,20251106165259_TOP.png,,0.3683848977088928,0.26362067461013794,0.447977751493454,0.2628643214702606
20251106165335_TOP,conn7,20251106165335_TOP.png,,0.4304230511188507,0.28798991441726685,0.43701738119125366,0.29595497250556946
20251106165411_TOP,conn7,20251106165411_TOP.png,,0.3729139268398285,0.26024794578552246,0.42971837520599365,0.23706282675266266
20251106165448_TOP,conn7,20251106165448_TOP.png,,0.381027489900589,0.26432549953460693,0.43573465943336487,0.22870123386383057
20251106165523_TOP,conn7,20251106165523_TOP.png,,0.38087713718414307,0.2686692178249359,0.47505560517311096,0.2373456209897995
20251106165601_TOP,conn7,20251106165601_TOP.png,,0.4786965847015381,0.2734520435333252,0.35657891631126404,0.20669665932655334
20251106165638_TOP,conn7,20251106165638_TOP.png,,0.45884308218955994,0.26984238624572754,0.4210144579410553,0.2676839530467987
20251106165714_TOP,conn7,20251106165714_TOP.png,,0.37388959527015686,0.25684016942977905,0.3918401896953583,0.2319069653749466
20251106165750_TOP,conn7,20251106165750_TOP.png,,0.37261492013931274,0.2684105932712555,0.43089917302131653,0.2737978398799896
20251106165826_TOP,conn7,20251106165826_TOP.png,,0.3736500144004822,0.2633316218852997,0.44143760204315186,0.2714274227619171
20251106165901_TOP,conn7,20251106165901_TOP.png,,0.37625712156295776,0.26147085428237915,0.4429991543292999,0.2659326195716858
20251106165939_TOP,conn7,20251106165939_TOP.png,,0.4552713930606842,0.2703038454055786,0.4626171290874481,0.2657496929168701
20251106110559_TOP,conn8,20251106110559_TOP.png,,0.37893274426460266,0.270121306180954,0.4429072439670563,0.26308852434158325
20251106110633_TOP,conn8,20251106110633_TOP.png,,0.39056727290153503,0.2620308995246887,0.46214503049850464,0.26922911405563354
20251106110712_TOP,conn8,20251106110712_TOP.png,,0.39508455991744995,0.2734406292438507,0.4433130621910095,0.2645391821861267
20251106110746_TOP,conn8,20251106110746_TOP.png,,0.3667111098766327,0.2624935507774353,0.4449049234390259,0.2582395672798157
20251106110824_TOP,conn8,20251106110824_TOP.png,,0.4139375686645508,0.26612672209739685,0.4473203420639038,0.2557627856731415
20251106110900_TOP,conn8,20251106110900_TOP.png,,0.3853277564048767,0.2713640332221985,0.47584664821624756,0.26210153102874756
20251106110939_TOP,conn8,20251106110939_TOP.png,,0.3714764714241028,0.2669886648654938,0.44732794165611267,0.2648710608482361
20251106111015_TOP,conn8,20251106111015_TOP.png,,0.34716498851776123,0.25314629077911377,0.4215274453163147,0.2516528367996216
20251106111050_TOP,conn8,20251106111050_TOP.png,,0.3679732084274292,0.269067645072937,0.44221925735473633,0.26213377714157104
20251106111126_TOP,conn8,20251106111126_TOP.png,,0.3702693581581116,0.2660861015319824,0.44814392924308777,0.2595239281654358
20251106111204_TOP,conn8,20251106111204_TOP.png,,0.3808930516242981,0.28576600551605225,0.5062762498855591,0.27861419320106506
20251106111239_TOP,conn8,20251106111239_TOP.png,,0.3844894766807556,0.27621182799339294,0.44252094626426697,0.2607682943344116
20251106111316_TOP,conn8,20251106111316_TOP.png,,0.3718166649341583,0.2687179148197174,0.4304231107234955,0.25466814637184143
20251106111352_TOP,conn8,20251106111352_TOP.png,,0.3847227990627289,0.284219354391098,0.43175235390663147,0.26878294348716736
20251106111429_TOP,conn8,20251106111429_TOP.png,,0.38612446188926697,0.2757641673088074,0.44988879561424255,0.2561416029930115
20251106111505_TOP,conn8,20251106111505_TOP.png,,0.3579545021057129,0.2658097743988037,0.42295974493026733,0.2601880431175232
20251106111542_TOP,conn8,20251106111542_TOP.png,,0.35535797476768494,0.26824674010276794,0.43018651008605957,0.2616555094718933
20251106111617_TOP,conn8,20251106111617_TOP.png,,0.3699782192707062,0.274238646030426,0.46306630969047546,0.2648716866970062
20251106111653_TOP,conn8,20251106111653_TOP.png,,0.3519969880580902,0.26216113567352295,0.41361698508262634,0.2610262632369995
20251106111729_TOP,conn8,20251106111729_TOP.png,,0.37056654691696167,0.265384703874588,0.4453585147857666,0.27116671204566956
20251106111808_TOP,conn8,20251106111808_TOP.png,,0.34841954708099365,0.26331573724746704,0.4442994296550751,0.2552540898323059
20251106111842_TOP,conn8,20251106111842_TOP.png,,0.3955773115158081,0.26401910185813904,0.42640063166618347,0.2662632167339325
20251106111918_TOP,conn8,20251106111918_TOP.png,,0.3803723156452179,0.27024632692337036,0.4501068890094757,0.2675396502017975
20251106111955_TOP,conn8,20251106111955_TOP.png,,0.36600691080093384,0.25902655720710754,0.4271080791950226,0.24578773975372314
20251106112032_TOP,conn8,20251106112032_TOP.png,,0.4000226855278015,0.29293709993362427,0.5028647184371948,0.29607847332954407
20251106112109_TOP,conn8,20251106112109_TOP.png,,0.38194921612739563,0.2624848484992981,0.4633592963218689,0.2643562853336334
20251106112144_TOP,conn8,20251106112144_TOP.png,,0.35956424474716187,0.26321443915367126,0.44014889001846313,0.2644147276878357
20251106112220_TOP,conn8,20251106112220_TOP.png,,0.36511334776878357,0.26171809434890747,0.42556291818618774,0.24808061122894287
20251106112255_TOP,conn8,20251106112255_TOP.png,,0.35806089639663696,0.26132532954216003,0.4470469057559967,0.2477247416973114
20251106112334_TOP,conn8,20251106112334_TOP.png,,0.38902270793914795,0.27266111969947815,0.46091997623443604,0.2679740786552429
20251106112409_TOP,conn8,20251106112409_TOP.png,,0.39898481965065,0.26146599650382996,0.3974304795265198,0.2557052969932556
20251106112445_TOP,conn8,20251106112445_TOP.png,,0.38091155886650085,0.2741565406322479,0.4630652666091919,0.2707938253879547
20251106112523_TOP,conn8,20251106112523_TOP.png,,0.37022867798805237,0.26289689540863037,0.43239256739616394,0.2509533762931824
20251106112559_TOP,conn8,20251106112559_TOP.png,,0.4044567048549652,0.27923157811164856,0.4577004313468933,0.26543739438056946
20251106112633_TOP,conn8,20251106112633_TOP.png,,0.37967920303344727,0.26683464646339417,0.4521295130252838,0.2576911151409149
20251106112712_TOP,conn8,20251106112712_TOP.png,,0.36848291754722595,0.2736617624759674,0.4247143566608429,0.2655945122241974
20251106112748_TOP,conn8,20251106112748_TOP.png,,0.3693159222602844,0.2715541422367096,0.45845460891723633,0.2663719654083252
20251106112823_TOP,conn8,20251106112823_TOP.png,,0.3776340186595917,0.26855117082595825,0.4569137394428253,0.2723110318183899
20251106112900_TOP,conn8,20251106112900_TOP.png,,0.3864005506038666,0.27123329043388367,0.4560966491699219,0.2624644339084625
20251106112937_TOP,conn8,20251106112937_TOP.png,,0.3613603711128235,0.26264598965644836,0.4530312716960907,0.25809890031814575
20251106113014_TOP,conn8,20251106113014_TOP.png,,0.3869088590145111,0.2718816101551056,0.45521557331085205,0.27605339884757996
20251106113049_TOP,conn8,20251106113049_TOP.png,,0.28487449884414673,0.21935677528381348,0.411346971988678,0.24672941863536835
20251106113126_TOP,conn8,20251106113126_TOP.png,,0.3684903383255005,0.26547184586524963,0.4502045810222626,0.26649510860443115
20251106113202_TOP,conn8,20251106113202_TOP.png,,0.3638215661048889,0.26788023114204407,0.4363282024860382,0.2619886100292206
20251106113240_TOP,conn8,20251106113240_TOP.png,,0.3653751611709595,0.2662219703197479,0.4333702325820923,0.2666923999786377
20251106113316_TOP,conn8,20251106113316_TOP.png,,0.367672860622406,0.2633935809135437,0.4578881859779358,0.26324984431266785
20251106113351_TOP,conn8,20251106113351_TOP.png,,0.36765480041503906,0.2664807438850403,0.45670977234840393,0.2501331865787506
20251106113428_TOP,conn8,20251106113428_TOP.png,,0.36349090933799744,0.2656157612800598,0.43991339206695557,0.25706571340560913
20251106130408_TOP,conn8,20251106130408_TOP.png,,0.32993993163108826,0.25887128710746765,0.4139479398727417,0.2578430771827698
20251106130444_TOP,conn8,20251106130444_TOP.png,,0.3863288462162018,0.2674978971481323,0.45768308639526367,0.2653619945049286
20251106130521_TOP,conn8,20251106130521_TOP.png,,0.3768186569213867,0.273408979177475,0.443917453289032,0.26637423038482666
20251106130557_TOP,conn8,20251106130557_TOP.png,,0.37891605496406555,0.2674882411956787,0.45043352246284485,0.2556014358997345
20251106130633_TOP,conn8,20251106130633_TOP.png,,0.3834039866924286,0.2688297629356384,0.45114317536354065,0.26059654355049133
20251106130711_TOP,conn8,20251106130711_TOP.png,,0.40668779611587524,0.27035999298095703,0.475899875164032,0.28366348147392273
20251106130747_TOP,conn8,20251106130747_TOP.png,,0.36839020252227783,0.26789146661758423,0.45744001865386963,0.26331984996795654
20251106130824_TOP,conn8,20251106130824_TOP.png,,0.34790173172950745,0.25549590587615967,0.4109422564506531,0.25610390305519104
20251106130903_TOP,conn8,20251106130903_TOP.png,,0.3794955909252167,0.26884254813194275,0.445001482963562,0.25659406185150146
20251106130936_TOP,conn8,20251106130936_TOP.png,,0.3601451814174652,0.265828400850296,0.41948413848876953,0.2514185309410095
20251106131013_TOP,conn8,20251106131013_TOP.png,,0.37682855129241943,0.2702452838420868,0.446958988904953,0.2594054639339447
20251106131049_TOP,conn8,20251106131049_TOP.png,,0.40910741686820984,0.27769625186920166,0.4778324067592621,0.2579491436481476
20251106131124_TOP,conn8,20251106131124_TOP.png,,0.3417222499847412,0.2545052766799927,0.4223683476448059,0.24584265053272247
20251106131202_TOP,conn8,20251106131202_TOP.png,,0.4065800607204437,0.2822863757610321,0.49029484391212463,0.27928367257118225
20251106131240_TOP,conn8,20251106131240_TOP.png,,0.37841013073921204,0.2655096650123596,0.4536736309528351,0.2611740231513977
20251106131314_TOP,conn8,20251106131314_TOP.png,,0.3996165990829468,0.28011253476142883,0.4979155361652374,0.2677217721939087
20251106131351_TOP,conn8,20251106131351_TOP.png,,0.37503036856651306,0.2710002660751343,0.45709821581840515,0.26124149560928345
20251106131428_TOP,conn8,20251106131428_TOP.png,,0.3681522607803345,0.25943446159362793,0.43329429626464844,0.25641071796417236
20251106131503_TOP,conn8,20251106131503_TOP.png,,0.372929185628891,0.2704598903656006,0.4610469341278076,0.27487605810165405
20251106131541_TOP,conn8,20251106131541_TOP.png,,0.37634921073913574,0.2754133343696594,0.4433586299419403,0.2686561346054077
20251106131615_TOP,conn8,20251106131615_TOP.png,,0.35262784361839294,0.2604333758354187,0.425651878118515,0.2837355136871338
20251106131652_TOP,conn8,20251106131652_TOP.png,,0.3673722445964813,0.2790846824645996,0.4576331675052643,0.2796741724014282
20251106131729_TOP,conn8,20251106131729_TOP.png,,0.40713736414909363,0.28158509731292725,0.47126102447509766,0.2774978280067444
20251106131805_TOP,conn8,20251106131805_TOP.png,,0.3613499701023102,0.262326180934906,0.43070411682128906,0.2536811828613281
20251106131841_TOP,conn8,20251106131841_TOP.png,,0.3774721622467041,0.2752218246459961,0.45578309893608093,0.2653769850730896
20251106131917_TOP,conn8,20251106131917_TOP.png,,0.3531684875488281,0.2598765194416046,0.4034842550754547,0.23478521406650543
20251106131952_TOP,conn8,20251106131952_TOP.png,,0.3899865746498108,0.2732243239879608,0.4699946939945221,0.2617039382457733
20251106132030_TOP,conn8,20251106132030_TOP.png,,0.3787808120250702,0.2671060860157013,0.4593552350997925,0.2602740526199341
20251106132107_TOP,conn8,20251106132107_TOP.png,,0.37067148089408875,0.2638874053955078,0.44930824637413025,0.2603921890258789
20251106132144_TOP,conn8,20251106132144_TOP.png,,0.3658716380596161,0.2763879597187042,0.4579890966415405,0.2758185863494873
20251106132219_TOP,conn8,20251106132219_TOP.png,,0.3533220887184143,0.2756226062774658,0.44754496216773987,0.2762022614479065
20251106132256_TOP,conn8,20251106132256_TOP.png,,0.38057926297187805,0.2777867317199707,0.4704537093639374,0.28057315945625305
20251106132332_TOP,conn8,20251106132332_TOP.png,,0.36062732338905334,0.2626623809337616,0.4625660479068756,0.2590964138507843
20251106132408_TOP,conn8,20251106132408_TOP.png,,0.3707455098628998,0.26512548327445984,0.44571441411972046,0.26435479521751404
20251106132445_TOP,conn8,20251106132445_TOP.png,,0.36669766902923584,0.2631523013114929,0.45073407888412476,0.2512334883213043
20251106132520_TOP,conn8,20251106132520_TOP.png,,0.3859612047672272,0.26624757051467896,0.46990570425987244,0.2561495304107666
20251106132557_TOP,conn8,20251106132557_TOP.png,,0.393884539604187,0.2707545757293701,0.46223184466362,0.2684260606765747
20251106132635_TOP,conn8,20251106132635_TOP.png,,0.373615562915802,0.26409098505973816,0.46918848156929016,0.26473429799079895
20251106132710_TOP,conn8,20251106132710_TOP.png,,0.3907594084739685,0.2617422640323639,0.42307475209236145,0.24895024299621582
20251106132747_TOP,conn8,20251106132747_TOP.png,,0.3809705376625061,0.26674365997314453,0.44476383924484253,0.258547306060791
20251106132824_TOP,conn8,20251106132824_TOP.png,,0.43779006600379944,0.26851361989974976,0.42455920577049255,0.2675211727619171
20251106132900_TOP,conn8,20251106132900_TOP.png,,0.3739275336265564,0.26432937383651733,0.4385537803173065,0.24679797887802124
20251106132935_TOP,conn8,20251106132935_TOP.png,,0.3708747625350952,0.2607109248638153,0.4409540295600891,0.25170671939849854
20251106133012_TOP,conn8,20251106133012_TOP.png,,0.38800129294395447,0.2654247283935547,0.4591968357563019,0.26423221826553345
20251106133048_TOP,conn8,20251106133048_TOP.png,,0.3733947277069092,0.26965612173080444,0.4528055787086487,0.262852281332016
20251106133124_TOP,conn8,20251106133124_TOP.png,,0.39483195543289185,0.27077966928482056,0.473341166973114,0.2659703493118286
20251106133202_TOP,conn8,20251106133202_TOP.png,,0.3866102993488312,0.26351720094680786,0.45847412943840027,0.25888457894325256
20251106133238_TOP,conn8,20251106133238_TOP.png,,0.38446611166000366,0.27871498465538025,0.460098534822464,0.2513662278652191
20251106135917_TOP,conn8,20251106135917_TOP.png,,0.3585624694824219,0.2553098797798157,0.4280607998371124,0.24829059839248657
20251106135955_TOP,conn8,20251106135955_TOP.png,,0.37834328413009644,0.2763092517852783,0.46353834867477417,0.27058520913124084
20251106140029_TOP,conn8,20251106140029_TOP.png,,0.3689318001270294,0.267882376909256,0.44474321603775024,0.2618115544319153
20251106140108_TOP,conn8,20251106140108_TOP.png,,0.3982004225254059,0.28210780024528503,0.44123291969299316,0.2679157257080078
20251106140143_TOP,conn8,20251106140143_TOP.png,,0.380750834941864,0.269082635641098,0.4334494471549988,0.2522941529750824
20251106140220_TOP,conn8,20251106140220_TOP.png,,0.36708709597587585,0.26545560359954834,0.4471326172351837,0.25874069333076477
20251106140254_TOP,conn8,20251106140254_TOP.png,,0.39127305150032043,0.2749791145324707,0.46774202585220337,0.2626206576824188
20251106140333_TOP,conn8,20251106140333_TOP.png,,0.3617590367794037,0.2713593542575836,0.4203771948814392,0.23818886280059814
20251106140408_TOP,conn8,20251106140408_TOP.png,,0.3753339946269989,0.2727666199207306,0.45420965552330017,0.2690286934375763
20251106140444_TOP,conn8,20251106140444_TOP.png,,0.34658411145210266,0.26685401797294617,0.4202447831630707,0.24913568794727325
20251106140521_TOP,conn8,20251106140521_TOP.png,,0.36331143975257874,0.27097535133361816,0.48549649119377136,0.2384146749973297
20251106140557_TOP,conn8,20251106140557_TOP.png,,0.3526571989059448,0.27113470435142517,0.4122714698314667,0.2733425498008728
20251106140634_TOP,conn8,20251106140634_TOP.png,,0.3743833303451538,0.265529066324234,0.4470512270927429,0.2582954168319702
20251106140711_TOP,conn8,20251106140711_TOP.png,,0.40029093623161316,0.2750686705112457,0.47168636322021484,0.2730211019515991
20251106140748_TOP,conn8,20251106140748_TOP.png,,0.3576478362083435,0.2687680423259735,0.44525864720344543,0.2601495385169983
20251106140823_TOP,conn8,20251106140823_TOP.png,,0.37709617614746094,0.27689388394355774,0.44193825125694275,0.26031744480133057
20251106140859_TOP,conn8,20251106140859_TOP.png,,0.3981516361236572,0.2850942015647888,0.4301062226295471,0.26553553342819214
20251106140934_TOP,conn8,20251106140934_TOP.png,,0.36007925868034363,0.2687664031982422,0.41478458046913147,0.2593594789505005
20251106141010_TOP,conn8,20251106141010_TOP.png,,0.36096978187561035,0.2661878764629364,0.4397430717945099,0.2676701247692108
20251106141048_TOP,conn8,20251106141048_TOP.png,,0.35616621375083923,0.2723486125469208,0.41396746039390564,0.2581762969493866
20251106141123_TOP,conn8,20251106141123_TOP.png,,0.3458285927772522,0.2601274847984314,0.4181451201438904,0.2643619477748871
20251106141200_TOP,conn8,20251106141200_TOP.png,,0.36803731322288513,0.2667657732963562,0.4244116246700287,0.2515340745449066
20251106141239_TOP,conn8,20251106141239_TOP.png,,0.34675684571266174,0.2623518109321594,0.4129832983016968,0.2673681080341339
20251106141313_TOP,conn8,20251106141313_TOP.png,,0.33791470527648926,0.2693854570388794,0.4232972264289856,0.2792690694332123
20251106141351_TOP,conn8,20251106141351_TOP.png,,0.3302967846393585,0.24987442791461945,0.3833078444004059,0.2567487359046936
20251106141426_TOP,conn8,20251106141426_TOP.png,,0.3370525538921356,0.25637704133987427,0.42570725083351135,0.2661701738834381
20251106141502_TOP,conn8,20251106141502_TOP.png,,0.43034884333610535,0.28792616724967957,0.5749091506004333,0.2227421998977661
20251106141538_TOP,conn8,20251106141538_TOP.png,,0.34839317202568054,0.26796168088912964,0.4385928511619568,0.2753763496875763
20251106141615_TOP,conn8,20251106141615_TOP.png,,0.33880752325057983,0.26220574975013733,0.4103160798549652,0.2435855269432068
20251106141652_TOP,conn8,20251106141652_TOP.png,,0.34165331721305847,0.2530696392059326,0.4193778336048126,0.2641199231147766
20251106141729_TOP,conn8,20251106141729_TOP.png,,0.344032883644104,0.2624593675136566,0.4084605872631073,0.27003732323646545
20251106141804_TOP,conn8,20251106141804_TOP.png,,0.3063599169254303,0.24423815310001373,0.3601473867893219,0.2385839819908142
20251106141840_TOP,conn8,20251106141840_TOP.png,,0.3500570058822632,0.259290874004364,0.4156906306743622,0.2724834382534027
20251106141916_TOP,conn8,20251106141916_TOP.png,,0.38807713985443115,0.2887941300868988,0.39448443055152893,0.2740842401981354
20251106141954_TOP,conn8,20251106141954_TOP.png,,0.35258573293685913,0.26598668098449707,0.4155929684638977,0.2639162242412567
20251106142030_TOP,conn8,20251106142030_TOP.png,,0.33702850341796875,0.25423672795295715,0.4115042984485626,0.26087379455566406
20251106142106_TOP,conn8,20251106142106_TOP.png,,0.3696972131729126,0.2736682891845703,0.4196045994758606,0.26575967669487
20251106142143_TOP,conn8,20251106142143_TOP.png,,0.3225692808628082,0.2572167217731476,0.3706153631210327,0.25541502237319946
20251106142218_TOP,conn8,20251106142218_TOP.png,,0.35014164447784424,0.23881378769874573,0.41424742341041565,0.25298723578453064
20251106142255_TOP,conn8,20251106142255_TOP.png,,0.3948405385017395,0.2870905101299286,0.4949824810028076,0.2750377058982849
20251106142332_TOP,conn8,20251106142332_TOP.png,,0.36083266139030457,0.2661200165748596,0.4425871670246124,0.2657279670238495
20251106142408_TOP,conn8,20251106142408_TOP.png,,0.348002552986145,0.2657839357852936,0.4218691885471344,0.26743385195732117
20251106142445_TOP,conn8,20251106142445_TOP.png,,0.41543418169021606,0.2880709767341614,0.5011664628982544,0.2526245713233948
20251106142521_TOP,conn8,20251106142521_TOP.png,,0.35246944427490234,0.25889766216278076,0.3917478024959564,0.2559080421924591
20251106142557_TOP,conn8,20251106142557_TOP.png,,0.3466765880584717,0.2667911648750305,0.4411894977092743,0.27396535873413086
20251106142633_TOP,conn8,20251106142633_TOP.png,,0.3162093758583069,0.2506120502948761,0.40103739500045776,0.25432682037353516
20251106142709_TOP,conn8,20251106142709_TOP.png,,0.3649762272834778,0.2701062858104706,0.44271841645240784,0.2795579135417938
20251106142745_TOP,conn8,20251106142745_TOP.png,,0.36690232157707214,0.2779633402824402,0.39318448305130005,0.2578188478946686
20251106164243_TOP,conn8,20251106164243_TOP.png,,0.3603382706642151,0.26752132177352905,0.4361947774887085,0.26968714594841003
20251106164318_TOP,conn8,20251106164318_TOP.png,,0.3788224458694458,0.2748483717441559,0.4513992667198181,0.27038392424583435
20251106164354_TOP,conn8,20251106164354_TOP.png,,0.3594239056110382,0.26653972268104553,0.4806233048439026,0.27377745509147644
20251106164433_TOP,conn8,20251106164433_TOP.png,,0.3495001494884491,0.2623063921928406,0.405272513628006,0.2751341760158539
20251106164507_TOP,conn8,20251106164507_TOP.png,,0.3513273000717163,0.2683756351470947,0.4273858666419983,0.27490508556365967
20251106164545_TOP,conn8,20251106164545_TOP.png,,0.3535251021385193,0.27154096961021423,0.39357617497444153,0.26386091113090515
20251106164620_TOP,conn8,20251106164620_TOP.png,,0.4132845103740692,0.26747581362724304,0.49263322353363037,0.27117297053337097
20251106164656_TOP,conn8,20251106164656_TOP.png,,0.4158816933631897,0.2998650074005127,0.5273837447166443,0.29192182421684265
20251106164732_TOP,conn8,20251106164732_TOP.png,,0.35338661074638367,0.2661878764629364,0.43676120042800903,0.27888980507850647
20251106164808_TOP,conn8,20251106164808_TOP.png,,0.3629673719406128,0.26586979627609253,0.43761733174324036,0.2748357355594635
20251106164844_TOP,conn8,20251106164844_TOP.png,,0.3810355067253113,0.28015246987342834,0.4251115322113037,0.2745404839515686
20251106164921_TOP,conn8,20251106164921_TOP.png,,0.33486101031303406,0.2615768015384674,0.42728498578071594,0.2684936821460724
20251106164957_TOP,conn8,20251106164957_TOP.png,,0.4046100080013275,0.27489227056503296,0.45553457736968994,0.23474913835525513
20251106165034_TOP,conn8,20251106165034_TOP.png,,0.35396307706832886,0.2679135799407959,0.441588819026947,0.2724950611591339
20251106165110_TOP,conn8,20251106165110_TOP.png,,0.36653023958206177,0.27449411153793335,0.4438718855381012,0.2738155126571655
20251106165146_TOP,conn8,20251106165146_TOP.png,,0.36610865592956543,0.26500603556632996,0.4336273968219757,0.26407989859580994
20251106165224_TOP,conn8,20251106165224_TOP.png,,0.3631616234779358,0.2674991190433502,0.45639726519584656,0.2663390338420868
20251106165259_TOP,conn8,20251106165259_TOP.png,,0.345127671957016,0.25882941484451294,0.44155624508857727,0.2693847119808197
20251106165335_TOP,conn8,20251106165335_TOP.png,,0.36265304684638977,0.2629784345626831,0.40091586112976074,0.26822036504745483
20251106165411_TOP,conn8,20251106165411_TOP.png,,0.36237508058547974,0.2635160982608795,0.4289429783821106,0.2612096965312958
20251106165448_TOP,conn8,20251106165448_TOP.png,,0.3537499010562897,0.2644061744213104,0.4393198490142822,0.2662874758243561
20251106165523_TOP,conn8,20251106165523_TOP.png,,0.362737238407135,0.2699940800666809,0.4459509551525116,0.2630150616168976
20251106165601_TOP,conn8,20251106165601_TOP.png,,0.3265763819217682,0.2613891363143921,0.42143514752388,0.2697170376777649
20251106165638_TOP,conn8,20251106165638_TOP.png,,0.3461296856403351,0.268163800239563,0.40057945251464844,0.24164415895938873
20251106165714_TOP,conn8,20251106165714_TOP.png,,0.3794868290424347,0.2746397852897644,0.4517183005809784,0.2713806927204132
20251106165750_TOP,conn8,20251106165750_TOP.png,,0.3612489402294159,0.26701241731643677,0.41248300671577454,0.23236757516860962
20251106165826_TOP,conn8,20251106165826_TOP.png,,0.3700871169567108,0.27076455950737,0.4368751347064972,0.26534149050712585
20251106165901_TOP,conn8,20251106165901_TOP.png,,0.3696220815181732,0.27231162786483765,0.4391006827354431,0.25479283928871155
20251106165939_TOP,conn8,20251106165939_TOP.png,,0.38348329067230225,0.28535738587379456,0.42657747864723206,0.2680767774581909
20251106110559_TOP,conn9,20251106110559_TOP.png,,0.48258042335510254,0.3038419485092163,0.5884560346603394,0.2887706756591797
20251106110633_TOP,conn9,20251106110633_TOP.png,,0.5507549047470093,0.2740629017353058,0.6297699213027954,0.30426225066185
20251106110712_TOP,conn9,20251106110712_TOP.png,,0.4721224904060364,0.30532345175743103,0.5706077218055725,0.30873316526412964
20251106110746_TOP,conn9,20251106110746_TOP.png,,0.490537166595459,0.2969454824924469,0.6045805811882019,0.30291327834129333
20251106110824_TOP,conn9,20251106110824_TOP.png,,0.49376794695854187,0.29334351420402527,0.6098699569702148,0.30849167704582214
20251106110900_TOP,conn9,20251106110900_TOP.png,,0.47589820623397827,0.2914128601551056,0.5908766984939575,0.28670182824134827
20251106110939_TOP,conn9,20251106110939_TOP.png,,0.48268386721611023,0.3037358224391937,0.6011795401573181,0.3003195524215698
20251106111015_TOP,conn9,20251106111015_TOP.png,,0.4803512692451477,0.29050740599632263,0.5870168805122375,0.3054928779602051
20251106111050_TOP,conn9,20251106111050_TOP.png,,0.4828939735889435,0.2916467785835266,0.6001341938972473,0.28981083631515503
20251106111126_TOP,conn9,20251106111126_TOP.png,,0.4827319383621216,0.2956029176712036,0.6061733961105347,0.29843127727508545
20251106111204_TOP,conn9,20251106111204_TOP.png,,0.4975193440914154,0.2967361807823181,0.6076429486274719,0.2826453149318695
20251106111239_TOP,conn9,20251106111239_TOP.png,,0.4843953251838684,0.2925955653190613,0.5943654775619507,0.2901555001735687
20251106111316_TOP,conn9,20251106111316_TOP.png,,0.4965156316757202,0.28761303424835205,0.5796822905540466,0.28352218866348267
20251106111352_TOP,conn9,20251106111352_TOP.png,,0.46668165922164917,0.28220289945602417,0.5903042554855347,0.2793286442756653
20251106111429_TOP,conn9,20251106111429_TOP.png,,0.473564475774765,0.2926025688648224,0.5891194343566895,0.29161199927330017
20251106111505_TOP,conn9,20251106111505_TOP.png,,0.4808146357536316,0.29716530442237854,0.599456787109375,0.293448805809021
20251106111542_TOP,conn9,20251106111542_TOP.png,,0.48322170972824097,0.2945772409439087,0.5865299105644226,0.2885134220123291
20251106111617_TOP,conn9,20251106111617_TOP.png,,0.46867746114730835,0.3068031072616577,0.6018471717834473,0.309332013130188
20251106111653_TOP,conn9,20251106111653_TOP.png,,0.49858176708221436,0.30090412497520447,0.6134462952613831,0.3035527169704437
20251106111729_TOP,conn9,20251106111729_TOP.png,,0.47112739086151123,0.29359301924705505,0.5947074294090271,0.29355180263519287
20251106111808_TOP,conn9,20251106111808_TOP.png,,0.47222983837127686,0.2937029302120209,0.5923928022384644,0.29916855692863464
20251106111842_TOP,conn9,20251106111842_TOP.png,,0.48382312059402466,0.2905333340167999,0.5461314916610718,0.2958643436431885
20251106111918_TOP,conn9,20251106111918_TOP.png,,0.5095009207725525,0.2933230996131897,0.6033361554145813,0.2981233298778534
20251106111955_TOP,conn9,20251106111955_TOP.png,,0.47492337226867676,0.2907647490501404,0.5903551578521729,0.28702312707901
20251106112032_TOP,conn9,20251106112032_TOP.png,,0.4985978305339813,0.30522531270980835,0.6030569672584534,0.30225375294685364
20251106112109_TOP,conn9,20251106112109_TOP.png,,0.4939291477203369,0.2979002594947815,0.6105560064315796,0.2898208498954773
20251106112144_TOP,conn9,20251106112144_TOP.png,,0.4822806715965271,0.2972078323364258,0.5865071415901184,0.292950302362442
20251106112220_TOP,conn9,20251106112220_TOP.png,,0.49377334117889404,0.2870415449142456,0.5974559783935547,0.27318114042282104
20251106112255_TOP,conn9,20251106112255_TOP.png,,0.49228543043136597,0.2961198091506958,0.6033783555030823,0.2830969989299774
20251106112334_TOP,conn9,20251106112334_TOP.png,,0.4871285557746887,0.28872889280319214,0.5920767784118652,0.28115755319595337
20251106112409_TOP,conn9,20251106112409_TOP.png,,0.4691678285598755,0.2914857566356659,0.5760928988456726,0.2930724620819092
20251106112445_TOP,conn9,20251106112445_TOP.png,,0.48946475982666016,0.2951990067958832,0.6050578355789185,0.2956140339374542
20251106112523_TOP,conn9,20251106112523_TOP.png,,0.47771719098091125,0.30676138401031494,0.5986289978027344,0.3148646652698517
20251106112559_TOP,conn9,20251106112559_TOP.png,,0.4545299708843231,0.2862977385520935,0.5411602854728699,0.29118165373802185
20251106112633_TOP,conn9,20251106112633_TOP.png,,0.48166751861572266,0.3086985945701599,0.596393346786499,0.3135741949081421
20251106112712_TOP,conn9,20251106112712_TOP.png,,0.49025759100914,0.3111940920352936,0.6036359667778015,0.3044106066226959
20251106112748_TOP,conn9,20251106112748_TOP.png,,0.47215989232063293,0.3075662851333618,0.6050578355789185,0.3034619987010956
20251106112823_TOP,conn9,20251106112823_TOP.png,,0.4866344630718231,0.3010289669036865,0.5982632040977478,0.312641441822052
20251106112900_TOP,conn9,20251106112900_TOP.png,,0.4800398051738739,0.30299243330955505,0.5527626276016235,0.28551965951919556
20251106112937_TOP,conn9,20251106112937_TOP.png,,0.4875693619251251,0.29448431730270386,0.6171882152557373,0.29768383502960205
20251106113014_TOP,conn9,20251106113014_TOP.png,,0.48418954014778137,0.2939259707927704,0.6106718182563782,0.30110257863998413
20251106113049_TOP,conn9,20251106113049_TOP.png,,0.4985910952091217,0.3022718131542206,0.6004014611244202,0.2975043058395386
20251106113126_TOP,conn9,20251106113126_TOP.png,,0.46337398886680603,0.29183465242385864,0.5810371041297913,0.2937151789665222
20251106113202_TOP,conn9,20251106113202_TOP.png,,0.47629183530807495,0.28718262910842896,0.5822652578353882,0.2761251628398895
20251106113240_TOP,conn9,20251106113240_TOP.png,,0.45318055152893066,0.2936101257801056,0.5656452178955078,0.296303927898407
20251106113316_TOP,conn9,20251106113316_TOP.png,,0.4619144797325134,0.28999391198158264,0.5214041471481323,0.29945793747901917
20251106113351_TOP,conn9,20251106113351_TOP.png,,0.5040497183799744,0.30413857102394104,0.6020646691322327,0.2969186007976532
20251106113428_TOP,conn9,20251106113428_TOP.png,,0.5238280892372131,0.3008435368537903,0.6022800207138062,0.3007858991622925
20251106130408_TOP,conn9,20251106130408_TOP.png,,0.4917333424091339,0.31243595480918884,0.6267422437667847,0.31217169761657715
20251106130444_TOP,conn9,20251106130444_TOP.png,,0.4889886677265167,0.28900066018104553,0.593959629535675,0.28811371326446533
20251106130521_TOP,conn9,20251106130521_TOP.png,,0.4610675871372223,0.2945065200328827,0.5321895480155945,0.27820053696632385
20251106130557_TOP,conn9,20251106130557_TOP.png,,0.48911741375923157,0.2861158847808838,0.5936707854270935,0.2851286828517914
20251106130633_TOP,conn9,20251106130633_TOP.png,,0.46722090244293213,0.29768362641334534,0.5486127734184265,0.28755512833595276
20251106130711_TOP,conn9,20251106130711_TOP.png,,0.4923609793186188,0.28917697072029114,0.5770235657691956,0.29897740483283997
20251106130747_TOP,conn9,20251106130747_TOP.png,,0.4878624379634857,0.2919480800628662,0.59055095911026,0.28583163022994995
20251106130824_TOP,conn9,20251106130824_TOP.png,,0.4800645411014557,0.29579225182533264,0.566132128238678,0.2997281849384308
20251106130903_TOP,conn9,20251106130903_TOP.png,,0.480344295501709,0.299206405878067,0.5876747965812683,0.29266175627708435
20251106130936_TOP,conn9,20251106130936_TOP.png,,0.4912489950656891,0.28795379400253296,0.49464574456214905,0.27344486117362976
20251106131013_TOP,conn9,20251106131013_TOP.png,,0.49518659710884094,0.2820536196231842,0.6040254831314087,0.2748241126537323
20251106131049_TOP,conn9,20251106131049_TOP.png,,0.46754729747772217,0.2938188910484314,0.5688536763191223,0.2954254746437073
20251106131124_TOP,conn9,20251106131124_TOP.png,,0.4931342601776123,0.30388474464416504,0.6189152598381042,0.30964937806129456
20251106131202_TOP,conn9,20251106131202_TOP.png,,0.48520341515541077,0.2893010973930359,0.597760021686554,0.2932950258255005
20251106131240_TOP,conn9,20251106131240_TOP.png,,0.4673925042152405,0.3064210116863251,0.5742480158805847,0.3060857057571411
20251106131314_TOP,conn9,20251106131314_TOP.png,,0.4844379425048828,0.29351913928985596,0.5986679196357727,0.2966000437736511
20251106131351_TOP,conn9,20251106131351_TOP.png,,0.49184054136276245,0.3037901818752289,0.5989730954170227,0.3032808303833008
20251106131428_TOP,conn9,20251106131428_TOP.png,,0.48035168647766113,0.29491159319877625,0.5634430646896362,0.291765958070755
20251106131503_TOP,conn9,20251106131503_TOP.png,,0.4647541344165802,0.3015829622745514,0.5846946239471436,0.2993362545967102
20251106131541_TOP,conn9,20251106131541_TOP.png,,0.4934835433959961,0.2938884198665619,0.602435827255249,0.2816573679447174
20251106131615_TOP,conn9,20251106131615_TOP.png,,0.48790571093559265,0.286222904920578,0.4892828166484833,0.19813629984855652
20251106131652_TOP,conn9,20251106131652_TOP.png,,0.4801149368286133,0.2985837161540985,0.6153649091720581,0.3033689260482788
20251106131729_TOP,conn9,20251106131729_TOP.png,,0.48633792996406555,0.2890838086605072,0.5716854333877563,0.28245246410369873
20251106131805_TOP,conn9,20251106131805_TOP.png,,0.4758470952510834,0.30473241209983826,0.5801324844360352,0.30554333329200745
20251106131841_TOP,conn9,20251106131841_TOP.png,,0.47808706760406494,0.28962400555610657,0.5828301906585693,0.27912473678588867
20251106131917_TOP,conn9,20251106131917_TOP.png,,0.4724421203136444,0.29900673031806946,0.5900564789772034,0.2979263961315155
20251106131952_TOP,conn9,20251106131952_TOP.png,,0.4875282347202301,0.2939392030239105,0.5805036425590515,0.2924342155456543
20251106132030_TOP,conn9,20251106132030_TOP.png,,0.48518574237823486,0.29813697934150696,0.593552827835083,0.29868844151496887
20251106132107_TOP,conn9,20251106132107_TOP.png,,0.4722837209701538,0.2991752624511719,0.5795470476150513,0.2969655692577362
20251106132144_TOP,conn9,20251106132144_TOP.png,,0.5134595632553101,0.3088904321193695,0.6328290700912476,0.30981746315956116
20251106132219_TOP,conn9,20251106132219_TOP.png,,0.4663931429386139,0.28974631428718567,0.5745466351509094,0.2865888476371765
20251106132256_TOP,conn9,20251106132256_TOP.png,,0.488187700510025,0.31478607654571533,0.6211844682693481,0.320151686668396
20251106132332_TOP,conn9,20251106132332_TOP.png,,0.477555513381958,0.29732149839401245,0.609908938407898,0.302705317735672
20251106132408_TOP,conn9,20251106132408_TOP.png,,0.4830160439014435,0.29157572984695435,0.5723499059677124,0.2905716300010681
20251106132445_TOP,conn9,20251106132445_TOP.png,,0.4796357750892639,0.2926282286643982,0.5932725071907043,0.28222015500068665
20251106132520_TOP,conn9,20251106132520_TOP.png,,0.49841994047164917,0.29718875885009766,0.5903270244598389,0.28600868582725525
20251106132557_TOP,conn9,20251106132557_TOP.png,,0.4873254895210266,0.29551056027412415,0.6092790961265564,0.28988075256347656
20251106132635_TOP,conn9,20251106132635_TOP.png,,0.4889998733997345,0.2934190034866333,0.6081288456916809,0.28515297174453735
20251106132710_TOP,conn9,20251106132710_TOP.png,,0.4765734374523163,0.29245662689208984,0.5850398540496826,0.2625514268875122
20251106132747_TOP,conn9,20251106132747_TOP.png,,0.48209214210510254,0.2871909737586975,0.5784000158309937,0.28118017315864563
20251106132824_TOP,conn9,20251106132824_TOP.png,,0.4775353968143463,0.2888513505458832,0.5667976140975952,0.30556726455688477
20251106132900_TOP,conn9,20251106132900_TOP.png,,0.47498658299446106,0.2834693193435669,0.5614216923713684,0.26710429787635803
20251106132935_TOP,conn9,20251106132935_TOP.png,,0.5241539478302002,0.27289265394210815,0.5993084907531738,0.27307379245758057
20251106133012_TOP,conn9,20251106133012_TOP.png,,0.5008442401885986,0.3002604842185974,0.5824936628341675,0.300930917263031
20251106133048_TOP,conn9,20251106133048_TOP.png,,0.49179068207740784,0.29229336977005005,0.599095344543457,0.281656950712204
20251106133124_TOP,conn9,20251106133124_TOP.png,,0.5037248730659485,0.28990229964256287,0.6222103834152222,0.2815799415111542
20251106133202_TOP,conn9,20251106133202_TOP.png,,0.49953970313072205,0.29441818594932556,0.5964431166648865,0.29301372170448303
20251106133238_TOP,conn9,20251106133238_TOP.png,,0.5554121136665344,0.28323301672935486,0.6452776789665222,0.302522212266922
20251106135917_TOP,conn9,20251106135917_TOP.png,,0.4948435127735138,0.29363369941711426,0.5768007040023804,0.3014596104621887
20251106135955_TOP,conn9,20251106135955_TOP.png,,0.48541495203971863,0.29930341243743896,0.6190050840377808,0.29689231514930725
20251106140029_TOP,conn9,20251106140029_TOP.png,,0.4890018701553345,0.29626333713531494,0.585631787776947,0.30070382356643677
20251106140108_TOP,conn9,20251106140108_TOP.png,,0.47592562437057495,0.2911031246185303,0.5898628234863281,0.28204619884490967
20251106140143_TOP,conn9,20251106140143_TOP.png,,0.4866640865802765,0.29605022072792053,0.5903399586677551,0.29503923654556274
20251106140220_TOP,conn9,20251106140220_TOP.png,,0.47693392634391785,0.2874588668346405,0.5967093110084534,0.2829471230506897
20251106140254_TOP,conn9,20251106140254_TOP.png,,0.48142558336257935,0.2936669588088989,0.6081786155700684,0.2932758927345276
20251106140333_TOP,conn9,20251106140333_TOP.png,,0.46600571274757385,0.2977587580680847,0.6043121814727783,0.27399471402168274
20251106140408_TOP,conn9,20251106140408_TOP.png,,0.4683797061443329,0.29022613167762756,0.5792072415351868,0.2978832721710205
20251106140444_TOP,conn9,20251106140444_TOP.png,,0.45862963795661926,0.29604074358940125,0.5354444980621338,0.29880639910697937
20251106140521_TOP,conn9,20251106140521_TOP.png,,0.48027142882347107,0.2942408621311188,0.5998117327690125,0.2930455505847931
20251106140557_TOP,conn9,20251106140557_TOP.png,,0.46877914667129517,0.29699966311454773,0.5990921258926392,0.29686999320983887
20251106140634_TOP,conn9,20251106140634_TOP.png,,0.4723154902458191,0.2957400679588318,0.6060381531715393,0.26576125621795654
20251106140711_TOP,conn9,20251106140711_TOP.png,,0.5049473643302917,0.294061541557312,0.590032696723938,0.2934853434562683
20251106140748_TOP,conn9,20251106140748_TOP.png,,0.47221556305885315,0.299085408449173,0.5940408110618591,0.2998332679271698
20251106140823_TOP,conn9,20251106140823_TOP.png,,0.49040883779525757,0.29887858033180237,0.589102029800415,0.29797303676605225
20251106140859_TOP,conn9,20251106140859_TOP.png,,0.4712085425853729,0.28071776032447815,0.5668830871582031,0.289960652589798
20251106140934_TOP,conn9,20251106140934_TOP.png,,0.4806984066963196,0.2923448383808136,0.5659708380699158,0.28773224353790283
20251106141010_TOP,conn9,20251106141010_TOP.png,,0.47141560912132263,0.29628628492355347,0.5459637641906738,0.28688421845436096
20251106141048_TOP,conn9,20251106141048_TOP.png,,0.4627396762371063,0.31242045760154724,0.5922077298164368,0.31672975420951843
20251106141123_TOP,conn9,20251106141123_TOP.png,,0.470812052488327,0.2934625744819641,0.5660368800163269,0.2867976427078247
20251106141200_TOP,conn9,20251106141200_TOP.png,,0.46623772382736206,0.29857131838798523,0.5619627237319946,0.2901118993759155
20251106141239_TOP,conn9,20251106141239_TOP.png,,0.47763171792030334,0.30206260085105896,0.5924934148788452,0.3013785183429718
20251106141313_TOP,conn9,20251106141313_TOP.png,,0.45365020632743835,0.3039934039115906,0.5539464950561523,0.29585403203964233
20251106141351_TOP,conn9,20251106141351_TOP.png,,0.4320867657661438,0.2863041162490845,0.49341753125190735,0.2545923590660095
20251106141426_TOP,conn9,20251106141426_TOP.png,,0.4607709050178528,0.29478251934051514,0.5412749648094177,0.28760790824890137
20251106141502_TOP,conn9,20251106141502_TOP.png,,0.4561072289943695,0.29447832703590393,0.5543338656425476,0.2881411612033844
20251106141538_TOP,conn9,20251106141538_TOP.png,,0.47089773416519165,0.29347527027130127,0.5603298544883728,0.2936394512653351
20251106141615_TOP,conn9,20251106141615_TOP.png,,0.4526347219944,0.2944808602333069,0.5605624914169312,0.2985740005970001
20251106141652_TOP,conn9,20251106141652_TOP.png,,0.45517033338546753,0.292734295129776,0.5548684000968933,0.2892630398273468
20251106141729_TOP,conn9,20251106141729_TOP.png,,0.47719624638557434,0.29317209124565125,0.5608308911323547,0.2915979027748108
20251106141804_TOP,conn9,20251106141804_TOP.png,,0.474445104598999,0.2933570444583893,0.572631299495697,0.2898417115211487
20251106141840_TOP,conn9,20251106141840_TOP.png,,0.47587674856185913,0.29029154777526855,0.5675973296165466,0.290682852268219
20251106141916_TOP,conn9,20251106141916_TOP.png,,0.46760404109954834,0.2876126170158386,0.564102053642273,0.2869963049888611
20251106141954_TOP,conn9,20251106141954_TOP.png,,0.49156755208969116,0.294148713350296,0.5598375201225281,0.3017750680446625
20251106142030_TOP,conn9,20251106142030_TOP.png,,0.4490355849266052,0.29179227352142334,0.5433958768844604,0.26638132333755493
20251106142106_TOP,conn9,20251106142106_TOP.png,,0.540009081363678,0.2844599187374115,0.540213406085968,0.2742137014865875
20251106142143_TOP,conn9,20251106142143_TOP.png,,0.47720491886138916,0.3060242831707001,0.6043934226036072,0.29902270436286926
20251106142218_TOP,conn9,20251106142218_TOP.png,,0.46379518508911133,0.30472761392593384,0.6013224124908447,0.3035295605659485
20251106142255_TOP,conn9,20251106142255_TOP.png,,0.45218563079833984,0.2930282950401306,0.5564677715301514,0.2931082844734192
20251106142332_TOP,conn9,20251106142332_TOP.png,,0.48091524839401245,0.290345162153244,0.5669490694999695,0.2824583649635315
20251106142408_TOP,conn9,20251106142408_TOP.png,,0.47089600563049316,0.2879639267921448,0.5767714381217957,0.28204482793807983
20251106142445_TOP,conn9,20251106142445_TOP.png,,0.4524325728416443,0.2942013442516327,0.5777183175086975,0.3067460358142853
20251106142521_TOP,conn9,20251106142521_TOP.png,,0.4571850001811981,0.2799905836582184,0.5799679756164551,0.30707821249961853
20251106142557_TOP,conn9,20251106142557_TOP.png,,0.447182834148407,0.28966256976127625,0.5511979460716248,0.2926754057407379
20251106142633_TOP,conn9,20251106142633_TOP.png,,0.4394710659980774,0.29434093832969666,0.5598104596138,0.3086845278739929
20251106142709_TOP,conn9,20251106142709_TOP.png,,0.4675840437412262,0.2907358705997467,0.5775829553604126,0.28496116399765015
20251106142745_TOP,conn9,20251106142745_TOP.png,,0.4547708332538605,0.28497833013534546,0.527296245098114,0.29157620668411255
20251106164243_TOP,conn9,20251106164243_TOP.png,,0.4780641496181488,0.30237632989883423,0.5478325486183167,0.3010593354701996
20251106164318_TOP,conn9,20251106164318_TOP.png,,0.46735337376594543,0.3029022812843323,0.5720133781433105,0.3129124343395233
20251106164354_TOP,conn9,20251106164354_TOP.png,,0.46354803442955017,0.3056822717189789,0.5485228896141052,0.29482102394104004
20251106164433_TOP,conn9,20251106164433_TOP.png,,0.49075645208358765,0.29973626136779785,0.6252045035362244,0.28127241134643555
20251106164507_TOP,conn9,20251106164507_TOP.png,,0.48155418038368225,0.3004082143306732,0.5704507827758789,0.29835081100463867
20251106164545_TOP,conn9,20251106164545_TOP.png,,0.4631561040878296,0.3091689646244049,0.5830963253974915,0.3179948031902313
20251106164620_TOP,conn9,20251106164620_TOP.png,,0.5316740274429321,0.2939811050891876,0.5882341861724854,0.3224005103111267
20251106164656_TOP,conn9,20251106164656_TOP.png,,0.47164008021354675,0.2983326017856598,0.5456358194351196,0.2925455868244171
20251106164732_TOP,conn9,20251106164732_TOP.png,,0.4795251786708832,0.3009747862815857,0.5660974979400635,0.3010193407535553
20251106164808_TOP,conn9,20251106164808_TOP.png,,0.31611740589141846,0.24885150790214539,0.47610270977020264,0.26987555623054504
20251106164844_TOP,conn9,20251106164844_TOP.png,,0.44557374715805054,0.28475630283355713,0.5682552456855774,0.28387901186943054
20251106164921_TOP,conn9,20251106164921_TOP.png,,0.47965025901794434,0.30803561210632324,0.5881065130233765,0.30732691287994385
20251106164957_TOP,conn9,20251106164957_TOP.png,,0.4771174490451813,0.2917524576187134,0.5556832551956177,0.287058025598526
20251106165034_TOP,conn9,20251106165034_TOP.png,,0.48260748386383057,0.29726269841194153,0.5658908486366272,0.29782727360725403
20251106165110_TOP,conn9,20251106165110_TOP.png,,0.4923051595687866,0.29896053671836853,0.5630719065666199,0.3084234595298767
20251106165146_TOP,conn9,20251106165146_TOP.png,,0.47040170431137085,0.29323989152908325,0.5501061081886292,0.292162150144577
20251106165224_TOP,conn9,20251106165224_TOP.png,,0.48354625701904297,0.30108872056007385,0.572658360004425,0.2957041561603546
20251106165259_TOP,conn9,20251106165259_TOP.png,,0.45553627610206604,0.28896769881248474,0.5407739877700806,0.2969382405281067
20251106165335_TOP,conn9,20251106165335_TOP.png,,0.47207942605018616,0.30173107981681824,0.5867127776145935,0.2927455008029938
20251106165411_TOP,conn9,20251106165411_TOP.png,,0.46960482001304626,0.29713860154151917,0.5623090267181396,0.29858237504959106
20251106165448_TOP,conn9,20251106165448_TOP.png,,0.4770285189151764,0.2960836887359619,0.5636443495750427,0.30400654673576355
20251106165523_TOP,conn9,20251106165523_TOP.png,,0.47388502955436707,0.30105307698249817,0.5631292462348938,0.29902806878089905
20251106165601_TOP,conn9,20251106165601_TOP.png,,0.455092191696167,0.29189467430114746,0.5469992756843567,0.29446443915367126
20251106165638_TOP,conn9,20251106165638_TOP.png,,0.45769038796424866,0.3000808358192444,0.5392752289772034,0.29812541604042053
20251106165714_TOP,conn9,20251106165714_TOP.png,,0.4795191287994385,0.3050072491168976,0.5652663707733154,0.3061164319515228
20251106165750_TOP,conn9,20251106165750_TOP.png,,0.4735274910926819,0.3094407618045807,0.5838278532028198,0.31712156534194946
20251106165826_TOP,conn9,20251106165826_TOP.png,,0.4754849970340729,0.29598626494407654,0.5598472356796265,0.2933790385723114
20251106165901_TOP,conn9,20251106165901_TOP.png,,0.48005175590515137,0.28504106402397156,0.5745065212249756,0.30513814091682434
20251106165939_TOP,conn9,20251106165939_TOP.png,,0.46627211570739746,0.3006834089756012,0.5745066404342651,0.3036496937274933
