sample_id,connector_name,filename,label,gray_mean,gray_std,band_mean,band_std,board_id
20251118105546_TOP,conn1,20251118105546_TOP.png,OK,0.6164272427558899,0.2738566100597381,0.7354410886764526,0.1957503706216812,20251118105546
20251118105625_TOP,conn1,20251118105625_TOP.png,OK,0.5903255343437195,0.2782522141933441,0.6890990138053894,0.2470104247331619,20251118105625
20251118105700_TOP,conn1,20251118105700_TOP.png,OK,0.563596248626709,0.2815933525562286,0.6474789381027222,0.2604602873325348,20251118105700
20251118105736_TOP,conn1,20251118105736_TOP.png,OK,0.562578022480011,0.2460973262786865,0.6183105111122131,0.1992797255516052,20251118105736
20251118105811_TOP,conn1,20251118105811_TOP.png,OK,0.5574378967285156,0.2387887388467788,0.6159185767173767,0.1939759403467178,20251118105811
20251118105849_TOP,conn1,20251118105849_TOP.png,OK,0.604756772518158,0.275463342666626,0.6648269295692444,0.2488508224487304,20251118105849
20251118105924_TOP,conn1,20251118105924_TOP.png,OK,0.587829053401947,0.2866481244564056,0.7134882807731628,0.2220717370510101,20251118105924
20251118110001_TOP,conn1,20251118110001_TOP.png,OK,0.5994256734848022,0.2727911472320556,0.6789984703063965,0.2451110780239105,20251118110001
20251118110038_TOP,conn1,20251118110038_TOP.png,OK,0.5822350978851318,0.2612477540969848,0.6116337776184082,0.2573713660240173,20251118110038
20251118110112_TOP,conn1,20251118110112_TOP.png,OK,0.6215062737464905,0.280849426984787,0.7260622382164001,0.1940812617540359,20251118110112
20251118110150_TOP,conn1,20251118110150_TOP.png,OK,0.594727098941803,0.2719868123531341,0.6228177547454834,0.2688828706741333,20251118110150
20251118110226_TOP,conn1,20251118110226_TOP.png,OK,0.5865147709846497,0.268144279718399,0.6391242742538452,0.2470652461051941,20251118110226
20251118110304_TOP,conn1,20251118110304_TOP.png,OK,0.5916798710823059,0.2677062749862671,0.6341290473937988,0.2090759575366974,20251118110304
20251118110340_TOP,conn1,20251118110340_TOP.png,OK,0.5804576277732849,0.2554546594619751,0.6604865193367004,0.158046081662178,20251118110340
20251118110416_TOP,conn1,20251118110416_TOP.png,OK,0.5736283659934998,0.2531152069568634,0.5994181036949158,0.2391786277294159,20251118110416
20251118110451_TOP,conn1,20251118110451_TOP.png,OK,0.5960807800292969,0.2685469388961792,0.6469241380691528,0.226232647895813,20251118110451
20251118110529_TOP,conn1,20251118110529_TOP.png,OK,0.6040825843811035,0.280837208032608,0.6783362627029419,0.2500734031200409,20251118110529
20251118110605_TOP,conn1,20251118110605_TOP.png,OK,0.5836511850357056,0.2691652178764343,0.67500901222229,0.2068787068128585,20251118110605
20251118110642_TOP,conn1,20251118110642_TOP.png,OK,0.597080409526825,0.273363322019577,0.6421821713447571,0.2323269098997116,20251118110642
20251118110717_TOP,conn1,20251118110717_TOP.png,OK,0.5932366847991943,0.2681048810482025,0.6469945907592773,0.2127196341753006,20251118110717
20251118110755_TOP,conn1,20251118110755_TOP.png,OK,0.5893779993057251,0.2717816233634949,0.6801524758338928,0.2093945741653442,20251118110755
20251118110830_TOP,conn1,20251118110830_TOP.png,OK,0.5875125527381897,0.2755386531352997,0.6468920707702637,0.2046343833208084,20251118110830
20251118110907_TOP,conn1,20251118110907_TOP.png,OK,0.5951732993125916,0.2720775306224823,0.6690068244934082,0.2594337165355682,20251118110907
20251118110944_TOP,conn1,20251118110944_TOP.png,OK,0.6051664352416992,0.2750499844551086,0.6774936318397522,0.2299157530069351,20251118110944
20251118111019_TOP,conn1,20251118111019_TOP.png,OK,0.6010306477546692,0.2714402377605438,0.6495669484138489,0.2238358110189438,20251118111019
20251118111057_TOP,conn1,20251118111057_TOP.png,OK,0.5874851942062378,0.25786954164505,0.6381555795669556,0.2356051802635193,20251118111057
20251118111131_TOP,conn1,20251118111131_TOP.png,OK,0.5830625891685486,0.2765467166900635,0.6835465431213379,0.2251180559396743,20251118111131
20251118111209_TOP,conn1,20251118111209_TOP.png,OK,0.560467541217804,0.2643284797668457,0.6454378366470337,0.2133126556873321,20251118111209
20251118111246_TOP,conn1,20251118111246_TOP.png,OK,0.5949296951293945,0.2778266072273254,0.6754672527313232,0.2296184748411178,20251118111246
20251118111323_TOP,conn1,20251118111323_TOP.png,OK,0.5868960022926331,0.2749703824520111,0.6529807448387146,0.2626982033252716,20251118111323
20251118111359_TOP,conn1,20251118111359_TOP.png,OK,0.5970085859298706,0.2752611935138702,0.656012773513794,0.2582921385765075,20251118111359
20251118111436_TOP,conn1,20251118111436_TOP.png,OK,0.575594425201416,0.2743107378482818,0.6545560359954834,0.2644104957580566,20251118111436
20251119082900_TOP,conn1,20251119082900_TOP.png,OK,0.5714108347892761,0.2690041661262512,0.6828991174697876,0.1642177104949951,20251119082900
20251119082936_TOP,conn1,20251119082936_TOP.png,OK,0.612517237663269,0.2724981904029846,0.6432361006736755,0.2352498173713684,20251119082936
20251119083012_TOP,conn1,20251119083012_TOP.png,OK,0.6065007448196411,0.2740643620491028,0.6143853068351746,0.241222396492958,20251119083012
20251119083048_TOP,conn1,20251119083048_TOP.png,OK,0.5857511758804321,0.2647138833999634,0.5575101971626282,0.2367814481258392,20251119083048
20251119083124_TOP,conn1,20251119083124_TOP.png,OK,0.6055765748023987,0.2716519236564636,0.675550103187561,0.2370004206895828,20251119083124
20251119083201_TOP,conn1,20251119083201_TOP.png,OK,0.5835520625114441,0.2745445668697357,0.6582873463630676,0.2491685599088668,20251119083201
20251119083237_TOP,conn1,20251119083237_TOP.png,OK,0.5723695158958435,0.2728567719459533,0.5965726971626282,0.2472042292356491,20251119083237
20251119083314_TOP,conn1,20251119083314_TOP.png,OK,0.5875614285469055,0.2753614783287048,0.6814695596694946,0.2551612555980682,20251119083314
20251119083351_TOP,conn1,20251119083351_TOP.png,OK,0.5973712205886841,0.278958648443222,0.7059935331344604,0.2087170928716659,20251119083351
20251119083425_TOP,conn1,20251119083425_TOP.png,OK,0.5809162855148315,0.2672860026359558,0.6310463547706604,0.2453942596912384,20251119083425
20251119083503_TOP,conn1,20251119083503_TOP.png,OK,0.6025341749191284,0.2770809531211853,0.7027502655982971,0.2267827540636062,20251119083503
20251119083538_TOP,conn1,20251119083538_TOP.png,KO,0.6492404341697693,0.2903673350811004,0.7252171635627747,0.2509761750698089,20251119083538
20251119083617_TOP,conn1,20251119083617_TOP.png,KO,0.6094011068344116,0.2817708849906921,0.6700854301452637,0.2321712672710418,20251119083617
20251119083652_TOP,conn1,20251119083652_TOP.png,KO,0.6203522086143494,0.2843796908855438,0.6883291602134705,0.2258126139640808,20251119083652
20251119083728_TOP,conn1,20251119083728_TOP.png,OK,0.5767260789871216,0.2713116407394409,0.6059737801551819,0.2172675281763076,20251119083728
20251119083803_TOP,conn1,20251119083803_TOP.png,OK,0.5944339632987976,0.2708138525485992,0.6006535887718201,0.2466671168804168,20251119083803
20251119083842_TOP,conn1,20251119083842_TOP.png,OK,0.5887134075164795,0.282799631357193,0.6855431795120239,0.2482948005199432,20251119083842
20251119083918_TOP,conn1,20251119083918_TOP.png,OK,0.5877419710159302,0.2779739797115326,0.5551886558532715,0.2238873690366745,20251119083918
20251119083954_TOP,conn1,20251119083954_TOP.png,OK,0.6044644117355347,0.2690651714801788,0.6116893887519836,0.2331196069717407,20251119083954
20251119084031_TOP,conn1,20251119084031_TOP.png,OK,0.5915608406066895,0.2648350596427917,0.6152575016021729,0.2191503793001175,20251119084031
20251119084105_TOP,conn1,20251119084105_TOP.png,OK,0.595810055732727,0.264364629983902,0.6486390233039856,0.2429131865501403,20251119084105
20251119084142_TOP,conn1,20251119084142_TOP.png,OK,0.5694499611854553,0.2632173299789428,0.5594561696052551,0.2010573893785476,20251119084142
20251119084219_TOP,conn1,20251119084219_TOP.png,OK,0.593044102191925,0.273103654384613,0.6583243608474731,0.2439271062612533,20251119084219
20251119084256_TOP,conn1,20251119084256_TOP.png,OK,0.5763188004493713,0.26859050989151,0.5822096467018127,0.2146446406841278,20251119084256
20251119084332_TOP,conn1,20251119084332_TOP.png,OK,0.5775259733200073,0.2650866508483886,0.5279662013053894,0.1888869106769561,20251119084332
20251119084409_TOP,conn1,20251119084409_TOP.png,OK,0.5810821056365967,0.265360027551651,0.5385250449180603,0.2089320868253708,20251119084409
20251119084443_TOP,conn1,20251119084443_TOP.png,OK,0.5899253487586975,0.2732903659343719,0.6672127842903137,0.231787621974945,20251119084443
20251119084522_TOP,conn1,20251119084522_TOP.png,OK,0.5706766247749329,0.2673307061195373,0.6394133567810059,0.1968321353197097,20251119084522
20251119084557_TOP,conn1,20251119084557_TOP.png,OK,0.5804921388626099,0.2762674391269684,0.5398754477500916,0.1933050900697708,20251119084557
20251119084633_TOP,conn1,20251119084633_TOP.png,OK,0.5700167417526245,0.2612093389034271,0.5398112535476685,0.2197663784027099,20251119084633
20251119084710_TOP,conn1,20251119084710_TOP.png,OK,0.5920153260231018,0.2856236100196838,0.7383087873458862,0.1950627565383911,20251119084710
20251119084747_TOP,conn1,20251119084747_TOP.png,OK,0.577643096446991,0.2807373106479645,0.6401163935661316,0.2514618039131164,20251119084747
20251119084824_TOP,conn1,20251119084824_TOP.png,OK,0.588142454624176,0.2766678631305694,0.6430791616439819,0.2669962644577026,20251119084824
20251119084900_TOP,conn1,20251119084900_TOP.png,OK,0.595875084400177,0.2791805863380432,0.7159149050712585,0.1998596340417862,20251119084900
20251119084935_TOP,conn1,20251119084935_TOP.png,OK,0.5664786100387573,0.281073123216629,0.6099138855934143,0.2603785991668701,20251119084935
20251119085012_TOP,conn1,20251119085012_TOP.png,OK,0.577180027961731,0.2834933698177337,0.6141394376754761,0.2627663314342499,20251119085012
20251119085050_TOP,conn1,20251119085050_TOP.png,OK,0.5835306644439697,0.274695873260498,0.6262438893318176,0.2738588750362396,20251119085050
20251119085124_TOP,conn1,20251119085124_TOP.png,OK,0.5894169807434082,0.2724313735961914,0.6815547943115234,0.2038055956363678,20251119085124
20251119085200_TOP,conn1,20251119085200_TOP.png,OK,0.5994622111320496,0.273770809173584,0.6116263270378113,0.2328773438930511,20251119085200
20251119085236_TOP,conn1,20251119085236_TOP.png,OK,0.587243914604187,0.2766551077365875,0.6370028853416443,0.2611815929412842,20251119085236
20251119085312_TOP,conn1,20251119085312_TOP.png,OK,0.5801745653152466,0.2594957649707794,0.6151179075241089,0.1938751488924026,20251119085312
20251119085350_TOP,conn1,20251119085350_TOP.png,OK,0.5774962306022644,0.2766357660293579,0.6436401605606079,0.2256359755992889,20251119085350
20251119085424_TOP,conn1,20251119085424_TOP.png,OK,0.5841053128242493,0.2692054212093353,0.638444721698761,0.2158802151679992,20251119085424
20251119085502_TOP,conn1,20251119085502_TOP.png,OK,0.5801816582679749,0.2753300964832306,0.709070086479187,0.2198238372802734,20251119085502
20251119085538_TOP,conn1,20251119085538_TOP.png,OK,0.5780801177024841,0.2651516497135162,0.6048668026924133,0.2302708923816681,20251119085538
20251119085613_TOP,conn1,20251119085613_TOP.png,OK,0.5982192158699036,0.2728230953216553,0.638269305229187,0.2606911361217499,20251119085613
20251119085652_TOP,conn1,20251119085652_TOP.png,OK,0.5936629772186279,0.2750461399555206,0.6270321607589722,0.2501589953899383,20251119085652
20251119085727_TOP,conn1,20251119085727_TOP.png,OK,0.5871622562408447,0.2692757546901703,0.6097618937492371,0.2501423060894012,20251119085727
20251120141147_TOP,conn1,20251120141147_TOP.png,PARTIAL OCCLUSION,0.5655533671379089,0.2877973616123199,0.6597378253936768,0.2449058145284652,20251120141147
20251120141222_TOP,conn1,20251120141222_TOP.png,OK,0.5863432288169861,0.2712793350219726,0.7034879326820374,0.1789975017309188,20251120141222
20251120141259_TOP,conn1,20251120141259_TOP.png,OK,0.5677478313446045,0.2678701877593994,0.6205406785011292,0.2511447966098785,20251120141259
20251120141335_TOP,conn1,20251120141335_TOP.png,OK,0.5854793787002563,0.2656521797180176,0.6238481998443604,0.2590743005275726,20251120141335
20251120141413_TOP,conn1,20251120141413_TOP.png,OK,0.5750268697738647,0.2633726298809051,0.6326550245285034,0.2552509903907776,20251120141413
20251120141448_TOP,conn1,20251120141448_TOP.png,OK,0.5829325914382935,0.2656680643558502,0.588853120803833,0.2269548177719116,20251120141448
20251120141522_TOP,conn1,20251120141522_TOP.png,OK,0.5878661274909973,0.276590883731842,0.6885553002357483,0.2115616202354431,20251120141522
20251120141602_TOP,conn1,20251120141602_TOP.png,OK,0.6091222167015076,0.2720367014408111,0.6716026067733765,0.2410714030265808,20251120141602
20251120141637_TOP,conn1,20251120141637_TOP.png,OK,0.5862939953804016,0.2751625180244446,0.5572704672813416,0.2438052147626876,20251120141637
20251120141713_TOP,conn1,20251120141713_TOP.png,OK,0.5689834356307983,0.2705737948417663,0.6001631021499634,0.2280548363924026,20251120141713
20251120141750_TOP,conn1,20251120141750_TOP.png,OK,0.5725643038749695,0.2704761922359466,0.584895670413971,0.2350571751594543,20251120141750
20251120142801_TOP,conn1,20251120142801_TOP.png,OK,0.5872596502304077,0.2732861042022705,0.6608930826187134,0.269385427236557,20251120142801
20251120142838_TOP,conn1,20251120142838_TOP.png,OK,0.5750231146812439,0.2687945663928985,0.5988571047782898,0.2402071505784988,20251120142838
20251120142913_TOP,conn1,20251120142913_TOP.png,OK,0.5974403619766235,0.2654855847358703,0.6214389204978943,0.2657758593559265,20251120142913
20251120142950_TOP,conn1,20251120142950_TOP.png,OK,0.5847881436347961,0.2631672024726867,0.6097915768623352,0.225239560008049,20251120142950
20251120143927_TOP,conn1,20251120143927_TOP.png,OK,0.5858451128005981,0.274539977312088,0.6052806377410889,0.2311303466558456,20251120143927
20251120144004_TOP,conn1,20251120144004_TOP.png,OK,0.5923787355422974,0.2741015553474426,0.6560410857200623,0.2385294288396835,20251120144004
20251120144040_TOP,conn1,20251120144040_TOP.png,OK,0.5867805480957031,0.2650232315063476,0.6411789655685425,0.2437705248594284,20251120144040
20251120144114_TOP,conn1,20251120144114_TOP.png,OK,0.5823992490768433,0.2699805796146393,0.6345527768135071,0.2523186504840851,20251120144114
20251120144153_TOP,conn1,20251120144153_TOP.png,OK,0.5881211161613464,0.2688698470592499,0.696625828742981,0.2005889415740966,20251120144153
20251120144228_TOP,conn1,20251120144228_TOP.png,OK,0.5957098007202148,0.2685640156269073,0.6950294375419617,0.1879604011774063,20251120144228
20251120144300_TOP,conn1,20251120144300_TOP.png,OK,0.5961529016494751,0.2697780430316925,0.6695652008056641,0.2515017688274383,20251120144300
20251120144337_TOP,conn1,20251120144337_TOP.png,OK,0.5591790080070496,0.2681276202201843,0.6125764846801758,0.1908827126026153,20251120144337
20251120144413_TOP,conn1,20251120144413_TOP.png,OK,0.5805210471153259,0.2715895473957062,0.5967159867286682,0.2366747260093689,20251120144413
20251120144451_TOP,conn1,20251120144451_TOP.png,OK,0.5986448526382446,0.2790191173553467,0.6121267080307007,0.277681827545166,20251120144451
20251120144526_TOP,conn1,20251120144526_TOP.png,OK,0.5874559283256531,0.273678570985794,0.7031629681587219,0.1923933178186416,20251120144526
20251120144603_TOP,conn1,20251120144603_TOP.png,OK,0.5491433143615723,0.2938774526119232,0.6852824091911316,0.2804003059864044,20251120144603
20251120144639_TOP,conn1,20251120144639_TOP.png,OK,0.588979959487915,0.2630650103092193,0.6927549242973328,0.186859592795372,20251120144639
20251120144717_TOP,conn1,20251120144717_TOP.png,OK,0.5856014490127563,0.2818946242332458,0.5875224471092224,0.2769609093666076,20251120144717
20251120144751_TOP,conn1,20251120144751_TOP.png,OK,0.6052924394607544,0.2584160566329956,0.6565489172935486,0.2302479892969131,20251120144751
20251120144830_TOP,conn1,20251120144830_TOP.png,OK,0.5917816758155823,0.269290030002594,0.6018496155738831,0.2726367115974426,20251120144830
20251120144906_TOP,conn1,20251120144906_TOP.png,OK,0.5934011340141296,0.2647746801376343,0.6244351267814636,0.203201025724411,20251120144906
20251120144941_TOP,conn1,20251120144941_TOP.png,OK,0.5798546075820923,0.2755618691444397,0.5460889339447021,0.2430648654699325,20251120144941
20251120145019_TOP,conn1,20251120145019_TOP.png,OK,0.5972480177879333,0.2624179720878601,0.60051029920578,0.2272676527500152,20251120145019
20251120145056_TOP,conn1,20251120145056_TOP.png,OK,0.5894920229911804,0.2692338228225708,0.6404833793640137,0.2434321790933609,20251120145056
20251120145131_TOP,conn1,20251120145131_TOP.png,OK,0.5656049847602844,0.2720725536346435,0.6557508111000061,0.2617766559123993,20251120145131
20251120145207_TOP,conn1,20251120145207_TOP.png,OK,0.5928657054901123,0.2673133313655853,0.6470786333084106,0.2527022659778595,20251120145207
20251120145244_TOP,conn1,20251120145244_TOP.png,OK,0.5789909958839417,0.2681555151939392,0.6563611626625061,0.2366866320371627,20251120145244
20251120145321_TOP,conn1,20251120145321_TOP.png,OK,0.5778535604476929,0.2666739225387573,0.6228906512260437,0.2489685416221618,20251120145321
20251120145354_TOP,conn1,20251120145354_TOP.png,OK,0.5838343501091003,0.275426983833313,0.7357932329177856,0.1795220226049423,20251120145354
20251120145433_TOP,conn1,20251120145433_TOP.png,OK,0.5666540861129761,0.2604203224182129,0.5271705389022827,0.2563764154911041,20251120145433
20251120145511_TOP,conn1,20251120145511_TOP.png,OK,0.5811370611190796,0.2690939605236053,0.6877843737602234,0.1945485472679138,20251120145511
20251120145545_TOP,conn1,20251120145545_TOP.png,OK,0.5788410305976868,0.2712064385414123,0.625451922416687,0.2488982528448104,20251120145545
20251120145621_TOP,conn1,20251120145621_TOP.png,OK,0.5628248453140259,0.2707478106021881,0.6038943529129028,0.2413364648818969,20251120145621
20251120145659_TOP,conn1,20251120145659_TOP.png,OK,0.5859730243682861,0.2779086530208587,0.5787254571914673,0.255856841802597,20251120145659
20251120145736_TOP,conn1,20251120145736_TOP.png,OK,0.5667955875396729,0.2632001638412475,0.5618024468421936,0.2405656427145004,20251120145736
20251120145812_TOP,conn1,20251120145812_TOP.png,OK,0.555587649345398,0.2634692788124084,0.5712258219718933,0.1913616806268692,20251120145812
20251120145848_TOP,conn1,20251120145848_TOP.png,OK,0.5653315782546997,0.2719522714614868,0.6763359308242798,0.1942782998085022,20251120145848
20251120145923_TOP,conn1,20251120145923_TOP.png,OK,0.5893522500991821,0.2705994844436645,0.5701348185539246,0.2161710113286972,20251120145923
20251120150000_TOP,conn1,20251120150000_TOP.png,OK,0.5602318644523621,0.2649942338466644,0.5545485615730286,0.2292085289955139,20251120150000
20251120150038_TOP,conn1,20251120150038_TOP.png,OK,0.5621612668037415,0.2824074625968933,0.6466548442840576,0.2622643411159515,20251120150038
20251120150113_TOP,conn1,20251120150113_TOP.png,OK,0.5573263764381409,0.2735064327716827,0.58372563123703,0.2426759451627731,20251120150113
20251120150149_TOP,conn1,20251120150149_TOP.png,OK,0.5696702003479004,0.2705928683280945,0.6117820143699646,0.2547909915447235,20251120150149
20251120150225_TOP,conn1,20251120150225_TOP.png,OK,0.5666927099227905,0.2756032049655914,0.671590268611908,0.2072934061288833,20251120150225
20251120150301_TOP,conn1,20251120150301_TOP.png,OK,0.5948294401168823,0.2642634212970733,0.6078506112098694,0.2515372931957245,20251120150301
20251120150338_TOP,conn1,20251120150338_TOP.png,OK,0.5727258324623108,0.2727938890457153,0.646769642829895,0.2585429847240448,20251120150338
20251120150412_TOP,conn1,20251120150412_TOP.png,OK,0.5731850266456604,0.2675891816616058,0.6124083995819092,0.224406898021698,20251120150412
20251120150450_TOP,conn1,20251120150450_TOP.png,OK,0.5605342984199524,0.2754405736923218,0.6175321936607361,0.2728984355926513,20251120150450
20251120150526_TOP,conn1,20251120150526_TOP.png,OK,0.6021220684051514,0.2676316499710083,0.6288743019104004,0.2387218177318573,20251120150526
20251120150604_TOP,conn1,20251120150604_TOP.png,OK,0.5878851413726807,0.2733471989631653,0.6249033212661743,0.2398491948843002,20251120150604
20251120150639_TOP,conn1,20251120150639_TOP.png,OK,0.5687147974967957,0.2823753654956817,0.6014307141304016,0.2754324078559875,20251120150639
20251120150715_TOP,conn1,20251120150715_TOP.png,OK,0.5769441723823547,0.2663415074348449,0.6252431273460388,0.2469386607408523,20251120150715
20251120150752_TOP,conn1,20251120150752_TOP.png,OK,0.5863568782806396,0.2670702040195465,0.6100300550460815,0.2362020164728164,20251120150752
20251120150830_TOP,conn1,20251120150830_TOP.png,OK,0.5850260257720947,0.2763150334358215,0.5800511837005615,0.2408342659473419,20251120150830
20251120150904_TOP,conn1,20251120150904_TOP.png,OK,0.5685235857963562,0.2669837176799774,0.5712085366249084,0.2345737218856811,20251120150904
20251120150943_TOP,conn1,20251120150943_TOP.png,OK,0.5843639969825745,0.2647884488105774,0.6438007354736328,0.2332484722137451,20251120150943
20251120151019_TOP,conn1,20251120151019_TOP.png,OK,0.5942237377166748,0.2672906219959259,0.6460802555084229,0.2499304115772247,20251120151019
20251120151054_TOP,conn1,20251120151054_TOP.png,OK,0.5877472758293152,0.2730006873607635,0.5858038067817688,0.226899117231369,20251120151054
20251120151130_TOP,conn1,20251120151130_TOP.png,OK,0.5699875950813293,0.2691222429275512,0.5455144643783569,0.2031693160533905,20251120151130
20251120151209_TOP,conn1,20251120151209_TOP.png,OK,0.5800361633300781,0.2733288407325744,0.5663639903068542,0.2211479544639587,20251120151209
20251120151244_TOP,conn1,20251120151244_TOP.png,OK,0.5787373781204224,0.2663994133472442,0.6122305393218994,0.251680463552475,20251120151244
20251120151319_TOP,conn1,20251120151319_TOP.png,OK,0.5821171998977661,0.2675051987171173,0.581998348236084,0.2381244152784347,20251120151319
20251118105546_TOP,conn2,20251118105546_TOP.png,OK,0.5117822885513306,0.2683117985725403,0.440911054611206,0.2614988088607788,20251118105546
20251118105625_TOP,conn2,20251118105625_TOP.png,OK,0.5218729376792908,0.2725031077861786,0.4238603711128235,0.2578603327274322,20251118105625
20251118105700_TOP,conn2,20251118105700_TOP.png,OK,0.5142604112625122,0.2710679769515991,0.4689221680164337,0.2770787179470062,20251118105700
20251118105736_TOP,conn2,20251118105736_TOP.png,OK,0.4899181425571441,0.2547600865364074,0.4372812509536743,0.2551111280918121,20251118105736
20251118105811_TOP,conn2,20251118105811_TOP.png,OK,0.5004470944404602,0.2571662366390228,0.4603467285633087,0.2642899453639984,20251118105811
20251118105849_TOP,conn2,20251118105849_TOP.png,OK,0.5073848962783813,0.270882248878479,0.4567134082317352,0.2686820030212402,20251118105849
20251118105924_TOP,conn2,20251118105924_TOP.png,OK,0.4750368297100067,0.2554754912853241,0.4651568830013275,0.2671998143196106,20251118105924
20251118110001_TOP,conn2,20251118110001_TOP.png,OK,0.507401168346405,0.2657898366451263,0.4577315151691437,0.2721514403820038,20251118110001
20251118110038_TOP,conn2,20251118110038_TOP.png,OK,0.50648033618927,0.2572159469127655,0.4266457557678222,0.2478279173374176,20251118110038
20251118110112_TOP,conn2,20251118110112_TOP.png,OK,0.5265032649040222,0.2695743143558502,0.4410643875598907,0.2500519454479217,20251118110112
20251118110150_TOP,conn2,20251118110150_TOP.png,OK,0.5190549492835999,0.2741612195968628,0.4260036945343017,0.267106294631958,20251118110150
20251118110226_TOP,conn2,20251118110226_TOP.png,OK,0.5257799029350281,0.2739121913909912,0.4558501541614532,0.2785285413265228,20251118110226
20251118110304_TOP,conn2,20251118110304_TOP.png,OK,0.5122886896133423,0.2643734216690063,0.4369666576385498,0.2517822086811065,20251118110304
20251118110340_TOP,conn2,20251118110340_TOP.png,OK,0.5318018198013306,0.2724821269512176,0.4795764982700348,0.2625933289527893,20251118110340
20251118110416_TOP,conn2,20251118110416_TOP.png,OK,0.5076291561126709,0.2563187777996063,0.4152367413043976,0.254716008901596,20251118110416
20251118110451_TOP,conn2,20251118110451_TOP.png,OK,0.5002309083938599,0.2653412520885467,0.3989223837852478,0.2451112866401672,20251118110451
20251118110529_TOP,conn2,20251118110529_TOP.png,OK,0.5245510339736938,0.2730495631694793,0.4300026893615722,0.2630278468132019,20251118110529
20251118110605_TOP,conn2,20251118110605_TOP.png,OK,0.5120065212249756,0.26749187707901,0.4505244195461273,0.2600069642066955,20251118110605
20251118110642_TOP,conn2,20251118110642_TOP.png,OK,0.514586865901947,0.2714071273803711,0.4347642362117767,0.2625764906406402,20251118110642
20251118110717_TOP,conn2,20251118110717_TOP.png,OK,0.5068113207817078,0.2543415427207947,0.4263435900211334,0.2454053610563278,20251118110717
20251118110755_TOP,conn2,20251118110755_TOP.png,OK,0.5234872102737427,0.2747684419155121,0.4926813244819641,0.2802408933639526,20251118110755
20251118110830_TOP,conn2,20251118110830_TOP.png,OK,0.510132372379303,0.2644307017326355,0.4614670574665069,0.2473861575126648,20251118110830
20251118110907_TOP,conn2,20251118110907_TOP.png,OK,0.506497859954834,0.2632335126399994,0.45356485247612,0.2670673131942749,20251118110907
20251118110944_TOP,conn2,20251118110944_TOP.png,OK,0.5122582316398621,0.268142968416214,0.4461915791034698,0.2605931460857391,20251118110944
20251118111019_TOP,conn2,20251118111019_TOP.png,OK,0.512533962726593,0.2690862715244293,0.4376701712608337,0.2513035237789154,20251118111019
20251118111057_TOP,conn2,20251118111057_TOP.png,OK,0.5167111754417419,0.262726366519928,0.4378244876861572,0.2508456110954284,20251118111057
20251118111131_TOP,conn2,20251118111131_TOP.png,OK,0.5109483003616333,0.2709318399429321,0.4846030175685882,0.273461103439331,20251118111131
20251118111209_TOP,conn2,20251118111209_TOP.png,OK,0.4929248690605163,0.2667506337165832,0.4364015460014343,0.2643701136112213,20251118111209
20251118111246_TOP,conn2,20251118111246_TOP.png,OK,0.5097832083702087,0.2655102908611297,0.4566687643527984,0.2592804133892059,20251118111246
20251118111323_TOP,conn2,20251118111323_TOP.png,OK,0.5125906467437744,0.2727746963500976,0.4423721730709076,0.2646446228027344,20251118111323
20251118111359_TOP,conn2,20251118111359_TOP.png,OK,0.5139824748039246,0.2682384252548218,0.47026127576828,0.267621248960495,20251118111359
20251118111436_TOP,conn2,20251118111436_TOP.png,OK,0.5152854323387146,0.271299660205841,0.4390266537666321,0.2699332237243652,20251118111436
20251119082900_TOP,conn2,20251119082900_TOP.png,OK,0.5029343366622925,0.2522059082984924,0.4513078331947326,0.2586607038974762,20251119082900
20251119082936_TOP,conn2,20251119082936_TOP.png,OK,0.4889234006404876,0.2561071813106537,0.4440774619579315,0.2646373212337494,20251119082936
20251119083012_TOP,conn2,20251119083012_TOP.png,OK,0.501585841178894,0.2685892879962921,0.4011342227458954,0.2360491603612899,20251119083012
20251119083048_TOP,conn2,20251119083048_TOP.png,OK,0.5117181539535522,0.2659676074981689,0.413876324892044,0.2544339001178741,20251119083048
20251119083124_TOP,conn2,20251119083124_TOP.png,OK,0.5123463869094849,0.2685166895389557,0.4796637892723083,0.266069084405899,20251119083124
20251119083201_TOP,conn2,20251119083201_TOP.png,OK,0.5071890354156494,0.2613054811954498,0.4913610517978668,0.271271288394928,20251119083201
20251119083237_TOP,conn2,20251119083237_TOP.png,OK,0.5042371153831482,0.2640775740146637,0.4201605916023254,0.2429608553647995,20251119083237
20251119083314_TOP,conn2,20251119083314_TOP.png,OK,0.5010226964950562,0.2630549371242523,0.4331076145172119,0.2664955258369446,20251119083314
20251119083351_TOP,conn2,20251119083351_TOP.png,OK,0.4927595555782318,0.2559322416782379,0.4370658993721008,0.2537930309772491,20251119083351
20251119083425_TOP,conn2,20251119083425_TOP.png,OK,0.5029295682907104,0.2578734159469604,0.4445731341838836,0.2540150582790375,20251119083425
20251119083503_TOP,conn2,20251119083503_TOP.png,OK,0.5037574768066406,0.2637628614902496,0.4494889676570892,0.2616439759731293,20251119083503
20251119083538_TOP,conn2,20251119083538_TOP.png,KO,0.5708768367767334,0.2797901630401611,0.4462495744228363,0.2921805381774902,20251119083538
20251119083617_TOP,conn2,20251119083617_TOP.png,KO,0.5185169577598572,0.271268218755722,0.4409904181957245,0.2711451649665832,20251119083617
20251119083652_TOP,conn2,20251119083652_TOP.png,KO,0.5362094640731812,0.2769085466861725,0.4261585175991058,0.282133400440216,20251119083652
20251119083728_TOP,conn2,20251119083728_TOP.png,OK,0.5107242465019226,0.2625536620616913,0.4398954212665558,0.271211564540863,20251119083728
20251119083803_TOP,conn2,20251119083803_TOP.png,OK,0.5113639831542969,0.2670290768146515,0.426060289144516,0.2668274343013763,20251119083803
20251119083842_TOP,conn2,20251119083842_TOP.png,OK,0.5081669092178345,0.2622809410095215,0.4563636183738708,0.2651703953742981,20251119083842
20251119083918_TOP,conn2,20251119083918_TOP.png,OK,0.5093563199043274,0.2643929123878479,0.4267678260803222,0.2422814071178436,20251119083918
20251119083954_TOP,conn2,20251119083954_TOP.png,OK,0.5061683654785156,0.2586578130722046,0.4086925387382507,0.2525614500045776,20251119083954
20251119084031_TOP,conn2,20251119084031_TOP.png,OK,0.5064312815666199,0.2618902325630188,0.4329443573951721,0.2736876010894775,20251119084031
20251119084105_TOP,conn2,20251119084105_TOP.png,OK,0.5070163011550903,0.2668723464012146,0.4626498520374298,0.2725171446800232,20251119084105
20251119084142_TOP,conn2,20251119084142_TOP.png,OK,0.4665858149528503,0.2450434416532516,0.3839555382728576,0.2083129584789276,20251119084142
20251119084219_TOP,conn2,20251119084219_TOP.png,OK,0.5175961256027222,0.2715609073638916,0.4664612710475921,0.2871572375297546,20251119084219
20251119084256_TOP,conn2,20251119084256_TOP.png,OK,0.4525817930698395,0.245991513133049,0.3833680748939514,0.2278585433959961,20251119084256
20251119084332_TOP,conn2,20251119084332_TOP.png,OK,0.4883695244789123,0.2508089244365692,0.4350728690624237,0.2514657378196716,20251119084332
20251119084409_TOP,conn2,20251119084409_TOP.png,OK,0.4869519174098968,0.2534591257572174,0.4213677048683166,0.2390714436769485,20251119084409
20251119084443_TOP,conn2,20251119084443_TOP.png,OK,0.4889867603778839,0.2498137950897216,0.4309508204460144,0.249982088804245,20251119084443
20251119084522_TOP,conn2,20251119084522_TOP.png,OK,0.481413334608078,0.2464516907930374,0.3942838609218597,0.2275547534227371,20251119084522
20251119084557_TOP,conn2,20251119084557_TOP.png,OK,0.4902765452861786,0.2497964203357696,0.3976919054985046,0.2337111383676529,20251119084557
20251119084633_TOP,conn2,20251119084633_TOP.png,OK,0.4646042883396148,0.2433050870895385,0.3757546544075012,0.2187862247228622,20251119084633
20251119084710_TOP,conn2,20251119084710_TOP.png,OK,0.5106401443481445,0.2662326097488403,0.4316077530384063,0.2487257719039917,20251119084710
20251119084747_TOP,conn2,20251119084747_TOP.png,OK,0.4957910478115082,0.2632993459701538,0.3912767171859741,0.2310208678245544,20251119084747
20251119084824_TOP,conn2,20251119084824_TOP.png,OK,0.5110020041465759,0.2675153911113739,0.4368987083435058,0.2656559646129608,20251119084824
20251119084900_TOP,conn2,20251119084900_TOP.png,OK,0.496572881937027,0.2560896575450897,0.4194476306438446,0.2395408898591995,20251119084900
20251119084935_TOP,conn2,20251119084935_TOP.png,OK,0.4885313808917999,0.2545590102672577,0.411809891462326,0.2368256151676178,20251119084935
20251119085012_TOP,conn2,20251119085012_TOP.png,OK,0.4808554053306579,0.2567816078662872,0.4258345365524292,0.2394432425498962,20251119085012
20251119085050_TOP,conn2,20251119085050_TOP.png,OK,0.5207592248916626,0.269276887178421,0.4738871455192566,0.2826889157295227,20251119085050
20251119085124_TOP,conn2,20251119085124_TOP.png,OK,0.5018044114112854,0.259846419095993,0.3979136943817138,0.2432243376970291,20251119085124
20251119085200_TOP,conn2,20251119085200_TOP.png,OK,0.5038959383964539,0.260789543390274,0.4279575645923614,0.2673677802085876,20251119085200
20251119085236_TOP,conn2,20251119085236_TOP.png,OK,0.4872079491615295,0.2617358565330505,0.4348863065242767,0.2476503103971481,20251119085236
20251119085312_TOP,conn2,20251119085312_TOP.png,OK,0.5050589442253113,0.2584240436553955,0.4644459187984466,0.2448100298643112,20251119085312
20251119085350_TOP,conn2,20251119085350_TOP.png,OK,0.5158076286315918,0.2554062306880951,0.4314415156841278,0.2655599117279053,20251119085350
20251119085424_TOP,conn2,20251119085424_TOP.png,OK,0.5160492062568665,0.2635573148727417,0.4524058699607849,0.2595323324203491,20251119085424
20251119085502_TOP,conn2,20251119085502_TOP.png,OK,0.5118830800056458,0.2584241330623626,0.4759163856506347,0.2708526253700256,20251119085502
20251119085538_TOP,conn2,20251119085538_TOP.png,OK,0.5025072693824768,0.2644438147544861,0.4606528282165527,0.2721753120422363,20251119085538
20251119085613_TOP,conn2,20251119085613_TOP.png,OK,0.499959647655487,0.2564058601856231,0.4532736241817474,0.2476331293582916,20251119085613
20251119085652_TOP,conn2,20251119085652_TOP.png,OK,0.5055432915687561,0.2619016468524933,0.4316052794456482,0.2563883662223816,20251119085652
20251119085727_TOP,conn2,20251119085727_TOP.png,OK,0.4953195750713348,0.2618233263492584,0.4671985507011413,0.2698239386081695,20251119085727
20251120141147_TOP,conn2,20251120141147_TOP.png,OK,0.5078275799751282,0.2590762078762054,0.3852489590644836,0.2508352100849151,20251120141147
20251120141222_TOP,conn2,20251120141222_TOP.png,OK,0.520530104637146,0.2588959336280823,0.4473307430744171,0.2619457244873047,20251120141222
20251120141259_TOP,conn2,20251120141259_TOP.png,OK,0.5084859728813171,0.2635372877120971,0.4672109484672546,0.2727731168270111,20251120141259
20251120141335_TOP,conn2,20251120141335_TOP.png,OK,0.511134922504425,0.2581245601177215,0.4517935812473297,0.2671179473400116,20251120141335
20251120141413_TOP,conn2,20251120141413_TOP.png,OK,0.5090497136116028,0.2611964643001556,0.4640326201915741,0.2575757801532745,20251120141413
20251120141448_TOP,conn2,20251120141448_TOP.png,OK,0.5089744329452515,0.2625599503517151,0.4474090933799743,0.2623346745967865,20251120141448
20251120141522_TOP,conn2,20251120141522_TOP.png,OK,0.5109718441963196,0.2577074766159057,0.4366928040981293,0.2679175138473511,20251120141522
20251120141602_TOP,conn2,20251120141602_TOP.png,OK,0.5029571652412415,0.2613206505775451,0.4213865399360657,0.2692703008651733,20251120141602
20251120141637_TOP,conn2,20251120141637_TOP.png,OK,0.4906682074069977,0.2521865665912628,0.3928981125354767,0.2186722159385681,20251120141637
20251120141713_TOP,conn2,20251120141713_TOP.png,OK,0.4928386509418487,0.2567281723022461,0.4151742458343506,0.2549940347671509,20251120141713
20251120141750_TOP,conn2,20251120141750_TOP.png,OK,0.496884673833847,0.2584541440010071,0.4071783125400543,0.2475879341363906,20251120141750
20251120142801_TOP,conn2,20251120142801_TOP.png,OK,0.4911002516746521,0.2554081678390503,0.4223703742027282,0.2621351182460785,20251120142801
20251120142838_TOP,conn2,20251120142838_TOP.png,PARTIAL OCCLUSION,0.5017036199569702,0.2586984932422638,0.4263375997543335,0.2449239194393158,20251120142838
20251120142913_TOP,conn2,20251120142913_TOP.png,OK,0.4970797300338745,0.2582290470600128,0.4403320252895355,0.2572195827960968,20251120142913
20251120142950_TOP,conn2,20251120142950_TOP.png,OK,0.5074357390403748,0.2695852816104889,0.4799888134002685,0.2800507843494415,20251120142950
20251120143927_TOP,conn2,20251120143927_TOP.png,OK,0.4930538833141327,0.2533076703548431,0.3991634845733642,0.2491423636674881,20251120143927
20251120144004_TOP,conn2,20251120144004_TOP.png,OK,0.4917272329330444,0.2518211901187897,0.3967219293117523,0.235979214310646,20251120144004
20251120144040_TOP,conn2,20251120144040_TOP.png,OK,0.5015169382095337,0.2615774571895599,0.4818012416362762,0.2698301374912262,20251120144040
20251120144114_TOP,conn2,20251120144114_TOP.png,OK,0.494587630033493,0.2560300230979919,0.4529640078544616,0.2553252577781677,20251120144114
20251120144153_TOP,conn2,20251120144153_TOP.png,OK,0.5008610486984253,0.2630505561828613,0.4569639861583709,0.2569081485271454,20251120144153
20251120144228_TOP,conn2,20251120144228_TOP.png,OK,0.4889402687549591,0.2561572790145874,0.3987283706665039,0.2355487793684005,20251120144228
20251120144300_TOP,conn2,20251120144300_TOP.png,OK,0.5074092745780945,0.2654168903827667,0.4603209495544433,0.279146283864975,20251120144300
20251120144337_TOP,conn2,20251120144337_TOP.png,OK,0.4890814423561096,0.2504560649394989,0.4011297523975372,0.2261437177658081,20251120144337
20251120144413_TOP,conn2,20251120144413_TOP.png,OK,0.5048975348472595,0.2687729001045227,0.4605511426925659,0.2717282176017761,20251120144413
20251120144451_TOP,conn2,20251120144451_TOP.png,OK,0.5002972483634949,0.2542555034160614,0.4744204878807068,0.2522162497043609,20251120144451
20251120144526_TOP,conn2,20251120144526_TOP.png,OK,0.5079897046089172,0.2647933661937713,0.4452057480812073,0.2709439694881439,20251120144526
20251120144603_TOP,conn2,20251120144603_TOP.png,OK,0.4902751743793487,0.2593353986740112,0.406002938747406,0.2453819066286087,20251120144603
20251120144639_TOP,conn2,20251120144639_TOP.png,OK,0.5138451457023621,0.2698495388031006,0.4690094888210296,0.2722049355506897,20251120144639
20251120144717_TOP,conn2,20251120144717_TOP.png,OK,0.4970173239707947,0.2555793225765228,0.4137641787528991,0.2476210594177246,20251120144717
20251120144751_TOP,conn2,20251120144751_TOP.png,OK,0.5033705830574036,0.2586874365806579,0.4252595007419586,0.2480717748403549,20251120144751
20251120144830_TOP,conn2,20251120144830_TOP.png,OK,0.504328727722168,0.2611338198184967,0.4680067598819732,0.2767007350921631,20251120144830
20251120144906_TOP,conn2,20251120144906_TOP.png,OK,0.5104709267616272,0.2608391046524048,0.4622722864151001,0.2692526876926422,20251120144906
20251120144941_TOP,conn2,20251120144941_TOP.png,OK,0.4948990643024444,0.2576694786548614,0.43015256524086,0.2577207386493683,20251120144941
20251120145019_TOP,conn2,20251120145019_TOP.png,OK,0.4992187023162842,0.2643223404884338,0.447855144739151,0.267916202545166,20251120145019
20251120145056_TOP,conn2,20251120145056_TOP.png,OK,0.5102977156639099,0.2647538483142853,0.444174200296402,0.2648250758647918,20251120145056
20251120145131_TOP,conn2,20251120145131_TOP.png,OK,0.5009473562240601,0.2670399844646454,0.4509347677230835,0.2605338394641876,20251120145131
20251120145207_TOP,conn2,20251120145207_TOP.png,OK,0.5025197267532349,0.2546724081039428,0.4680921137332916,0.2648674249649048,20251120145207
20251120145244_TOP,conn2,20251120145244_TOP.png,OK,0.5016149282455444,0.2618188560009002,0.4514537751674652,0.2753390967845917,20251120145244
20251120145321_TOP,conn2,20251120145321_TOP.png,OK,0.5032099485397339,0.2660296559333801,0.4450057744979858,0.2761751115322113,20251120145321
20251120145354_TOP,conn2,20251120145354_TOP.png,OK,0.5013972520828247,0.2548862099647522,0.4494666457176208,0.2628905475139618,20251120145354
20251120145433_TOP,conn2,20251120145433_TOP.png,OK,0.4901978671550751,0.2526735067367553,0.3345022797584533,0.222258448600769,20251120145433
20251120145511_TOP,conn2,20251120145511_TOP.png,OK,0.5007303953170776,0.2601089477539062,0.423091322183609,0.2584823071956634,20251120145511
20251120145545_TOP,conn2,20251120145545_TOP.png,OK,0.5035987496376038,0.2601437270641327,0.4182166457176208,0.2573592364788055,20251120145545
20251120145621_TOP,conn2,20251120145621_TOP.png,OK,0.5053654909133911,0.270588606595993,0.421846479177475,0.2551426291465759,20251120145621
20251120145659_TOP,conn2,20251120145659_TOP.png,OK,0.492202877998352,0.2571181952953338,0.4003884792327881,0.2409924864768982,20251120145659
20251120145736_TOP,conn2,20251120145736_TOP.png,OK,0.4875294864177704,0.2496461421251297,0.3684840500354767,0.2182450741529464,20251120145736
20251120145812_TOP,conn2,20251120145812_TOP.png,OK,0.4817866086959839,0.2473143637180328,0.4033976197242737,0.2304964810609817,20251120145812
20251120145848_TOP,conn2,20251120145848_TOP.png,OK,0.5077164769172668,0.2642742991447449,0.4612740278244018,0.2822272777557373,20251120145848
20251120145923_TOP,conn2,20251120145923_TOP.png,OK,0.4794547855854034,0.2525571882724762,0.4085496962070465,0.2375303953886032,20251120145923
20251120150000_TOP,conn2,20251120150000_TOP.png,OK,0.498371809720993,0.2628659009933471,0.3653583228588104,0.2458870857954025,20251120150000
20251120150038_TOP,conn2,20251120150038_TOP.png,OK,0.5024661421775818,0.2634199261665344,0.4233359098434448,0.2518515288829803,20251120150038
20251120150113_TOP,conn2,20251120150113_TOP.png,OK,0.4689030349254608,0.263108879327774,0.4341386258602142,0.2436316907405853,20251120150113
20251120150149_TOP,conn2,20251120150149_TOP.png,OK,0.4945131540298462,0.2543517351150512,0.3776514530181885,0.2301419675350189,20251120150149
20251120150225_TOP,conn2,20251120150225_TOP.png,OK,0.5054031014442444,0.2711342871189117,0.4425528347492218,0.2705236971378326,20251120150225
20251120150301_TOP,conn2,20251120150301_TOP.png,OK,0.5093551874160767,0.2645480930805206,0.444860428571701,0.2719363868236542,20251120150301
20251120150338_TOP,conn2,20251120150338_TOP.png,OK,0.5066148042678833,0.2625625729560852,0.4462288022041321,0.2670651078224182,20251120150338
20251120150412_TOP,conn2,20251120150412_TOP.png,OK,0.4923916161060333,0.2564772963523865,0.3996879160404205,0.2398980408906936,20251120150412
20251120150450_TOP,conn2,20251120150450_TOP.png,OK,0.4884649217128753,0.2587901055812835,0.429067462682724,0.243661031126976,20251120150450
20251120150526_TOP,conn2,20251120150526_TOP.png,OK,0.5043762922286987,0.2613974511623382,0.4391268789768219,0.2541140615940094,20251120150526
20251120150604_TOP,conn2,20251120150604_TOP.png,OK,0.5177077651023865,0.267494261264801,0.4436512589454651,0.2799004912376404,20251120150604
20251120150639_TOP,conn2,20251120150639_TOP.png,OK,0.5072461366653442,0.2669757306575775,0.4325772225856781,0.2806350886821747,20251120150639
20251120150715_TOP,conn2,20251120150715_TOP.png,OK,0.5143166184425354,0.2700357735157013,0.4513460993766784,0.2738427817821502,20251120150715
20251120150752_TOP,conn2,20251120150752_TOP.png,OK,0.5020008087158203,0.2609955370426178,0.4143650233745575,0.251338392496109,20251120150752
20251120150830_TOP,conn2,20251120150830_TOP.png,OK,0.4939016997814178,0.2584483325481415,0.4217899441719055,0.2495742291212082,20251120150830
20251120150904_TOP,conn2,20251120150904_TOP.png,OK,0.4837448000907898,0.2546821236610412,0.3852787315845489,0.2227773964405059,20251120150904
20251120150943_TOP,conn2,20251120150943_TOP.png,OK,0.507667601108551,0.2586451768875122,0.4187217354774475,0.2670372724533081,20251120150943
20251120151019_TOP,conn2,20251120151019_TOP.png,OK,0.4849932491779327,0.2669775485992431,0.4468990862369537,0.2584246695041656,20251120151019
20251120151054_TOP,conn2,20251120151054_TOP.png,OK,0.491350382566452,0.2548416256904602,0.3980779349803924,0.2389614433050155,20251120151054
20251120151130_TOP,conn2,20251120151130_TOP.png,OK,0.4896021783351898,0.2553654909133911,0.3934577703475952,0.236506700515747,20251120151130
20251120151209_TOP,conn2,20251120151209_TOP.png,OK,0.4955583214759826,0.2607171535491943,0.4193245470523834,0.2460342496633529,20251120151209
20251120151244_TOP,conn2,20251120151244_TOP.png,OK,0.4873600304126739,0.267950564622879,0.4425369501113891,0.2712269425392151,20251120151244
20251120151319_TOP,conn2,20251120151319_TOP.png,OK,0.4955172538757324,0.2645110785961151,0.4512840509414673,0.2755192518234253,20251120151319
20251118105546_TOP,conn3,20251118105546_TOP.png,OK,0.5972691178321838,0.2330488562583923,0.6507077217102051,0.158448725938797,20251118105546
20251118105625_TOP,conn3,20251118105625_TOP.png,OK,0.601202666759491,0.2306755632162094,0.6383987665176392,0.1613108515739441,20251118105625
20251118105700_TOP,conn3,20251118105700_TOP.png,OK,0.5974210500717163,0.237257495522499,0.6278422474861145,0.1616232544183731,20251118105700
20251118105736_TOP,conn3,20251118105736_TOP.png,OK,0.5894868969917297,0.2299792766571045,0.6201146245002747,0.1898551136255264,20251118105736
20251118105811_TOP,conn3,20251118105811_TOP.png,OK,0.6124745011329651,0.2387154996395111,0.6424081921577454,0.1876178383827209,20251118105811
20251118105849_TOP,conn3,20251118105849_TOP.png,OK,0.60295170545578,0.2348317503929138,0.6434751152992249,0.1639862954616546,20251118105849
20251118105924_TOP,conn3,20251118105924_TOP.png,OK,0.6365708708763123,0.2488667368888855,0.6853218078613281,0.177280306816101,20251118105924
20251118110001_TOP,conn3,20251118110001_TOP.png,OK,0.58675217628479,0.2317975908517837,0.6277415156364441,0.1635170578956604,20251118110001
20251118110038_TOP,conn3,20251118110038_TOP.png,OK,0.5987386107444763,0.231338083744049,0.6319825649261475,0.1740994453430175,20251118110038
20251118110112_TOP,conn3,20251118110112_TOP.png,OK,0.6076363921165466,0.2296956181526184,0.6554732918739319,0.1620377749204635,20251118110112
20251118110150_TOP,conn3,20251118110150_TOP.png,OK,0.5962458848953247,0.233512595295906,0.6503630876541138,0.1660972237586975,20251118110150
20251118110226_TOP,conn3,20251118110226_TOP.png,OK,0.5963791012763977,0.2375443577766418,0.6287207007408142,0.1726943254470825,20251118110226
20251118110304_TOP,conn3,20251118110304_TOP.png,OK,0.599938690662384,0.2278244197368621,0.6423657536506653,0.1685992330312729,20251118110304
20251118110340_TOP,conn3,20251118110340_TOP.png,OK,0.5929614305496216,0.2354424893856048,0.6354956030845642,0.1769459545612335,20251118110340
20251118110416_TOP,conn3,20251118110416_TOP.png,OK,0.6047086715698242,0.2325826585292816,0.6271481513977051,0.184890791773796,20251118110416
20251118110451_TOP,conn3,20251118110451_TOP.png,OK,0.5972267985343933,0.2324474602937698,0.6345059871673584,0.1598531454801559,20251118110451
20251118110529_TOP,conn3,20251118110529_TOP.png,OK,0.6084198951721191,0.2267257869243621,0.6526328921318054,0.1431185454130172,20251118110529
20251118110605_TOP,conn3,20251118110605_TOP.png,OK,0.6061908602714539,0.226231187582016,0.6584267616271973,0.1582954078912735,20251118110605
20251118110642_TOP,conn3,20251118110642_TOP.png,OK,0.5962530374526978,0.2360509485006332,0.6314186453819275,0.1689496040344238,20251118110642
20251118110717_TOP,conn3,20251118110717_TOP.png,OK,0.6043946146965027,0.2378591895103454,0.6467787027359009,0.1786381155252456,20251118110717
20251118110755_TOP,conn3,20251118110755_TOP.png,OK,0.6041577458381653,0.2379843592643737,0.6549020409584045,0.170538917183876,20251118110755
20251118110830_TOP,conn3,20251118110830_TOP.png,OK,0.596081018447876,0.2301928251981735,0.6395590901374817,0.1688865572214126,20251118110830
20251118110907_TOP,conn3,20251118110907_TOP.png,OK,0.6243202090263367,0.2295171916484832,0.6712019443511963,0.1580209285020828,20251118110907
20251118110944_TOP,conn3,20251118110944_TOP.png,OK,0.6081182956695557,0.2313607037067413,0.6406377553939819,0.1650155931711197,20251118110944
20251118111019_TOP,conn3,20251118111019_TOP.png,OK,0.6350635290145874,0.2330533564090728,0.6768280267715454,0.175366535782814,20251118111019
20251118111057_TOP,conn3,20251118111057_TOP.png,OK,0.5984057784080505,0.2368100881576538,0.6302244663238525,0.1988630443811416,20251118111057
20251118111131_TOP,conn3,20251118111131_TOP.png,OK,0.5931957364082336,0.2329703569412231,0.6390461325645447,0.1612659245729446,20251118111131
20251118111209_TOP,conn3,20251118111209_TOP.png,OK,0.6119252443313599,0.2420919686555862,0.6589893698692322,0.1876027733087539,20251118111209
20251118111246_TOP,conn3,20251118111246_TOP.png,OK,0.5825562477111816,0.2309907227754593,0.642903208732605,0.1694166958332061,20251118111246
20251118111323_TOP,conn3,20251118111323_TOP.png,OK,0.5956289172172546,0.239370048046112,0.6460139155387878,0.1732144504785537,20251118111323
20251118111359_TOP,conn3,20251118111359_TOP.png,OK,0.5989566445350647,0.2345483750104904,0.6305782794952393,0.1702512055635452,20251118111359
20251118111436_TOP,conn3,20251118111436_TOP.png,OK,0.6224929094314575,0.2253096848726272,0.6503968238830566,0.1578574031591415,20251118111436
20251119082900_TOP,conn3,20251119082900_TOP.png,OK,0.5963345170021057,0.2279813289642334,0.6410837769508362,0.1757640391588211,20251119082900
20251119082936_TOP,conn3,20251119082936_TOP.png,OK,0.5990079045295715,0.2318188250064849,0.6403895616531372,0.1607724875211715,20251119082936
20251119083012_TOP,conn3,20251119083012_TOP.png,OK,0.6129308938980103,0.2326136231422424,0.6456373929977417,0.1707499325275421,20251119083012
20251119083048_TOP,conn3,20251119083048_TOP.png,OK,0.6019907593727112,0.2201110422611236,0.633246123790741,0.1564558744430542,20251119083048
20251119083124_TOP,conn3,20251119083124_TOP.png,OK,0.6002982258796692,0.2318994253873825,0.6450980305671692,0.1589245945215225,20251119083124
20251119083201_TOP,conn3,20251119083201_TOP.png,OK,0.619249701499939,0.2330505847930908,0.6578258872032166,0.1576398164033889,20251119083201
20251119083237_TOP,conn3,20251119083237_TOP.png,OK,0.6082730293273926,0.2274411022663116,0.6537458896636963,0.1641493588685989,20251119083237
20251119083314_TOP,conn3,20251119083314_TOP.png,OK,0.6060411334037781,0.2260305285453796,0.6435039639472961,0.1597036868333816,20251119083314
20251119083351_TOP,conn3,20251119083351_TOP.png,OK,0.5912536978721619,0.2244909405708313,0.637890100479126,0.1687240302562713,20251119083351
20251119083425_TOP,conn3,20251119083425_TOP.png,OK,0.5958119630813599,0.2306893616914749,0.6279289126396179,0.165479838848114,20251119083425
20251119083503_TOP,conn3,20251119083503_TOP.png,OK,0.5917845368385315,0.2425173670053482,0.6518268585205078,0.1770344823598861,20251119083503
20251119083538_TOP,conn3,20251119083538_TOP.png,OK,0.6135870814323425,0.2338082492351532,0.6535561084747314,0.1601885259151458,20251119083538
20251119083617_TOP,conn3,20251119083617_TOP.png,OK,0.5800211429595947,0.230588361620903,0.6209917664527893,0.1617001742124557,20251119083617
20251119083652_TOP,conn3,20251119083652_TOP.png,OCCLUSION,0.5619363188743591,0.2360666692256927,0.5409670472145081,0.173218697309494,20251119083652
20251119083728_TOP,conn3,20251119083728_TOP.png,OK,0.5852261781692505,0.2298040986061096,0.6395050287246704,0.1815808564424514,20251119083728
20251119083803_TOP,conn3,20251119083803_TOP.png,OK,0.5896047949790955,0.2250339835882187,0.6190193891525269,0.167168915271759,20251119083803
20251119083842_TOP,conn3,20251119083842_TOP.png,OK,0.6111327409744263,0.2254752963781356,0.6516616344451904,0.1638705879449844,20251119083842
20251119083918_TOP,conn3,20251119083918_TOP.png,OK,0.5961186289787292,0.2295580953359604,0.6381327509880066,0.1666034162044525,20251119083918
20251119083954_TOP,conn3,20251119083954_TOP.png,OK,0.5918171405792236,0.225285992026329,0.6314794421195984,0.1625262945890426,20251119083954
20251119084031_TOP,conn3,20251119084031_TOP.png,OK,0.6049484610557556,0.2252738177776336,0.6411881446838379,0.1619639843702316,20251119084031
20251119084105_TOP,conn3,20251119084105_TOP.png,OK,0.5906513929367065,0.2273883670568466,0.6719323396682739,0.1385739296674728,20251119084105
20251119084142_TOP,conn3,20251119084142_TOP.png,OK,0.5881243944168091,0.2426248639822006,0.6320120096206665,0.1902761310338974,20251119084142
20251119084219_TOP,conn3,20251119084219_TOP.png,OK,0.6005449295043945,0.2318724393844604,0.662294864654541,0.1806680411100387,20251119084219
20251119084256_TOP,conn3,20251119084256_TOP.png,OK,0.5831705927848816,0.2263009697198867,0.6158828735351562,0.1748844385147094,20251119084256
20251119084332_TOP,conn3,20251119084332_TOP.png,OK,0.5708070993423462,0.2295014709234237,0.5989219546318054,0.1825911700725555,20251119084332
20251119084409_TOP,conn3,20251119084409_TOP.png,OK,0.5702821016311646,0.2368877083063125,0.613701581954956,0.1855985671281814,20251119084409
20251119084443_TOP,conn3,20251119084443_TOP.png,OK,0.5877965688705444,0.231125921010971,0.645390510559082,0.1757354438304901,20251119084443
20251119084522_TOP,conn3,20251119084522_TOP.png,OK,0.5963819026947021,0.2345566898584365,0.6451097130775452,0.1982956826686859,20251119084522
20251119084557_TOP,conn3,20251119084557_TOP.png,OK,0.5802575349807739,0.2390002310276031,0.6289719343185425,0.1932530105113983,20251119084557
20251119084633_TOP,conn3,20251119084633_TOP.png,OK,0.5804628729820251,0.2263472974300384,0.6241541504859924,0.1817351728677749,20251119084633
20251119084710_TOP,conn3,20251119084710_TOP.png,OK,0.5989248752593994,0.2308918535709381,0.6474728584289551,0.1696220934391021,20251119084710
20251119084747_TOP,conn3,20251119084747_TOP.png,OK,0.5990701913833618,0.2304424047470092,0.6427017450332642,0.1703879684209823,20251119084747
20251119084824_TOP,conn3,20251119084824_TOP.png,OK,0.5998151898384094,0.2303847968578338,0.6522599458694458,0.1687881052494049,20251119084824
20251119084900_TOP,conn3,20251119084900_TOP.png,OK,0.5892956256866455,0.2207525372505188,0.6316587924957275,0.1644011884927749,20251119084900
20251119084935_TOP,conn3,20251119084935_TOP.png,OK,0.5865046977996826,0.2256092727184295,0.6380233764648438,0.1724000573158264,20251119084935
20251119085012_TOP,conn3,20251119085012_TOP.png,OK,0.5873734354972839,0.2260141670703888,0.6238881945610046,0.1630495935678482,20251119085012
20251119085050_TOP,conn3,20251119085050_TOP.png,OK,0.5984435677528381,0.2295837551355362,0.633695125579834,0.1740917265415191,20251119085050
20251119085124_TOP,conn3,20251119085124_TOP.png,OK,0.5947185158729553,0.2273878306150436,0.6337049007415771,0.1681655645370483,20251119085124
20251119085200_TOP,conn3,20251119085200_TOP.png,OK,0.6010934710502625,0.2337072044610977,0.6528282165527344,0.168971985578537,20251119085200
20251119085236_TOP,conn3,20251119085236_TOP.png,OK,0.5968950986862183,0.2314674854278564,0.6505885124206543,0.1622541397809982,20251119085236
20251119085312_TOP,conn3,20251119085312_TOP.png,OK,0.602378249168396,0.2336228340864181,0.6509453654289246,0.1781252771615982,20251119085312
20251119085350_TOP,conn3,20251119085350_TOP.png,OK,0.5866987109184265,0.2240810543298721,0.5910167694091797,0.198607325553894,20251119085350
20251119085424_TOP,conn3,20251119085424_TOP.png,OK,0.591908872127533,0.2284786999225616,0.5894718766212463,0.1960695087909698,20251119085424
20251119085502_TOP,conn3,20251119085502_TOP.png,OK,0.593878984451294,0.2309491336345672,0.6341270208358765,0.1659486293792724,20251119085502
20251119085538_TOP,conn3,20251119085538_TOP.png,OK,0.6072388887405396,0.2313554137945175,0.6535555124282837,0.1773403286933899,20251119085538
20251119085613_TOP,conn3,20251119085613_TOP.png,OK,0.5975338816642761,0.2353521883487701,0.6469992995262146,0.1749097853899002,20251119085613
20251119085652_TOP,conn3,20251119085652_TOP.png,OK,0.5985081791877747,0.2289110720157623,0.6476485729217529,0.1709896624088287,20251119085652
20251119085727_TOP,conn3,20251119085727_TOP.png,OK,0.6010838747024536,0.230741485953331,0.6651672720909119,0.1522174924612045,20251119085727
20251120141147_TOP,conn3,20251120141147_TOP.png,OK,0.6043552756309509,0.2347021549940109,0.6453536152839661,0.1881843507289886,20251120141147
20251120141222_TOP,conn3,20251120141222_TOP.png,OK,0.6081899404525757,0.2303841412067413,0.655293345451355,0.1782798320055008,20251120141222
20251120141259_TOP,conn3,20251120141259_TOP.png,OK,0.6060208082199097,0.2280174493789672,0.6514853835105896,0.1632888466119766,20251120141259
20251120141335_TOP,conn3,20251120141335_TOP.png,OK,0.603933572769165,0.2255680114030838,0.6587522625923157,0.1656493842601776,20251120141335
20251120141413_TOP,conn3,20251120141413_TOP.png,OK,0.600388765335083,0.2303048074245453,0.6492788195610046,0.1640692949295044,20251120141413
20251120141448_TOP,conn3,20251120141448_TOP.png,OK,0.5982310771942139,0.2308533936738968,0.6311065554618835,0.1704221069812774,20251120141448
20251120141522_TOP,conn3,20251120141522_TOP.png,OK,0.6033245325088501,0.2303980439901352,0.6521235704421997,0.185666337609291,20251120141522
20251120141602_TOP,conn3,20251120141602_TOP.png,OK,0.5704804062843323,0.2234161049127578,0.6332842111587524,0.1709124445915222,20251120141602
20251120141637_TOP,conn3,20251120141637_TOP.png,OK,0.6003335118293762,0.2282479703426361,0.6437018513679504,0.1766850352287292,20251120141637
20251120141713_TOP,conn3,20251120141713_TOP.png,OK,0.5967934727668762,0.2232051789760589,0.6251093745231628,0.1816936284303665,20251120141713
20251120141750_TOP,conn3,20251120141750_TOP.png,OK,0.5944387316703796,0.2230390310287475,0.6358960866928101,0.1700584143400192,20251120141750
20251120142801_TOP,conn3,20251120142801_TOP.png,OK,0.5977801084518433,0.2239967286586761,0.6316072344779968,0.1725669354200363,20251120142801
20251120142838_TOP,conn3,20251120142838_TOP.png,OK,0.5935572385787964,0.2280451357364654,0.641901969909668,0.170129582285881,20251120142838
20251120142913_TOP,conn3,20251120142913_TOP.png,OK,0.6027812957763672,0.2280264794826507,0.6458793878555298,0.1695598661899566,20251120142913
20251120142950_TOP,conn3,20251120142950_TOP.png,OK,0.6046168804168701,0.2381946295499801,0.6558964848518372,0.1827548891305923,20251120142950
20251120143927_TOP,conn3,20251120143927_TOP.png,OK,0.6096915006637573,0.2247278988361358,0.6569899320602417,0.1763713955879211,20251120143927
20251120144004_TOP,conn3,20251120144004_TOP.png,OK,0.6070058345794678,0.2232111692428589,0.6514964699745178,0.164511352777481,20251120144004
20251120144040_TOP,conn3,20251120144040_TOP.png,OK,0.5962693095207214,0.2329483926296234,0.6509663462638855,0.1603213399648666,20251120144040
20251120144114_TOP,conn3,20251120144114_TOP.png,OK,0.6082374453544617,0.2162091434001922,0.6464783549308777,0.1664303839206695,20251120144114
20251120144153_TOP,conn3,20251120144153_TOP.png,OK,0.5955891013145447,0.2360754907131195,0.6540302634239197,0.1626247316598892,20251120144153
20251120144228_TOP,conn3,20251120144228_TOP.png,OK,0.6007097959518433,0.2261340916156768,0.6516880393028259,0.1738301664590835,20251120144228
20251120144300_TOP,conn3,20251120144300_TOP.png,OK,0.5859639048576355,0.2303040325641632,0.6171519756317139,0.1595866680145263,20251120144300
20251120144337_TOP,conn3,20251120144337_TOP.png,OK,0.6154112219810486,0.2410568594932556,0.6819506287574768,0.1955386698246002,20251120144337
20251120144413_TOP,conn3,20251120144413_TOP.png,OK,0.6069314479827881,0.2291385382413864,0.6673749089241028,0.1695461124181747,20251120144413
20251120144451_TOP,conn3,20251120144451_TOP.png,OK,0.585102379322052,0.2353499382734298,0.6499214172363281,0.1748459339141845,20251120144451
20251120144526_TOP,conn3,20251120144526_TOP.png,OK,0.5815486907958984,0.2329178601503372,0.6185998320579529,0.1719866245985031,20251120144526
20251120144603_TOP,conn3,20251120144603_TOP.png,OK,0.5994826555252075,0.2303802818059921,0.6366025805473328,0.1808752119541168,20251120144603
20251120144639_TOP,conn3,20251120144639_TOP.png,OK,0.6065129637718201,0.2320443987846374,0.6669241189956665,0.1725081205368042,20251120144639
20251120144717_TOP,conn3,20251120144717_TOP.png,OK,0.5887337327003479,0.2274277955293655,0.6269055604934692,0.1678808033466339,20251120144717
20251120144751_TOP,conn3,20251120144751_TOP.png,OK,0.6056720018386841,0.229476511478424,0.6432803869247437,0.1762308925390243,20251120144751
20251120144830_TOP,conn3,20251120144830_TOP.png,OK,0.5959517359733582,0.2290003150701522,0.6435193419456482,0.168376013636589,20251120144830
20251120144906_TOP,conn3,20251120144906_TOP.png,OK,0.5762540102005005,0.2368373274803161,0.6015965342521667,0.1798557192087173,20251120144906
20251120144941_TOP,conn3,20251120144941_TOP.png,OK,0.589713454246521,0.232541874051094,0.6190850734710693,0.1678260862827301,20251120144941
20251120145019_TOP,conn3,20251120145019_TOP.png,OK,0.5917953252792358,0.2321968525648117,0.6640633344650269,0.164055734872818,20251120145019
20251120145056_TOP,conn3,20251120145056_TOP.png,OK,0.6020987629890442,0.2363356053829193,0.6401100754737854,0.1720801144838333,20251120145056
20251120145131_TOP,conn3,20251120145131_TOP.png,OK,0.5943204760551453,0.2310948818922042,0.6372278928756714,0.1587205082178115,20251120145131
20251120145207_TOP,conn3,20251120145207_TOP.png,OK,0.5878630876541138,0.2365256994962692,0.6461761593818665,0.1748019456863403,20251120145207
20251120145244_TOP,conn3,20251120145244_TOP.png,OK,0.5974100232124329,0.2307776510715484,0.6485669016838074,0.158493310213089,20251120145244
20251120145321_TOP,conn3,20251120145321_TOP.png,OK,0.6086304187774658,0.2316019535064697,0.6499975919723511,0.1700333654880523,20251120145321
20251120145354_TOP,conn3,20251120145354_TOP.png,OK,0.5984818935394287,0.2369667887687683,0.644559919834137,0.1777211278676986,20251120145354
20251120145433_TOP,conn3,20251120145433_TOP.png,OK,0.5650957226753235,0.2484184056520462,0.5798196792602539,0.2243262380361557,20251120145433
20251120145511_TOP,conn3,20251120145511_TOP.png,OK,0.5976372361183167,0.2267748266458511,0.6280744671821594,0.1685171872377395,20251120145511
20251120145545_TOP,conn3,20251120145545_TOP.png,OK,0.6011995673179626,0.2306049913167953,0.6376941204071045,0.16753651201725,20251120145545
20251120145621_TOP,conn3,20251120145621_TOP.png,OK,0.6086550951004028,0.2260155528783798,0.665007472038269,0.1600111573934555,20251120145621
20251120145659_TOP,conn3,20251120145659_TOP.png,OK,0.5736020803451538,0.2347115129232406,0.6093358397483826,0.1829297840595245,20251120145659
20251120145736_TOP,conn3,20251120145736_TOP.png,OK,0.5797555446624756,0.2354486435651779,0.6281132102012634,0.188674509525299,20251120145736
20251120145812_TOP,conn3,20251120145812_TOP.png,OK,0.5828390121459961,0.240938127040863,0.6326091289520264,0.1846667528152465,20251120145812
20251120145848_TOP,conn3,20251120145848_TOP.png,OK,0.604552149772644,0.2330755293369293,0.6522734761238098,0.1724776178598404,20251120145848
20251120145923_TOP,conn3,20251120145923_TOP.png,OK,0.5897434949874878,0.2373648583889007,0.6238532066345215,0.1696126908063888,20251120145923
20251120150000_TOP,conn3,20251120150000_TOP.png,OK,0.5965208411216736,0.227098748087883,0.6062497496604919,0.2026025652885437,20251120150000
20251120150038_TOP,conn3,20251120150038_TOP.png,OK,0.590539276599884,0.2360353916883468,0.6284000873565674,0.1841308772563934,20251120150038
20251120150113_TOP,conn3,20251120150113_TOP.png,OK,0.6229759454727173,0.2457389831542968,0.7009269595146179,0.1584087610244751,20251120150113
20251120150149_TOP,conn3,20251120150149_TOP.png,OK,0.6059572100639343,0.2264996767044067,0.6282027959823608,0.1738163977861404,20251120150149
20251120150225_TOP,conn3,20251120150225_TOP.png,OK,0.5916327834129333,0.2336208522319793,0.6359575986862183,0.1717177778482437,20251120150225
20251120150301_TOP,conn3,20251120150301_TOP.png,OK,0.5855749249458313,0.2305885553359985,0.6252420544624329,0.1702268421649933,20251120150301
20251120150338_TOP,conn3,20251120150338_TOP.png,OK,0.577075719833374,0.2336423099040985,0.6460968852043152,0.1572480201721191,20251120150338
20251120150412_TOP,conn3,20251120150412_TOP.png,OK,0.5822452306747437,0.2343658655881881,0.6078960299491882,0.1798134893178939,20251120150412
20251120150450_TOP,conn3,20251120150450_TOP.png,OK,0.5854896306991577,0.2367231249809265,0.6224740743637085,0.1808837354183197,20251120150450
20251120150526_TOP,conn3,20251120150526_TOP.png,OK,0.6026028394699097,0.2398572862148285,0.6422870755195618,0.1886582374572754,20251120150526
20251120150604_TOP,conn3,20251120150604_TOP.png,OK,0.5926517248153687,0.2365578263998031,0.6249324083328247,0.1698567867279052,20251120150604
20251120150639_TOP,conn3,20251120150639_TOP.png,OK,0.5908627510070801,0.2340345531702041,0.6048534512519836,0.1755009591579437,20251120150639
20251120150715_TOP,conn3,20251120150715_TOP.png,OK,0.5863361358642578,0.236505314707756,0.6148883700370789,0.1724573969841003,20251120150715
20251120150752_TOP,conn3,20251120150752_TOP.png,OK,0.5878076553344727,0.2251296490430832,0.6215243339538574,0.1706523448228836,20251120150752
20251120150830_TOP,conn3,20251120150830_TOP.png,OK,0.5778316855430603,0.2332267463207245,0.6154098510742188,0.1784366369247436,20251120150830
20251120150904_TOP,conn3,20251120150904_TOP.png,OK,0.5938937664031982,0.2365853488445282,0.6348659992218018,0.1760133206844329,20251120150904
20251120150943_TOP,conn3,20251120150943_TOP.png,OK,0.5891188383102417,0.2342282235622406,0.6408171057701111,0.1881506145000457,20251120150943
20251120151019_TOP,conn3,20251120151019_TOP.png,OK,0.6019209623336792,0.2349233627319336,0.6385369300842285,0.1684892326593399,20251120151019
20251120151054_TOP,conn3,20251120151054_TOP.png,OK,0.5971984267234802,0.2312660217285156,0.6247628927230835,0.168403759598732,20251120151054
20251120151130_TOP,conn3,20251120151130_TOP.png,OK,0.6159876585006714,0.2344225794076919,0.6525959372520447,0.181753322482109,20251120151130
20251120151209_TOP,conn3,20251120151209_TOP.png,OK,0.5938289761543274,0.2358481436967849,0.6487051248550415,0.1778126209974289,20251120151209
20251120151244_TOP,conn3,20251120151244_TOP.png,OK,0.5932033658027649,0.2302698493003845,0.626826286315918,0.1675454229116439,20251120151244
20251120151319_TOP,conn3,20251120151319_TOP.png,OK,0.594740629196167,0.237026959657669,0.661030650138855,0.1730048507452011,20251120151319
20251118105546_TOP,conn4,20251118105546_TOP.png,OK,0.4608538150787353,0.2075218260288238,0.4743021130561828,0.1236718371510505,20251118105546
20251118105625_TOP,conn4,20251118105625_TOP.png,OK,0.470124214887619,0.2067769467830658,0.4688181579113006,0.1405617594718933,20251118105625
20251118105700_TOP,conn4,20251118105700_TOP.png,OK,0.4522079229354858,0.2053387016057968,0.4721785485744476,0.1255028843879699,20251118105700
20251118105736_TOP,conn4,20251118105736_TOP.png,OK,0.4431671500205993,0.1905640959739685,0.4679498970508575,0.1316898763179779,20251118105736
20251118105811_TOP,conn4,20251118105811_TOP.png,OK,0.4668462574481964,0.2092048078775406,0.5016466379165649,0.1429232656955719,20251118105811
20251118105849_TOP,conn4,20251118105849_TOP.png,OK,0.4552007615566253,0.1957814246416092,0.460415244102478,0.1152602508664131,20251118105849
20251118105924_TOP,conn4,20251118105924_TOP.png,PARTIAL OCCLUSION,0.4867027997970581,0.2347873300313949,0.4852950870990753,0.1890197843313217,20251118105924
20251118110001_TOP,conn4,20251118110001_TOP.png,OK,0.455516368150711,0.1988986581563949,0.4678018093109131,0.1129253283143043,20251118110001
20251118110038_TOP,conn4,20251118110038_TOP.png,OK,0.4722487926483154,0.2087206244468689,0.4806727766990661,0.141282856464386,20251118110038
20251118110112_TOP,conn4,20251118110112_TOP.png,OK,0.4944696128368377,0.2379257082939148,0.4917528033256531,0.1819233745336532,20251118110112
20251118110150_TOP,conn4,20251118110150_TOP.png,OK,0.4574001729488373,0.2035851329565048,0.4618205726146698,0.1274544149637222,20251118110150
20251118110226_TOP,conn4,20251118110226_TOP.png,OK,0.4928572475910187,0.2182369232177734,0.5172911882400513,0.1551242172718048,20251118110226
20251118110304_TOP,conn4,20251118110304_TOP.png,OK,0.4551939666271209,0.1984993666410446,0.4634028375148773,0.1251842677593231,20251118110304
20251118110340_TOP,conn4,20251118110340_TOP.png,OK,0.4740674793720245,0.212863489985466,0.4988634884357452,0.1474561691284179,20251118110340
20251118110416_TOP,conn4,20251118110416_TOP.png,OK,0.4636656045913696,0.2152516841888427,0.4957079887390136,0.1523076593875885,20251118110416
20251118110451_TOP,conn4,20251118110451_TOP.png,OK,0.4568534791469574,0.1986443102359771,0.4828989505767822,0.1405029743909835,20251118110451
20251118110529_TOP,conn4,20251118110529_TOP.png,OK,0.4603639841079712,0.2030836790800094,0.4613667726516723,0.1253528147935867,20251118110529
20251118110605_TOP,conn4,20251118110605_TOP.png,OCCLUSION,0.4703349769115448,0.2336230874061584,0.4845739603042602,0.2129440009593963,20251118110605
20251118110642_TOP,conn4,20251118110642_TOP.png,OCCLUSION,0.456708550453186,0.2073300927877426,0.4721302986145019,0.1790960431098938,20251118110642
20251118110717_TOP,conn4,20251118110717_TOP.png,OK,0.4710880219936371,0.210456296801567,0.4889748692512512,0.1434879601001739,20251118110717
20251118110755_TOP,conn4,20251118110755_TOP.png,OK,0.4637546837329864,0.2175463587045669,0.4760537445545196,0.1685095876455307,20251118110755
20251118110830_TOP,conn4,20251118110830_TOP.png,PARTIAL OCCLUSION,0.4799598455429077,0.2507779002189636,0.4749068021774292,0.2276775389909744,20251118110830
20251118110907_TOP,conn4,20251118110907_TOP.png,OK,0.4520173072814941,0.2051011770963668,0.4629362821578979,0.1182147711515426,20251118110907
20251118110944_TOP,conn4,20251118110944_TOP.png,OK,0.4515554904937744,0.201063647866249,0.452869713306427,0.1234379783272743,20251118110944
20251118111019_TOP,conn4,20251118111019_TOP.png,OK,0.4553658664226532,0.2059473693370819,0.4644125401973724,0.121676817536354,20251118111019
20251118111057_TOP,conn4,20251118111057_TOP.png,PARTIAL OCCLUSION,0.4742265343666076,0.2348957359790802,0.4946305453777313,0.2011996507644653,20251118111057
20251118111131_TOP,conn4,20251118111131_TOP.png,OCCLUSION,0.4724310934543609,0.2021402269601822,0.4493981301784515,0.1534307301044464,20251118111131
20251118111209_TOP,conn4,20251118111209_TOP.png,OK,0.4807604551315307,0.2075689435005188,0.4930005371570587,0.1399299949407577,20251118111209
20251118111246_TOP,conn4,20251118111246_TOP.png,OK,0.4449124336242676,0.2008823305368423,0.4403725564479828,0.1171976625919342,20251118111246
20251118111323_TOP,conn4,20251118111323_TOP.png,OK,0.4469926059246063,0.2072720974683761,0.4464380145072937,0.1429171860218048,20251118111323
20251118111359_TOP,conn4,20251118111359_TOP.png,OK,0.4596037566661834,0.2075638175010681,0.4762014150619507,0.1254776269197464,20251118111359
20251118111436_TOP,conn4,20251118111436_TOP.png,OK,0.4510280191898346,0.1928147822618484,0.4697512090206146,0.1294730752706527,20251118111436
20251119082900_TOP,conn4,20251119082900_TOP.png,OCCLUSION,0.4619079530239105,0.2274496406316757,0.5010401010513306,0.1786862462759018,20251119082900
20251119082936_TOP,conn4,20251119082936_TOP.png,PARTIAL OCCLUSION,0.4553225040435791,0.2189731299877166,0.4835169315338135,0.1931983679533004,20251119082936
20251119083012_TOP,conn4,20251119083012_TOP.png,OK,0.4576897025108337,0.2071154862642288,0.459188848733902,0.1199814304709434,20251119083012
20251119083048_TOP,conn4,20251119083048_TOP.png,OK,0.4632488489151001,0.1955962181091308,0.4512307047843933,0.1288469433784485,20251119083048
20251119083124_TOP,conn4,20251119083124_TOP.png,PARTIAL OCCLUSION,0.5014669895172119,0.2364483028650283,0.5178055763244629,0.2050444185733795,20251119083124
20251119083201_TOP,conn4,20251119083201_TOP.png,OK,0.4487767517566681,0.1935544610023498,0.4667177498340606,0.1410403847694397,20251119083201
20251119083237_TOP,conn4,20251119083237_TOP.png,OK,0.4570939242839813,0.215618684887886,0.4677071869373321,0.1729865223169326,20251119083237
20251119083314_TOP,conn4,20251119083314_TOP.png,OK,0.4570049345493316,0.1920673996210098,0.4804007112979889,0.1354961991310119,20251119083314
20251119083351_TOP,conn4,20251119083351_TOP.png,OCCLUSION,0.4334948062896728,0.2187050431966781,0.4540460407733917,0.1707452088594436,20251119083351
20251119083425_TOP,conn4,20251119083425_TOP.png,PARTIAL OCCLUSION,0.4637506008148193,0.2087904512882232,0.4646656513214111,0.15964275598526,20251119083425
20251119083503_TOP,conn4,20251119083503_TOP.png,OK,0.4671427309513092,0.2071721702814102,0.4720460772514343,0.1281978040933609,20251119083503
20251119083538_TOP,conn4,20251119083538_TOP.png,OK,0.4665094912052154,0.2185243070125579,0.4830390214920044,0.1559926867485046,20251119083538
20251119083617_TOP,conn4,20251119083617_TOP.png,OK,0.4642922282218933,0.1998828649520874,0.4728192389011383,0.1189678236842155,20251119083617
20251119083652_TOP,conn4,20251119083652_TOP.png,OK,0.4515644013881683,0.2014578878879547,0.452829509973526,0.1197427809238433,20251119083652
20251119083728_TOP,conn4,20251119083728_TOP.png,OK,0.470790833234787,0.2227236628532409,0.4621290266513824,0.1839548647403717,20251119083728
20251119083803_TOP,conn4,20251119083803_TOP.png,OK,0.4682130813598633,0.2149131000041961,0.4998528361320495,0.1682740747928619,20251119083803
20251119083842_TOP,conn4,20251119083842_TOP.png,OK,0.465420514345169,0.2054624408483505,0.4689837396144867,0.1254226267337799,20251119083842
20251119083918_TOP,conn4,20251119083918_TOP.png,PARTIAL OCCLUSION,0.4825554192066192,0.2273371517658233,0.4884255230426788,0.1902152597904205,20251119083918
20251119083954_TOP,conn4,20251119083954_TOP.png,PARTIAL OCCLUSION,0.4673288762569427,0.2205703407526016,0.5042935013771057,0.1874025911092758,20251119083954
20251119084031_TOP,conn4,20251119084031_TOP.png,OK,0.4586963653564453,0.2068467885255813,0.4674559235572815,0.1401232331991195,20251119084031
20251119084105_TOP,conn4,20251119084105_TOP.png,OK,0.4495299756526947,0.200694128870964,0.4665886163711548,0.1223275959491729,20251119084105
20251119084142_TOP,conn4,20251119084142_TOP.png,OK,0.4519526958465576,0.1999747902154922,0.4464891254901886,0.1398580968379974,20251119084142
20251119084219_TOP,conn4,20251119084219_TOP.png,OK,0.4753931164741516,0.2154008746147155,0.4759823083877563,0.1380557566881179,20251119084219
20251119084256_TOP,conn4,20251119084256_TOP.png,OK,0.4615131020545959,0.1990835964679718,0.4581549763679504,0.1309664100408554,20251119084256
20251119084332_TOP,conn4,20251119084332_TOP.png,OK,0.4510808885097503,0.1869457811117172,0.4597494900226593,0.1206302791833877,20251119084332
20251119084409_TOP,conn4,20251119084409_TOP.png,OCCLUSION,0.4601034224033355,0.2375640720129013,0.4594050347805023,0.2126429080963134,20251119084409
20251119084443_TOP,conn4,20251119084443_TOP.png,PARTIAL OCCLUSION,0.4902591407299042,0.2257254272699356,0.4888173043727875,0.1932657361030578,20251119084443
20251119084522_TOP,conn4,20251119084522_TOP.png,OK,0.4596551358699798,0.1996684074401855,0.4621072709560394,0.1378298550844192,20251119084522
20251119084557_TOP,conn4,20251119084557_TOP.png,OK,0.4563673436641693,0.1988060176372528,0.4633100628852844,0.1372269988059997,20251119084557
20251119084633_TOP,conn4,20251119084633_TOP.png,OCCLUSION,0.4762342572212219,0.2292642742395401,0.4583688080310821,0.2036000937223434,20251119084633
20251119084710_TOP,conn4,20251119084710_TOP.png,OK,0.4503234922885895,0.2007814049720764,0.4485985338687897,0.1286148428916931,20251119084710
20251119084747_TOP,conn4,20251119084747_TOP.png,OK,0.4539812803268432,0.1970506608486175,0.4533741176128387,0.1264342367649078,20251119084747
20251119084824_TOP,conn4,20251119084824_TOP.png,OK,0.4510177373886108,0.2006057202816009,0.4547496140003204,0.1305702626705169,20251119084824
20251119084900_TOP,conn4,20251119084900_TOP.png,OK,0.4573281705379486,0.1966389715671539,0.4587520956993103,0.128456711769104,20251119084900
20251119084935_TOP,conn4,20251119084935_TOP.png,OK,0.4710091054439544,0.2279418557882309,0.4681169390678406,0.1881595104932785,20251119084935
20251119085012_TOP,conn4,20251119085012_TOP.png,OK,0.4450199604034424,0.20210662484169,0.458504170179367,0.1484434604644775,20251119085012
20251119085050_TOP,conn4,20251119085050_TOP.png,OCCLUSION,0.4663271009922027,0.2336291670799255,0.462760716676712,0.204474002122879,20251119085050
20251119085124_TOP,conn4,20251119085124_TOP.png,PARTIAL OCCLUSION,0.4733341634273529,0.2405149042606353,0.4733969271183014,0.2094234079122543,20251119085124
20251119085200_TOP,conn4,20251119085200_TOP.png,OCCLUSION,0.483336329460144,0.2459608167409896,0.4411793053150177,0.222758412361145,20251119085200
20251119085236_TOP,conn4,20251119085236_TOP.png,OCCLUSION,0.452812135219574,0.2175303548574447,0.4733141362667084,0.1711120903491974,20251119085236
20251119085312_TOP,conn4,20251119085312_TOP.png,OK,0.4820341169834137,0.2393798828125,0.4903952777385711,0.1951432079076767,20251119085312
20251119085350_TOP,conn4,20251119085350_TOP.png,OCCLUSION,0.460857480764389,0.2193246036767959,0.4919964671134949,0.1935027837753296,20251119085350
20251119085424_TOP,conn4,20251119085424_TOP.png,OK,0.4651724994182586,0.2050124555826187,0.4831734001636505,0.1528726816177368,20251119085424
20251119085502_TOP,conn4,20251119085502_TOP.png,OK,0.4726199507713318,0.2049914598464965,0.4895578026771545,0.1365154236555099,20251119085502
20251119085538_TOP,conn4,20251119085538_TOP.png,OK,0.4642271995544433,0.2099475115537643,0.4827849566936493,0.1412454098463058,20251119085538
20251119085613_TOP,conn4,20251119085613_TOP.png,PARTIAL OCCLUSION,0.446839839220047,0.20536570250988,0.4595952928066253,0.159537985920906,20251119085613
20251119085652_TOP,conn4,20251119085652_TOP.png,OCCLUSION,0.470396876335144,0.2305566221475601,0.4751230478286743,0.1992827802896499,20251119085652
20251119085727_TOP,conn4,20251119085727_TOP.png,OK,0.4590902328491211,0.2230870723724365,0.4784744381904602,0.1632699221372604,20251119085727
20251120141147_TOP,conn4,20251120141147_TOP.png,OK,0.460214763879776,0.1951612085103988,0.4533655941486358,0.1296360045671463,20251120141147
20251120141222_TOP,conn4,20251120141222_TOP.png,OK,0.4614993333816528,0.1914655119180679,0.4760442972183227,0.1460399627685547,20251120141222
20251120141259_TOP,conn4,20251120141259_TOP.png,OK,0.457529604434967,0.2011524140834808,0.4525158405303955,0.1223005875945091,20251120141259
20251120141335_TOP,conn4,20251120141335_TOP.png,OK,0.4541462063789367,0.2057738155126571,0.4561179876327514,0.1229944974184036,20251120141335
20251120141413_TOP,conn4,20251120141413_TOP.png,PARTIAL OCCLUSION,0.4526022970676422,0.2155881971120834,0.4556727707386017,0.1738549321889877,20251120141413
20251120141448_TOP,conn4,20251120141448_TOP.png,OK,0.4568095505237579,0.2034420371055603,0.47348353266716,0.1304515898227691,20251120141448
20251120141522_TOP,conn4,20251120141522_TOP.png,OK,0.4576615691184997,0.2057783752679824,0.4608576595783233,0.1218249127268791,20251120141522
20251120141602_TOP,conn4,20251120141602_TOP.png,OCCLUSION,0.4444791972637176,0.2097546458244323,0.452993243932724,0.2015414834022522,20251120141602
20251120141637_TOP,conn4,20251120141637_TOP.png,OK,0.4548194408416748,0.204936683177948,0.4652244448661804,0.1266161948442459,20251120141637
20251120141713_TOP,conn4,20251120141713_TOP.png,OK,0.4518093466758728,0.197937786579132,0.4540668725967407,0.1217574700713157,20251120141713
20251120141750_TOP,conn4,20251120141750_TOP.png,OK,0.4474054872989654,0.1979829967021942,0.4476787149906158,0.1141761243343353,20251120141750
20251120142801_TOP,conn4,20251120142801_TOP.png,OK,0.4569704234600067,0.1981369405984878,0.4607355892658233,0.1211040541529655,20251120142801
20251120142838_TOP,conn4,20251120142838_TOP.png,OK,0.4794718325138092,0.2323399186134338,0.4836016297340393,0.1912920624017715,20251120142838
20251120142913_TOP,conn4,20251120142913_TOP.png,OK,0.4533863961696625,0.2038202732801437,0.4745060503482818,0.1288596242666244,20251120142913
20251120142950_TOP,conn4,20251120142950_TOP.png,OK,0.4636291563510895,0.1976820230484008,0.4668090939521789,0.1216926947236061,20251120142950
20251120143927_TOP,conn4,20251120143927_TOP.png,OK,0.4577067196369171,0.1956718116998672,0.4617789089679718,0.1202210560441017,20251120143927
20251120144004_TOP,conn4,20251120144004_TOP.png,OK,0.457365483045578,0.2033043354749679,0.4676030576229095,0.1307914555072784,20251120144004
20251120144040_TOP,conn4,20251120144040_TOP.png,OCCLUSION,0.4930972456932068,0.2442495375871658,0.4926494061946869,0.2165513187646865,20251120144040
20251120144114_TOP,conn4,20251120144114_TOP.png,OK,0.4613003432750702,0.2325615435838699,0.4562097787857055,0.2052250057458877,20251120144114
20251120144153_TOP,conn4,20251120144153_TOP.png,OK,0.4716718792915344,0.2107865363359451,0.4926518201828003,0.1592574715614318,20251120144153
20251120144228_TOP,conn4,20251120144228_TOP.png,OK,0.4588155150413513,0.2020686715841293,0.4741705656051636,0.1365150362253189,20251120144228
20251120144300_TOP,conn4,20251120144300_TOP.png,OK,0.4525968730449676,0.1955086439847946,0.4588136076927185,0.11248230189085,20251120144300
20251120144337_TOP,conn4,20251120144337_TOP.png,OK,0.4585933685302734,0.1943441480398178,0.4644626975059509,0.1246026828885078,20251120144337
20251120144413_TOP,conn4,20251120144413_TOP.png,OK,0.4544059634208679,0.1962862908840179,0.4571059644222259,0.124945655465126,20251120144413
20251120144451_TOP,conn4,20251120144451_TOP.png,OK,0.4537916779518127,0.1955793797969818,0.4583674371242523,0.1121736168861389,20251120144451
20251120144526_TOP,conn4,20251120144526_TOP.png,OK,0.4559352099895477,0.2016584277153015,0.4700199663639068,0.1366825848817825,20251120144526
20251120144603_TOP,conn4,20251120144603_TOP.png,OK,0.4618822634220123,0.2063193619251251,0.4717285931110382,0.1422748565673828,20251120144603
20251120144639_TOP,conn4,20251120144639_TOP.png,OK,0.4521679580211639,0.1961222440004348,0.4622463881969452,0.1245941147208213,20251120144639
20251120144717_TOP,conn4,20251120144717_TOP.png,OK,0.4527890682220459,0.2032827883958816,0.4700696468353271,0.1374034285545349,20251120144717
20251120144751_TOP,conn4,20251120144751_TOP.png,OK,0.4676547646522522,0.2149221301078796,0.4941228926181793,0.1419183611869812,20251120144751
20251120144830_TOP,conn4,20251120144830_TOP.png,OK,0.4431795477867126,0.2021887153387069,0.4469755589962005,0.1322417110204696,20251120144830
20251120144906_TOP,conn4,20251120144906_TOP.png,OK,0.4602429866790771,0.1976438015699386,0.4701974093914032,0.135066881775856,20251120144906
20251120144941_TOP,conn4,20251120144941_TOP.png,OK,0.450154185295105,0.203607827425003,0.4544188976287842,0.14966781437397,20251120144941
20251120145019_TOP,conn4,20251120145019_TOP.png,OK,0.4573144912719726,0.202937364578247,0.4685910642147064,0.1314095258712768,20251120145019
20251120145056_TOP,conn4,20251120145056_TOP.png,OK,0.4488182365894317,0.1979579329490661,0.4509146213531494,0.1307756751775741,20251120145056
20251120145131_TOP,conn4,20251120145131_TOP.png,OK,0.4825652539730072,0.2229816317558288,0.5022158026695251,0.180187240242958,20251120145131
20251120145207_TOP,conn4,20251120145207_TOP.png,OK,0.4601149559020996,0.2102584987878799,0.492498517036438,0.1439715921878814,20251120145207
20251120145244_TOP,conn4,20251120145244_TOP.png,OCCLUSION,0.4533066749572754,0.2140768319368362,0.4696338474750519,0.1856914460659027,20251120145244
20251120145321_TOP,conn4,20251120145321_TOP.png,OCCLUSION,0.4744903743267059,0.237266793847084,0.4835263788700104,0.2058357298374176,20251120145321
20251120145354_TOP,conn4,20251120145354_TOP.png,OCCLUSION,0.4491862952709198,0.2312577813863754,0.4688895642757416,0.2172621339559555,20251120145354
20251120145433_TOP,conn4,20251120145433_TOP.png,OK,0.462345689535141,0.2173996865749359,0.4800155162811279,0.1698459088802337,20251120145433
20251120145511_TOP,conn4,20251120145511_TOP.png,OK,0.4677763879299164,0.191232219338417,0.4845981299877167,0.1296743154525756,20251120145511
20251120145545_TOP,conn4,20251120145545_TOP.png,OK,0.46712127327919,0.2042450606822967,0.4798986613750458,0.138849601149559,20251120145545
20251120145621_TOP,conn4,20251120145621_TOP.png,OK,0.4559495747089386,0.2002415508031845,0.4658869206905365,0.1176457554101944,20251120145621
20251120145659_TOP,conn4,20251120145659_TOP.png,OK,0.4327913224697113,0.1948311924934387,0.4544316530227661,0.1322160959243774,20251120145659
20251120145736_TOP,conn4,20251120145736_TOP.png,PARTIAL OCCLUSION,0.4587836861610412,0.2130886912345886,0.4604616165161133,0.1790637075901031,20251120145736
20251120145812_TOP,conn4,20251120145812_TOP.png,OK,0.4520927667617798,0.1934683471918106,0.4492533206939697,0.1294279396533966,20251120145812
20251120145848_TOP,conn4,20251120145848_TOP.png,OK,0.4551365673542022,0.2006090730428695,0.4626088738441467,0.1249789744615554,20251120145848
20251120145923_TOP,conn4,20251120145923_TOP.png,OCCLUSION,0.4618904888629913,0.241894781589508,0.5013362169265747,0.2132935374975204,20251120145923
20251120150000_TOP,conn4,20251120150000_TOP.png,OCCLUSION,0.4654679000377655,0.2346498519182205,0.4558061957359314,0.2173291742801666,20251120150000
20251120150038_TOP,conn4,20251120150038_TOP.png,PARTIAL OCCLUSION,0.4637186229228973,0.2106753885746002,0.4735232889652252,0.1727195829153061,20251120150038
20251120150113_TOP,conn4,20251120150113_TOP.png,OK,0.451747715473175,0.2035887688398361,0.4719519019126892,0.1245963424444198,20251120150113
20251120150149_TOP,conn4,20251120150149_TOP.png,OK,0.4513192474842071,0.2039504647254943,0.4487082958221435,0.1320096403360366,20251120150149
20251120150225_TOP,conn4,20251120150225_TOP.png,OK,0.4597733616828918,0.2238706648349762,0.4767573475837707,0.1717692166566848,20251120150225
20251120150301_TOP,conn4,20251120150301_TOP.png,OCCLUSION,0.4831553399562835,0.2548723816871643,0.4965591728687286,0.2245027422904968,20251120150301
20251120150338_TOP,conn4,20251120150338_TOP.png,PARTIAL OCCLUSION,0.4548584222793579,0.2238721251487732,0.466757982969284,0.1804486364126205,20251120150338
20251120150412_TOP,conn4,20251120150412_TOP.png,PARTIAL OCCLUSION,0.4569013118743896,0.2010494470596313,0.4726990461349487,0.1707711666822433,20251120150412
20251120150450_TOP,conn4,20251120150450_TOP.png,OCCLUSION,0.4671737849712372,0.2304095327854156,0.4964498877525329,0.2054801732301712,20251120150450
20251120150526_TOP,conn4,20251120150526_TOP.png,OK,0.4810222089290619,0.2359619438648224,0.4971525073051452,0.1860629767179489,20251120150526
20251120150604_TOP,conn4,20251120150604_TOP.png,OK,0.4496209919452667,0.2024235129356384,0.4790341854095459,0.1292927116155624,20251120150604
20251120150639_TOP,conn4,20251120150639_TOP.png,PARTIAL OCCLUSION,0.4559781849384308,0.2126052379608154,0.4767493009567261,0.1601130962371826,20251120150639
20251120150715_TOP,conn4,20251120150715_TOP.png,OK,0.4517843425273895,0.1884517818689346,0.4798806607723236,0.1324846893548965,20251120150715
20251120150752_TOP,conn4,20251120150752_TOP.png,OK,0.4447980225086212,0.196169838309288,0.4571230411529541,0.1251790225505828,20251120150752
20251120150830_TOP,conn4,20251120150830_TOP.png,OK,0.4484553635120392,0.208972692489624,0.4575048685073852,0.1451850533485412,20251120150830
20251120150904_TOP,conn4,20251120150904_TOP.png,OCCLUSION,0.431876927614212,0.2009525448083877,0.4537318050861358,0.1762055605649948,20251120150904
20251120150943_TOP,conn4,20251120150943_TOP.png,OK,0.4517499506473541,0.2078020423650741,0.4763045012950897,0.1362751424312591,20251120150943
20251120151019_TOP,conn4,20251120151019_TOP.png,OCCLUSION,0.4481914639472961,0.2325996607542038,0.4624100923538208,0.2069787085056305,20251120151019
20251120151054_TOP,conn4,20251120151054_TOP.png,OCCLUSION,0.4453445672988891,0.2388176769018173,0.4691886603832245,0.2110985964536667,20251120151054
20251120151130_TOP,conn4,20251120151130_TOP.png,OK,0.4451633393764496,0.1911463886499405,0.4489954710006714,0.1209747791290283,20251120151130
20251120151209_TOP,conn4,20251120151209_TOP.png,OK,0.4458144009113312,0.2056826502084732,0.466405987739563,0.1680509448051452,20251120151209
20251120151244_TOP,conn4,20251120151244_TOP.png,OK,0.4576062262058258,0.2162500321865081,0.4552019238471985,0.1665851771831512,20251120151244
20251120151319_TOP,conn4,20251120151319_TOP.png,OK,0.4582975208759308,0.1994716376066208,0.4874105751514435,0.1463660150766372,20251120151319
20251118105546_TOP,conn5,20251118105546_TOP.png,OK,0.5443444848060608,0.2317210882902145,0.5207734704017639,0.222700223326683,20251118105546
20251118105625_TOP,conn5,20251118105625_TOP.png,OK,0.5599841475486755,0.2256136983633041,0.5693641304969788,0.2263181060552597,20251118105625
20251118105700_TOP,conn5,20251118105700_TOP.png,OK,0.5552580952644348,0.2333896309137344,0.5437561869621277,0.227200835943222,20251118105700
20251118105736_TOP,conn5,20251118105736_TOP.png,PARTIAL OCCLUSION,0.5303986072540283,0.2535995543003082,0.500257670879364,0.2505289316177368,20251118105736
20251118105811_TOP,conn5,20251118105811_TOP.png,OK,0.5556387305259705,0.2311167865991592,0.5182587504386902,0.2058540880680084,20251118105811
20251118105849_TOP,conn5,20251118105849_TOP.png,OK,0.5451233386993408,0.2225994765758514,0.5189874768257141,0.211009070277214,20251118105849
20251118105924_TOP,conn5,20251118105924_TOP.png,OK,0.5524313449859619,0.2248934060335159,0.5398131608963013,0.2168477177619934,20251118105924
20251118110001_TOP,conn5,20251118110001_TOP.png,OK,0.5475195050239563,0.2263781726360321,0.5434632897377014,0.2347592562437057,20251118110001
20251118110038_TOP,conn5,20251118110038_TOP.png,OCCLUSION,0.4690312445163727,0.2512931227684021,0.4429402351379394,0.234731450676918,20251118110038
20251118110112_TOP,conn5,20251118110112_TOP.png,OK,0.5566284656524658,0.2217936366796493,0.5390863418579102,0.2222923040390014,20251118110112
20251118110150_TOP,conn5,20251118110150_TOP.png,OK,0.5618414282798767,0.2263511568307876,0.5637496709823608,0.2269537299871444,20251118110150
20251118110226_TOP,conn5,20251118110226_TOP.png,OK,0.5523055791854858,0.2346383929252624,0.5639575719833374,0.234378844499588,20251118110226
20251118110304_TOP,conn5,20251118110304_TOP.png,OK,0.5468291640281677,0.2301590591669082,0.4978567361831665,0.2306429743766784,20251118110304
20251118110340_TOP,conn5,20251118110340_TOP.png,OK,0.5585427284240723,0.2208538353443145,0.5444689989089966,0.2153795808553695,20251118110340
20251118110416_TOP,conn5,20251118110416_TOP.png,OK,0.5534123778343201,0.2303950786590576,0.5331279039382935,0.2212426662445068,20251118110416
20251118110451_TOP,conn5,20251118110451_TOP.png,OK,0.5516654253005981,0.2330395132303238,0.5541538596153259,0.2347590029239654,20251118110451
20251118110529_TOP,conn5,20251118110529_TOP.png,OK,0.5480668544769287,0.2294783294200897,0.4995986521244049,0.2306294739246368,20251118110529
20251118110605_TOP,conn5,20251118110605_TOP.png,OK,0.5194980502128601,0.273035854101181,0.5637853145599365,0.2712642848491668,20251118110605
20251118110642_TOP,conn5,20251118110642_TOP.png,OK,0.5554032921791077,0.23189677298069,0.5782130360603333,0.2476382404565811,20251118110642
20251118110717_TOP,conn5,20251118110717_TOP.png,OK,0.5313846468925476,0.2421773821115493,0.4992167949676513,0.2313232719898224,20251118110717
20251118110755_TOP,conn5,20251118110755_TOP.png,OK,0.5570317506790161,0.2254917174577713,0.5610211491584778,0.2226939350366592,20251118110755
20251118110830_TOP,conn5,20251118110830_TOP.png,OK,0.5583400130271912,0.2327384352684021,0.5341940522193909,0.2228475958108902,20251118110830
20251118110907_TOP,conn5,20251118110907_TOP.png,OK,0.550442636013031,0.2258181720972061,0.5595389008522034,0.2338243871927261,20251118110907
20251118110944_TOP,conn5,20251118110944_TOP.png,OK,0.5466603636741638,0.2285222858190536,0.5299018025398254,0.2210604697465896,20251118110944
20251118111019_TOP,conn5,20251118111019_TOP.png,OK,0.5573529601097107,0.2249507904052734,0.5520163774490356,0.2206617444753646,20251118111019
20251118111057_TOP,conn5,20251118111057_TOP.png,OK,0.5655796527862549,0.2310176938772201,0.5616300106048584,0.2082475274801254,20251118111057
20251118111131_TOP,conn5,20251118111131_TOP.png,OCCLUSION,0.5279850959777832,0.2646995484828949,0.5679736733436584,0.2604272663593292,20251118111131
20251118111209_TOP,conn5,20251118111209_TOP.png,OK,0.5739879608154297,0.2290618121623993,0.5558682084083557,0.2454504519701004,20251118111209
20251118111246_TOP,conn5,20251118111246_TOP.png,OK,0.5556955337524414,0.2306755185127258,0.5359556674957275,0.2320808619260788,20251118111246
20251118111323_TOP,conn5,20251118111323_TOP.png,OK,0.5426532626152039,0.2249443233013153,0.5173985958099365,0.2199697643518448,20251118111323
20251118111359_TOP,conn5,20251118111359_TOP.png,OK,0.537080705165863,0.227464273571968,0.5117733478546143,0.2327120304107666,20251118111359
20251118111436_TOP,conn5,20251118111436_TOP.png,OCCLUSION,0.53852778673172,0.2631687819957733,0.4940764605998993,0.2932924926280975,20251118111436
20251119082900_TOP,conn5,20251119082900_TOP.png,OK,0.5309417247772217,0.2570836842060089,0.5568515062332153,0.2555727064609527,20251119082900
20251119082936_TOP,conn5,20251119082936_TOP.png,OK,0.5522267818450928,0.2295525223016739,0.5597981810569763,0.2330640405416488,20251119082936
20251119083012_TOP,conn5,20251119083012_TOP.png,OK,0.5425037145614624,0.2250031977891922,0.5052172541618347,0.2330935150384903,20251119083012
20251119083048_TOP,conn5,20251119083048_TOP.png,OK,0.5355249047279358,0.2316882908344268,0.4888229370117187,0.237657681107521,20251119083048
20251119083124_TOP,conn5,20251119083124_TOP.png,OK,0.5580428242683411,0.231858879327774,0.5632915496826172,0.2469234317541122,20251119083124
20251119083201_TOP,conn5,20251119083201_TOP.png,OK,0.5223080515861511,0.2482574731111526,0.5144266486167908,0.2711189389228821,20251119083201
20251119083237_TOP,conn5,20251119083237_TOP.png,OK,0.5380470752716064,0.2299861311912536,0.5210042595863342,0.2325065582990646,20251119083237
20251119083314_TOP,conn5,20251119083314_TOP.png,OCCLUSION,0.5018472075462341,0.2598577439785003,0.4965817928314209,0.2601602673530578,20251119083314
20251119083351_TOP,conn5,20251119083351_TOP.png,OK,0.5423391461372375,0.2489889562129974,0.5259652733802795,0.2456783056259155,20251119083351
20251119083425_TOP,conn5,20251119083425_TOP.png,OK,0.55904620885849,0.241732120513916,0.5824280977249146,0.2550143599510193,20251119083425
20251119083503_TOP,conn5,20251119083503_TOP.png,OK,0.5247333645820618,0.2395943254232406,0.558181643486023,0.2558180093765259,20251119083503
20251119083538_TOP,conn5,20251119083538_TOP.png,OCCLUSION,0.4795821607112884,0.2719151377677917,0.52992844581604,0.2864713668823242,20251119083538
20251119083617_TOP,conn5,20251119083617_TOP.png,KO,0.524336576461792,0.2248878479003906,0.5933204293251038,0.2293013036251068,20251119083617
20251119083652_TOP,conn5,20251119083652_TOP.png,KO,0.520595371723175,0.2252668589353561,0.5968034267425537,0.2224522978067398,20251119083652
20251119083728_TOP,conn5,20251119083728_TOP.png,OK,0.5415268540382385,0.2256757467985153,0.5466420650482178,0.2406695932149887,20251119083728
20251119083803_TOP,conn5,20251119083803_TOP.png,OCCLUSION,0.4512638747692108,0.2488390356302261,0.3864811658859253,0.2378555238246917,20251119083803
20251119083842_TOP,conn5,20251119083842_TOP.png,OK,0.5553181767463684,0.2248445153236389,0.5594528317451477,0.2348296791315078,20251119083842
20251119083918_TOP,conn5,20251119083918_TOP.png,OK,0.5566016435623169,0.2265809625387191,0.5521146655082703,0.2465399205684662,20251119083918
20251119083954_TOP,conn5,20251119083954_TOP.png,OK,0.5558623671531677,0.2350020259618759,0.573826253414154,0.2454372644424438,20251119083954
20251119084031_TOP,conn5,20251119084031_TOP.png,OK,0.5528213977813721,0.2307233959436416,0.5543555021286011,0.2488455772399902,20251119084031
20251119084105_TOP,conn5,20251119084105_TOP.png,OK,0.5376890897750854,0.2244862914085388,0.5094491839408875,0.2346309125423431,20251119084105
20251119084142_TOP,conn5,20251119084142_TOP.png,OK,0.4940000474452972,0.2568409740924835,0.4642498195171356,0.2648249566555023,20251119084142
20251119084219_TOP,conn5,20251119084219_TOP.png,OK,0.5419166684150696,0.2264911979436874,0.5461075901985168,0.2248386442661285,20251119084219
20251119084256_TOP,conn5,20251119084256_TOP.png,OK,0.4874940514564514,0.2486025691032409,0.4597867131233215,0.2341340035200119,20251119084256
20251119084332_TOP,conn5,20251119084332_TOP.png,OK,0.5235632061958313,0.2487510293722152,0.5138405561447144,0.2499823570251464,20251119084332
20251119084409_TOP,conn5,20251119084409_TOP.png,OK,0.5349844694137573,0.2306215912103653,0.4884863793849945,0.2251080125570297,20251119084409
20251119084443_TOP,conn5,20251119084443_TOP.png,OK,0.5403046011924744,0.2279054075479507,0.5062216520309448,0.2336010187864303,20251119084443
20251119084522_TOP,conn5,20251119084522_TOP.png,OK,0.5508075952529907,0.2329266667366027,0.5289708375930786,0.2379378825426101,20251119084522
20251119084557_TOP,conn5,20251119084557_TOP.png,OK,0.5202692151069641,0.236021876335144,0.5346269607543945,0.2299906611442566,20251119084557
20251119084633_TOP,conn5,20251119084633_TOP.png,OK,0.5472877621650696,0.2386089861392974,0.516214907169342,0.2432257235050201,20251119084633
20251119084710_TOP,conn5,20251119084710_TOP.png,OK,0.4979905784130096,0.2293122559785843,0.5063185691833496,0.227659061551094,20251119084710
20251119084747_TOP,conn5,20251119084747_TOP.png,OK,0.4839279055595398,0.2375920563936233,0.4610705077648163,0.242836520075798,20251119084747
20251119084824_TOP,conn5,20251119084824_TOP.png,OK,0.4722033739089966,0.2320297360420227,0.4820562601089477,0.2232165783643722,20251119084824
20251119084900_TOP,conn5,20251119084900_TOP.png,OK,0.4756811261177063,0.2338830381631851,0.4274893701076507,0.2023603022098541,20251119084900
20251119084935_TOP,conn5,20251119084935_TOP.png,OK,0.5433420538902283,0.2286297976970672,0.5443665385246277,0.2427746057510376,20251119084935
20251119085012_TOP,conn5,20251119085012_TOP.png,OCCLUSION,0.5329239368438721,0.256069004535675,0.4999614357948303,0.2724912166595459,20251119085012
20251119085050_TOP,conn5,20251119085050_TOP.png,OK,0.5573579668998718,0.2310001403093338,0.5490033030509949,0.2416935861110687,20251119085050
20251119085124_TOP,conn5,20251119085124_TOP.png,OK,0.5378105044364929,0.2318067550659179,0.4797437191009521,0.2055584639310836,20251119085124
20251119085200_TOP,conn5,20251119085200_TOP.png,OK,0.5411980152130127,0.2295041978359222,0.5312206745147705,0.2374503910541534,20251119085200
20251119085236_TOP,conn5,20251119085236_TOP.png,OK,0.5388270616531372,0.231509193778038,0.5601876378059387,0.2354040890932083,20251119085236
20251119085312_TOP,conn5,20251119085312_TOP.png,OK,0.5428988933563232,0.2282609939575195,0.533231794834137,0.2383697479963302,20251119085312
20251119085350_TOP,conn5,20251119085350_TOP.png,OK,0.5497044920921326,0.2285136431455612,0.5697287321090698,0.2118807584047317,20251119085350
20251119085424_TOP,conn5,20251119085424_TOP.png,OK,0.5603868961334229,0.2385499477386474,0.5717342495918274,0.2231777310371399,20251119085424
20251119085502_TOP,conn5,20251119085502_TOP.png,OK,0.5561555624008179,0.2239724695682525,0.5478607416152954,0.2311440855264663,20251119085502
20251119085538_TOP,conn5,20251119085538_TOP.png,OK,0.5580500960350037,0.2362772226333618,0.5478711724281311,0.2299041450023651,20251119085538
20251119085613_TOP,conn5,20251119085613_TOP.png,OK,0.5129944682121277,0.2600048780441284,0.5409644842147827,0.2704870998859405,20251119085613
20251119085652_TOP,conn5,20251119085652_TOP.png,OK,0.5411110520362854,0.2252401560544967,0.5322124361991882,0.231665700674057,20251119085652
20251119085727_TOP,conn5,20251119085727_TOP.png,OK,0.540574848651886,0.2250550836324691,0.5076238512992859,0.2347395271062851,20251119085727
20251120141147_TOP,conn5,20251120141147_TOP.png,OK,0.5472490787506104,0.2294912189245224,0.5554549098014832,0.2255914062261581,20251120141147
20251120141222_TOP,conn5,20251120141222_TOP.png,OK,0.5054216980934143,0.261296272277832,0.5267946124076843,0.2671754658222198,20251120141222
20251120141259_TOP,conn5,20251120141259_TOP.png,OK,0.5430878400802612,0.233149304986,0.5380866527557373,0.2488017082214355,20251120141259
20251120141335_TOP,conn5,20251120141335_TOP.png,OCCLUSION,0.4814383685588836,0.2215900719165802,0.4992631077766418,0.2073167562484741,20251120141335
20251120141413_TOP,conn5,20251120141413_TOP.png,OK,0.5166442394256592,0.23281030356884,0.4954885244369507,0.24702088534832,20251120141413
20251120141448_TOP,conn5,20251120141448_TOP.png,OK,0.5264073610305786,0.2352603077888488,0.531779944896698,0.2418901026248932,20251120141448
20251120141522_TOP,conn5,20251120141522_TOP.png,OK,0.540107011795044,0.2231460809707641,0.5383188128471375,0.2281259149312973,20251120141522
20251120141602_TOP,conn5,20251120141602_TOP.png,OK,0.5497552752494812,0.2339428961277008,0.5515403151512146,0.2509752511978149,20251120141602
20251120141637_TOP,conn5,20251120141637_TOP.png,OK,0.5438519716262817,0.2314318865537643,0.5304976105690002,0.2480820268392563,20251120141637
20251120141713_TOP,conn5,20251120141713_TOP.png,OK,0.551842987537384,0.2289382070302963,0.5519044995307922,0.2461071759462356,20251120141713
20251120141750_TOP,conn5,20251120141750_TOP.png,OK,0.5513914227485657,0.230445384979248,0.5120766758918762,0.2355004698038101,20251120141750
20251120142801_TOP,conn5,20251120142801_TOP.png,OK,0.5474050045013428,0.2234835624694824,0.5558715462684631,0.2346741259098053,20251120142801
20251120142838_TOP,conn5,20251120142838_TOP.png,OK,0.547312319278717,0.2284822016954422,0.5517467856407166,0.2429427355527877,20251120142838
20251120142913_TOP,conn5,20251120142913_TOP.png,OK,0.5433948636054993,0.2209327965974807,0.524351954460144,0.2144505232572555,20251120142913
20251120142950_TOP,conn5,20251120142950_TOP.png,OK,0.5472005009651184,0.2242696285247802,0.52699214220047,0.2369018793106079,20251120142950
20251120143927_TOP,conn5,20251120143927_TOP.png,OK,0.5411481857299805,0.223687082529068,0.5312178730964661,0.2338140159845352,20251120143927
20251120144004_TOP,conn5,20251120144004_TOP.png,OK,0.5495423674583435,0.2332623898983001,0.5275349617004395,0.2447749376296997,20251120144004
20251120144040_TOP,conn5,20251120144040_TOP.png,OK,0.534468412399292,0.2387569099664688,0.5394130349159241,0.2195518016815185,20251120144040
20251120144114_TOP,conn5,20251120144114_TOP.png,OK,0.5459012985229492,0.2299133539199829,0.5394396781921387,0.2440296709537506,20251120144114
20251120144153_TOP,conn5,20251120144153_TOP.png,OCCLUSION,0.4926492571830749,0.2681474983692169,0.5070570707321167,0.27931609749794,20251120144153
20251120144228_TOP,conn5,20251120144228_TOP.png,OK,0.5396474003791809,0.2349078357219696,0.4962780773639679,0.2544374763965606,20251120144228
20251120144300_TOP,conn5,20251120144300_TOP.png,OK,0.530543863773346,0.2346442937850952,0.5249515175819397,0.2484879940748214,20251120144300
20251120144337_TOP,conn5,20251120144337_TOP.png,OK,0.5530125498771667,0.2270355075597763,0.5293135046958923,0.2347078919410705,20251120144337
20251120144413_TOP,conn5,20251120144413_TOP.png,OK,0.5538506507873535,0.231150284409523,0.5664052963256836,0.2291430234909057,20251120144413
20251120144451_TOP,conn5,20251120144451_TOP.png,OK,0.4938065111637115,0.2557078301906585,0.4537497162818908,0.2480581104755401,20251120144451
20251120144526_TOP,conn5,20251120144526_TOP.png,OK,0.5443441867828369,0.2375019937753677,0.5902754068374634,0.2505242824554443,20251120144526
20251120144603_TOP,conn5,20251120144603_TOP.png,OK,0.5482635498046875,0.2311221659183502,0.5366572141647339,0.231460228562355,20251120144603
20251120144639_TOP,conn5,20251120144639_TOP.png,OK,0.5430786609649658,0.2272663414478302,0.5274891257286072,0.2308047264814376,20251120144639
20251120144717_TOP,conn5,20251120144717_TOP.png,OK,0.5095339417457581,0.2447321265935897,0.5066930055618286,0.2531496286392212,20251120144717
20251120144751_TOP,conn5,20251120144751_TOP.png,OK,0.5408931374549866,0.2323414087295532,0.4964203238487243,0.2432060241699218,20251120144751
20251120144830_TOP,conn5,20251120144830_TOP.png,PARTIAL OCCLUSION,0.4636705219745636,0.2496316134929657,0.4964872896671295,0.2623482346534729,20251120144830
20251120144906_TOP,conn5,20251120144906_TOP.png,OK,0.5451264977455139,0.2244491726160049,0.5327787399291992,0.2339966297149658,20251120144906
20251120144941_TOP,conn5,20251120144941_TOP.png,PARTIAL OCCLUSION,0.5398926734924316,0.2583513855934143,0.5585330724716187,0.2677108943462372,20251120144941
20251120145019_TOP,conn5,20251120145019_TOP.png,OK,0.5229448676109314,0.234959527850151,0.4985488951206207,0.2388978451490402,20251120145019
20251120145056_TOP,conn5,20251120145056_TOP.png,OK,0.4755900800228119,0.2260479480028152,0.4631106555461883,0.2332132011651992,20251120145056
20251120145131_TOP,conn5,20251120145131_TOP.png,OK,0.5542262196540833,0.2301320880651474,0.5547491312026978,0.2474998831748962,20251120145131
20251120145207_TOP,conn5,20251120145207_TOP.png,OK,0.5425100922584534,0.225289449095726,0.5451622009277344,0.22614586353302,20251120145207
20251120145244_TOP,conn5,20251120145244_TOP.png,OK,0.5483021140098572,0.2327811419963836,0.5568126440048218,0.23072549700737,20251120145244
20251120145321_TOP,conn5,20251120145321_TOP.png,OK,0.544539749622345,0.228774607181549,0.53904789686203,0.2234134227037429,20251120145321
20251120145354_TOP,conn5,20251120145354_TOP.png,OK,0.5555888414382935,0.2373217046260833,0.577226459980011,0.2429390400648117,20251120145354
20251120145433_TOP,conn5,20251120145433_TOP.png,OK,0.524363100528717,0.2369929999113083,0.5392037630081177,0.2063077241182327,20251120145433
20251120145511_TOP,conn5,20251120145511_TOP.png,OK,0.5408762693405151,0.2279453575611114,0.5251508951187134,0.2457424104213714,20251120145511
20251120145545_TOP,conn5,20251120145545_TOP.png,OCCLUSION,0.4940361082553863,0.2662622332572937,0.5015451908111572,0.2677345871925354,20251120145545
20251120145621_TOP,conn5,20251120145621_TOP.png,OK,0.5408216714859009,0.2249933630228042,0.5026937127113342,0.2250835746526718,20251120145621
20251120145659_TOP,conn5,20251120145659_TOP.png,OK,0.5343964695930481,0.2353309392929077,0.5455173850059509,0.2391541451215744,20251120145659
20251120145736_TOP,conn5,20251120145736_TOP.png,PARTIAL OCCLUSION,0.5785925388336182,0.2369370013475418,0.5822502374649048,0.238308385014534,20251120145736
20251120145812_TOP,conn5,20251120145812_TOP.png,OK,0.5190394520759583,0.223206028342247,0.5225135684013367,0.2107094526290893,20251120145812
20251120145848_TOP,conn5,20251120145848_TOP.png,OK,0.5410836338996887,0.229439228773117,0.5234173536300659,0.2184414118528366,20251120145848
20251120145923_TOP,conn5,20251120145923_TOP.png,OK,0.5465093851089478,0.2275351583957672,0.5410515666007996,0.2259979993104934,20251120145923
20251120150000_TOP,conn5,20251120150000_TOP.png,OK,0.5451402068138123,0.2248985320329666,0.5615172386169434,0.1993502080440521,20251120150000
20251120150038_TOP,conn5,20251120150038_TOP.png,PARTIAL OCCLUSION,0.5247666239738464,0.2673820257186889,0.5564509034156799,0.262224793434143,20251120150038
20251120150113_TOP,conn5,20251120150113_TOP.png,OK,0.5511521100997925,0.2268749475479126,0.5447282791137695,0.2320513427257537,20251120150113
20251120150149_TOP,conn5,20251120150149_TOP.png,OK,0.5302180647850037,0.2246440351009369,0.4946535527706146,0.2216305434703827,20251120150149
20251120150225_TOP,conn5,20251120150225_TOP.png,OK,0.5224640965461731,0.2297859489917755,0.5357394814491272,0.2458305656909942,20251120150225
20251120150301_TOP,conn5,20251120150301_TOP.png,OK,0.5364839434623718,0.2270800918340683,0.5049595236778259,0.2296317964792251,20251120150301
20251120150338_TOP,conn5,20251120150338_TOP.png,OK,0.5290511846542358,0.2565567791461944,0.5691413879394531,0.2375651597976684,20251120150338
20251120150412_TOP,conn5,20251120150412_TOP.png,OK,0.5430315136909485,0.2447639852762222,0.5562019348144531,0.2522031664848327,20251120150412
20251120150450_TOP,conn5,20251120150450_TOP.png,OK,0.515842080116272,0.2553354799747467,0.5811161994934082,0.2312571257352829,20251120150450
20251120150526_TOP,conn5,20251120150526_TOP.png,OK,0.5486854910850525,0.2229129523038864,0.518967866897583,0.23169906437397,20251120150526
20251120150604_TOP,conn5,20251120150604_TOP.png,OK,0.5389038920402527,0.2420687675476074,0.5295096039772034,0.2543668150901794,20251120150604
20251120150639_TOP,conn5,20251120150639_TOP.png,OCCLUSION,0.467027872800827,0.2361170053482055,0.4279213845729828,0.2397422939538955,20251120150639
20251120150715_TOP,conn5,20251120150715_TOP.png,PARTIAL OCCLUSION,0.5347341895103455,0.2589597404003143,0.5672809481620789,0.248091459274292,20251120150715
20251120150752_TOP,conn5,20251120150752_TOP.png,OK,0.5284422039985657,0.2606343030929565,0.5465279221534729,0.2648352980613708,20251120150752
20251120150830_TOP,conn5,20251120150830_TOP.png,OK,0.4724298417568207,0.2492355704307556,0.4983415603637695,0.2382319420576095,20251120150830
20251120150904_TOP,conn5,20251120150904_TOP.png,OK,0.5337666273117065,0.2262258678674698,0.5279332995414734,0.2376863807439804,20251120150904
20251120150943_TOP,conn5,20251120150943_TOP.png,OK,0.5456457734107971,0.2287654429674148,0.5421153903007507,0.2301107197999954,20251120150943
20251120151019_TOP,conn5,20251120151019_TOP.png,OK,0.5342228412628174,0.2309149205684662,0.5546784996986389,0.2421838492155075,20251120151019
20251120151054_TOP,conn5,20251120151054_TOP.png,OK,0.5483098030090332,0.2324229478836059,0.5579284429550171,0.2300431132316589,20251120151054
20251120151130_TOP,conn5,20251120151130_TOP.png,OK,0.544243335723877,0.2240956723690033,0.5255669355392456,0.2358667850494384,20251120151130
20251120151209_TOP,conn5,20251120151209_TOP.png,OK,0.5342930555343628,0.2229102104902267,0.4737530350685119,0.2209634929895401,20251120151209
20251120151244_TOP,conn5,20251120151244_TOP.png,OK,0.5186890959739685,0.2519950568675995,0.5518885850906372,0.2534961700439453,20251120151244
20251120151319_TOP,conn5,20251120151319_TOP.png,OCCLUSION,0.3806627094745636,0.2954421937465668,0.3823700547218323,0.3039448261260986,20251120151319
20251118105546_TOP,conn6,20251118105546_TOP.png,OK,0.5570812225341797,0.2594756484031677,0.5927629470825195,0.2549331188201904,20251118105546
20251118105625_TOP,conn6,20251118105625_TOP.png,OK,0.5245493054389954,0.2730226516723633,0.5442748665809631,0.2886159718036651,20251118105625
20251118105700_TOP,conn6,20251118105700_TOP.png,PARTIAL OCCLUSION,0.4893320500850677,0.2834345698356628,0.4879662990570068,0.3020095229148865,20251118105700
20251118105736_TOP,conn6,20251118105736_TOP.png,PARTIAL OCCLUSION,0.5648747086524963,0.3063115775585174,0.5641857981681824,0.3001301288604736,20251118105736
20251118105811_TOP,conn6,20251118105811_TOP.png,OK,0.5702956914901733,0.3040177226066589,0.5722200870513916,0.2965860664844513,20251118105811
20251118105849_TOP,conn6,20251118105849_TOP.png,OK,0.5406966209411621,0.2937464416027069,0.5681915283203125,0.2734161913394928,20251118105849
20251118105924_TOP,conn6,20251118105924_TOP.png,OK,0.5690066814422607,0.3103558123111725,0.5914162993431091,0.3072478473186493,20251118105924
20251118110001_TOP,conn6,20251118110001_TOP.png,OK,0.5825902819633484,0.2964578866958618,0.6015281677246094,0.2854295670986175,20251118110001
20251118110038_TOP,conn6,20251118110038_TOP.png,OK,0.4857970774173736,0.2970812916755676,0.5401944518089294,0.3060105144977569,20251118110038
20251118110112_TOP,conn6,20251118110112_TOP.png,OK,0.5364087224006653,0.2746619284152984,0.5639588236808777,0.2626878917217254,20251118110112
20251118110150_TOP,conn6,20251118110150_TOP.png,OK,0.5341183543205261,0.2994121015071869,0.5188543200492859,0.2886967957019806,20251118110150
20251118110226_TOP,conn6,20251118110226_TOP.png,OK,0.5422229170799255,0.2977876365184784,0.5849830508232117,0.2891620397567749,20251118110226
20251118110304_TOP,conn6,20251118110304_TOP.png,OK,0.5654377937316895,0.2999462187290191,0.5630967617034912,0.2985239624977112,20251118110304
20251118110340_TOP,conn6,20251118110340_TOP.png,OK,0.5901471376419067,0.3045220375061035,0.6281250715255737,0.3005761504173279,20251118110340
20251118110416_TOP,conn6,20251118110416_TOP.png,OK,0.5405243039131165,0.299687772989273,0.5690552592277527,0.3106852173805237,20251118110416
20251118110451_TOP,conn6,20251118110451_TOP.png,OK,0.5441682934761047,0.3002899289131164,0.5845454335212708,0.3029360175132751,20251118110451
20251118110529_TOP,conn6,20251118110529_TOP.png,OK,0.4486407339572906,0.2746320068836212,0.4433171451091766,0.2650120556354522,20251118110529
20251118110605_TOP,conn6,20251118110605_TOP.png,OK,0.4866198301315307,0.292492926120758,0.4858823716640472,0.2452518194913864,20251118110605
20251118110642_TOP,conn6,20251118110642_TOP.png,OK,0.6285291910171509,0.2870390713214874,0.6614601016044617,0.2592382431030273,20251118110642
20251118110717_TOP,conn6,20251118110717_TOP.png,OK,0.4933598935604095,0.2837267518043518,0.4997310042381286,0.2914693653583526,20251118110717
20251118110755_TOP,conn6,20251118110755_TOP.png,OK,0.5595424771308899,0.3003416061401367,0.5650866627693176,0.3018119037151336,20251118110755
20251118110830_TOP,conn6,20251118110830_TOP.png,OK,0.6231148838996887,0.3084794580936432,0.652845561504364,0.295026570558548,20251118110830
20251118110907_TOP,conn6,20251118110907_TOP.png,OK,0.5941218733787537,0.3096445500850677,0.5820094347000122,0.3129653334617615,20251118110907
20251118110944_TOP,conn6,20251118110944_TOP.png,OK,0.5615144968032837,0.3083473742008209,0.5781040787696838,0.3131498992443084,20251118110944
20251118111019_TOP,conn6,20251118111019_TOP.png,PARTIAL OCCLUSION,0.5466293096542358,0.2972975373268127,0.6538324356079102,0.2775992453098297,20251118111019
20251118111057_TOP,conn6,20251118111057_TOP.png,OCCLUSION,0.4259739518165588,0.282594084739685,0.3598395586013794,0.2192475199699401,20251118111057
20251118111131_TOP,conn6,20251118111131_TOP.png,OK,0.4941131174564361,0.2973958849906921,0.5393518209457397,0.295837938785553,20251118111131
20251118111209_TOP,conn6,20251118111209_TOP.png,OK,0.4998923242092132,0.2944116294384002,0.5060606598854065,0.2947584092617035,20251118111209
20251118111246_TOP,conn6,20251118111246_TOP.png,OK,0.5676323771476746,0.3126403987407684,0.574908435344696,0.3059693574905395,20251118111246
20251118111323_TOP,conn6,20251118111323_TOP.png,OK,0.5324543118476868,0.2991161346435547,0.5487587451934814,0.3033574223518371,20251118111323
20251118111359_TOP,conn6,20251118111359_TOP.png,OCCLUSION,0.5376812815666199,0.2773751616477966,0.6323140859603882,0.2307821810245514,20251118111359
20251118111436_TOP,conn6,20251118111436_TOP.png,OCCLUSION,0.4698283970355987,0.2686982750892639,0.4361368119716644,0.2737043499946594,20251118111436
20251119082900_TOP,conn6,20251119082900_TOP.png,OCCLUSION,0.4207311868667602,0.2903717458248138,0.4046734869480133,0.2826067805290222,20251119082900
20251119082936_TOP,conn6,20251119082936_TOP.png,OK,0.6880595684051514,0.2727860510349273,0.6547026038169861,0.2843547761440277,20251119082936
20251119083012_TOP,conn6,20251119083012_TOP.png,OCCLUSION,0.5358613729476929,0.2898895740509033,0.3395090103149414,0.178750142455101,20251119083012
20251119083048_TOP,conn6,20251119083048_TOP.png,OK,0.5083523988723755,0.2819414138793945,0.5544952154159546,0.2787766456604004,20251119083048
20251119083124_TOP,conn6,20251119083124_TOP.png,OK,0.4644021689891815,0.293204516172409,0.4282434284687042,0.2845661640167236,20251119083124
20251119083201_TOP,conn6,20251119083201_TOP.png,OK,0.3995222151279449,0.2741914987564087,0.4232215583324432,0.2962565124034881,20251119083201
20251119083237_TOP,conn6,20251119083237_TOP.png,PARTIAL OCCLUSION,0.5383341908454895,0.273981899023056,0.35537189245224,0.201120913028717,20251119083237
20251119083314_TOP,conn6,20251119083314_TOP.png,OK,0.4860913753509521,0.2877688407897949,0.5694604516029358,0.280696839094162,20251119083314
20251119083351_TOP,conn6,20251119083351_TOP.png,OCCLUSION,0.4247478544712066,0.2739405632019043,0.4467460811138153,0.2754690051078796,20251119083351
20251119083425_TOP,conn6,20251119083425_TOP.png,OK,0.5565576553344727,0.2810633778572082,0.5746573209762573,0.274735152721405,20251119083425
20251119083503_TOP,conn6,20251119083503_TOP.png,OCCLUSION,0.5097168684005737,0.284913420677185,0.490327388048172,0.2780063152313232,20251119083503
20251119083538_TOP,conn6,20251119083538_TOP.png,KO,0.4947017133235931,0.2745290100574493,0.5952925086021423,0.3099988996982574,20251119083538
20251119083617_TOP,conn6,20251119083617_TOP.png,KO,0.5671783685684204,0.3147260248661041,0.668350338935852,0.2738352715969085,20251119083617
20251119083652_TOP,conn6,20251119083652_TOP.png,KO,0.5466960668563843,0.3113581836223602,0.6456247568130493,0.2756629288196563,20251119083652
20251119083728_TOP,conn6,20251119083728_TOP.png,OK,0.4925370812416076,0.316196084022522,0.5377848148345947,0.2892909646034241,20251119083728
20251119083803_TOP,conn6,20251119083803_TOP.png,OK,0.4798070788383484,0.2957714200019836,0.4325814247131347,0.2467212975025177,20251119083803
20251119083842_TOP,conn6,20251119083842_TOP.png,OK,0.5260315537452698,0.2957443594932556,0.5601604580879211,0.2921163737773895,20251119083842
20251119083918_TOP,conn6,20251119083918_TOP.png,OK,0.5440012216567993,0.2962444722652435,0.5550153851509094,0.2900584936141968,20251119083918
20251119083954_TOP,conn6,20251119083954_TOP.png,OK,0.5828943848609924,0.3068913519382477,0.6097487807273865,0.2989431619644165,20251119083954
20251119084031_TOP,conn6,20251119084031_TOP.png,OK,0.4659949243068695,0.284122496843338,0.4370961189270019,0.2890642285346985,20251119084031
20251119084105_TOP,conn6,20251119084105_TOP.png,OK,0.5791605114936829,0.3111346065998077,0.5860849618911743,0.3000812828540802,20251119084105
20251119084142_TOP,conn6,20251119084142_TOP.png,OK,0.5047464370727539,0.2976404130458832,0.5390893220901489,0.278236448764801,20251119084142
20251119084219_TOP,conn6,20251119084219_TOP.png,OK,0.5310741066932678,0.3074416220188141,0.4637141525745392,0.2338829636573791,20251119084219
20251119084256_TOP,conn6,20251119084256_TOP.png,OK,0.5499227046966553,0.3031449019908905,0.5747593641281128,0.2880715727806091,20251119084256
20251119084332_TOP,conn6,20251119084332_TOP.png,OK,0.5974928736686707,0.2740634679794311,0.6612769961357117,0.2382815182209015,20251119084332
20251119084409_TOP,conn6,20251119084409_TOP.png,OK,0.474333643913269,0.2782167494297027,0.4513304531574249,0.3026205003261566,20251119084409
20251119084443_TOP,conn6,20251119084443_TOP.png,OCCLUSION,0.5113264322280884,0.2709536552429199,0.4284735023975372,0.2729530930519104,20251119084443
20251119084522_TOP,conn6,20251119084522_TOP.png,OK,0.5832609534263611,0.3103160262107849,0.6063182950019836,0.2961785197257995,20251119084522
20251119084557_TOP,conn6,20251119084557_TOP.png,OK,0.5268781185150146,0.283420979976654,0.5245130062103271,0.2695688605308532,20251119084557
20251119084633_TOP,conn6,20251119084633_TOP.png,OCCLUSION,0.4704124331474304,0.3190070688724518,0.54628586769104,0.3242958188056946,20251119084633
20251119084710_TOP,conn6,20251119084710_TOP.png,OK,0.5310534834861755,0.2840664684772491,0.5479549765586853,0.2866354584693908,20251119084710
20251119084747_TOP,conn6,20251119084747_TOP.png,OK,0.4865450263023376,0.2864775359630584,0.4828618466854095,0.2736790478229522,20251119084747
20251119084824_TOP,conn6,20251119084824_TOP.png,OK,0.450945109128952,0.2917640805244446,0.4689029455184936,0.2722239792346954,20251119084824
20251119084900_TOP,conn6,20251119084900_TOP.png,OK,0.4726175665855407,0.2958051860332489,0.4837530553340912,0.2864149510860443,20251119084900
20251119084935_TOP,conn6,20251119084935_TOP.png,OK,0.5541428327560425,0.2810727655887604,0.5155388712882996,0.2470665723085403,20251119084935
20251119085012_TOP,conn6,20251119085012_TOP.png,OK,0.5519673824310303,0.3042320013046264,0.66592937707901,0.2361229509115219,20251119085012
20251119085050_TOP,conn6,20251119085050_TOP.png,OK,0.5624826550483704,0.2847316861152649,0.5778610110282898,0.2646283507347107,20251119085050
20251119085124_TOP,conn6,20251119085124_TOP.png,OK,0.5347450375556946,0.3018995821475982,0.5131696462631226,0.3039795160293579,20251119085124
20251119085200_TOP,conn6,20251119085200_TOP.png,OCCLUSION,0.3740414679050445,0.2834605276584625,0.3843591213226318,0.2783009111881256,20251119085200
20251119085236_TOP,conn6,20251119085236_TOP.png,PARTIAL OCCLUSION,0.5216571092605591,0.2811042368412018,0.4967655539512634,0.2369246482849121,20251119085236
20251119085312_TOP,conn6,20251119085312_TOP.png,PARTIAL OCCLUSION,0.5548068881034851,0.2849940955638885,0.6749587059020996,0.2402068227529525,20251119085312
20251119085350_TOP,conn6,20251119085350_TOP.png,OK,0.609623908996582,0.3038707077503204,0.635407567024231,0.3118779361248016,20251119085350
20251119085424_TOP,conn6,20251119085424_TOP.png,OK,0.6323001384735107,0.2711746990680694,0.6546151041984558,0.2823819518089294,20251119085424
20251119085502_TOP,conn6,20251119085502_TOP.png,OK,0.5409961342811584,0.3047902286052704,0.5979371070861816,0.3006454110145569,20251119085502
20251119085538_TOP,conn6,20251119085538_TOP.png,OK,0.6541596055030823,0.2988406121730804,0.6775935888290405,0.300909548997879,20251119085538
20251119085613_TOP,conn6,20251119085613_TOP.png,OK,0.5194817185401917,0.2938375771045685,0.5298833250999451,0.2700791656970978,20251119085613
20251119085652_TOP,conn6,20251119085652_TOP.png,OK,0.5388627052307129,0.2965542078018188,0.5572403073310852,0.2855105102062225,20251119085652
20251119085727_TOP,conn6,20251119085727_TOP.png,OK,0.6042004823684692,0.2840870916843414,0.5640998482704163,0.278072714805603,20251119085727
20251120141147_TOP,conn6,20251120141147_TOP.png,OK,0.5068320035934448,0.2975212931632995,0.5436120629310608,0.2976179122924804,20251120141147
20251120141222_TOP,conn6,20251120141222_TOP.png,OK,0.4852657914161682,0.267813503742218,0.4146702587604522,0.2432454824447631,20251120141222
20251120141259_TOP,conn6,20251120141259_TOP.png,OK,0.5143378973007202,0.2976193130016327,0.5645260810852051,0.3074834048748016,20251120141259
20251120141335_TOP,conn6,20251120141335_TOP.png,OK,0.4920873343944549,0.2978625297546386,0.5744595527648926,0.3048908114433288,20251120141335
20251120141413_TOP,conn6,20251120141413_TOP.png,OK,0.5568341016769409,0.3069076836109161,0.4855939447879791,0.2775645852088928,20251120141413
20251120141448_TOP,conn6,20251120141448_TOP.png,OK,0.5212424993515015,0.3086542785167694,0.5645568370819092,0.2850251495838165,20251120141448
20251120141522_TOP,conn6,20251120141522_TOP.png,PARTIAL OCCLUSION,0.5394285321235657,0.2840770184993744,0.5308815836906433,0.2639098465442657,20251120141522
20251120141602_TOP,conn6,20251120141602_TOP.png,OK,0.4865223169326782,0.3292067348957062,0.507472038269043,0.3194741904735565,20251120141602
20251120141637_TOP,conn6,20251120141637_TOP.png,OCCLUSION,0.5281185507774353,0.2892073094844818,0.5224712491035461,0.2636691927909851,20251120141637
20251120141713_TOP,conn6,20251120141713_TOP.png,OCCLUSION,0.5164884328842163,0.2949531972408294,0.5065969824790955,0.2778322994709015,20251120141713
20251120141750_TOP,conn6,20251120141750_TOP.png,OK,0.5420205593109131,0.3008553087711334,0.5474185943603516,0.3014843463897705,20251120141750
20251120142801_TOP,conn6,20251120142801_TOP.png,OK,0.5253539085388184,0.2845478653907776,0.4521179795265198,0.239248588681221,20251120142801
20251120142838_TOP,conn6,20251120142838_TOP.png,OCCLUSION,0.6015483736991882,0.2853742837905884,0.7327061891555786,0.195513054728508,20251120142838
20251120142913_TOP,conn6,20251120142913_TOP.png,OK,0.5927727222442627,0.3082968890666961,0.6250202655792236,0.3033539652824402,20251120142913
20251120142950_TOP,conn6,20251120142950_TOP.png,OK,0.6081860065460205,0.3010859191417694,0.5730416774749756,0.2988498508930206,20251120142950
20251120143927_TOP,conn6,20251120143927_TOP.png,OK,0.5977627635002136,0.2863666415214538,0.502082347869873,0.2790271043777466,20251120143927
20251120144004_TOP,conn6,20251120144004_TOP.png,OK,0.6143329739570618,0.2960052788257599,0.4812461733818054,0.2734261751174927,20251120144004
20251120144040_TOP,conn6,20251120144040_TOP.png,OK,0.5214784741401672,0.3007165789604187,0.548554539680481,0.2850856781005859,20251120144040
20251120144114_TOP,conn6,20251120144114_TOP.png,PARTIAL OCCLUSION,0.5750882625579834,0.2760248184204101,0.6614000797271729,0.2324882447719574,20251120144114
20251120144153_TOP,conn6,20251120144153_TOP.png,OCCLUSION,0.4753769636154175,0.3190663158893585,0.482592761516571,0.2981320321559906,20251120144153
20251120144228_TOP,conn6,20251120144228_TOP.png,OK,0.5276918411254883,0.2996653318405151,0.5346540212631226,0.293550431728363,20251120144228
20251120144300_TOP,conn6,20251120144300_TOP.png,OK,0.4655503332614898,0.2843769490718841,0.4703451991081238,0.267953485250473,20251120144300
20251120144337_TOP,conn6,20251120144337_TOP.png,OCCLUSION,0.5075268149375916,0.3088186681270599,0.5784670114517212,0.2562242448329925,20251120144337
20251120144413_TOP,conn6,20251120144413_TOP.png,OK,0.5564684867858887,0.2741332352161407,0.5683600902557373,0.2704613506793976,20251120144413
20251120144451_TOP,conn6,20251120144451_TOP.png,OK,0.5501258373260498,0.280895322561264,0.5503937602043152,0.2638629376888275,20251120144451
20251120144526_TOP,conn6,20251120144526_TOP.png,OK,0.5655877590179443,0.3005715608596802,0.5411100387573242,0.298425018787384,20251120144526
20251120144603_TOP,conn6,20251120144603_TOP.png,OK,0.5990486741065979,0.3155865371227264,0.6054999232292175,0.3150918185710907,20251120144603
20251120144639_TOP,conn6,20251120144639_TOP.png,OK,0.6028803586959839,0.3024400770664215,0.7570928931236267,0.208213061094284,20251120144639
20251120144717_TOP,conn6,20251120144717_TOP.png,OK,0.566351056098938,0.3030224144458771,0.6008248329162598,0.2785779237747192,20251120144717
20251120144751_TOP,conn6,20251120144751_TOP.png,PARTIAL OCCLUSION,0.421314924955368,0.2575463354587555,0.4676146507263183,0.2753782868385315,20251120144751
20251120144830_TOP,conn6,20251120144830_TOP.png,OK,0.5036517381668091,0.3049421608448028,0.4423302412033081,0.2427962273359298,20251120144830
20251120144906_TOP,conn6,20251120144906_TOP.png,OK,0.495059609413147,0.3055406510829925,0.4885189235210418,0.2923473417758941,20251120144906
20251120144941_TOP,conn6,20251120144941_TOP.png,OCCLUSION,0.451354056596756,0.2898285388946533,0.4608069956302643,0.3239339590072632,20251120144941
20251120145019_TOP,conn6,20251120145019_TOP.png,OK,0.5308293700218201,0.2956578731536865,0.4750445783138275,0.2700875997543335,20251120145019
20251120145056_TOP,conn6,20251120145056_TOP.png,OK,0.4971863627433777,0.3007415533065796,0.4695625305175781,0.2570604085922241,20251120145056
20251120145131_TOP,conn6,20251120145131_TOP.png,OK,0.5386047959327698,0.2721268534660339,0.4955988228321075,0.2645993530750274,20251120145131
20251120145207_TOP,conn6,20251120145207_TOP.png,OK,0.5917074084281921,0.2994861602783203,0.5733560919761658,0.2922196984291076,20251120145207
20251120145244_TOP,conn6,20251120145244_TOP.png,OCCLUSION,0.6163581013679504,0.2884924113750458,0.6462275385856628,0.2772915661334991,20251120145244
20251120145321_TOP,conn6,20251120145321_TOP.png,PARTIAL OCCLUSION,0.561797559261322,0.2811814844608307,0.6583649516105652,0.2415749877691269,20251120145321
20251120145354_TOP,conn6,20251120145354_TOP.png,OK,0.6027412414550781,0.294820100069046,0.6267784833908081,0.2888064384460449,20251120145354
20251120145433_TOP,conn6,20251120145433_TOP.png,OK,0.594443678855896,0.3147662878036499,0.6239556074142456,0.3006429672241211,20251120145433
20251120145511_TOP,conn6,20251120145511_TOP.png,OK,0.5921568870544434,0.281453788280487,0.5485432147979736,0.2943775057792663,20251120145511
20251120145545_TOP,conn6,20251120145545_TOP.png,OK,0.5727818608283997,0.3148103654384613,0.6602608561515808,0.2517763674259186,20251120145545
20251120145621_TOP,conn6,20251120145621_TOP.png,OK,0.4814103245735168,0.2892720997333526,0.4828148186206817,0.2769576907157898,20251120145621
20251120145659_TOP,conn6,20251120145659_TOP.png,OK,0.5154510736465454,0.3097923994064331,0.5954999327659607,0.3151799440383911,20251120145659
20251120145736_TOP,conn6,20251120145736_TOP.png,OK,0.5453884601593018,0.2894876599311828,0.5316058993339539,0.3031159341335296,20251120145736
20251120145812_TOP,conn6,20251120145812_TOP.png,OK,0.4622879326343536,0.273963987827301,0.5005882382392883,0.2737189531326294,20251120145812
20251120145848_TOP,conn6,20251120145848_TOP.png,OK,0.5557066202163696,0.2932649850845337,0.5643478035926819,0.2992717027664184,20251120145848
20251120145923_TOP,conn6,20251120145923_TOP.png,OK,0.5351861715316772,0.2966976463794708,0.5330707430839539,0.2942111790180206,20251120145923
20251120150000_TOP,conn6,20251120150000_TOP.png,OK,0.6252658367156982,0.2872468531131744,0.5992513298988342,0.3055569231510162,20251120150000
20251120150038_TOP,conn6,20251120150038_TOP.png,OK,0.5027074217796326,0.3124602138996124,0.4593015611171722,0.317529946565628,20251120150038
20251120150113_TOP,conn6,20251120150113_TOP.png,OK,0.5651645064353943,0.2872131168842315,0.5374947786331177,0.2967097461223602,20251120150113
20251120150149_TOP,conn6,20251120150149_TOP.png,OK,0.5167345404624939,0.2986240684986114,0.5193679928779602,0.2940212488174438,20251120150149
20251120150225_TOP,conn6,20251120150225_TOP.png,OK,0.5057209134101868,0.2883186340332031,0.4729979336261749,0.2894969582557678,20251120150225
20251120150301_TOP,conn6,20251120150301_TOP.png,OK,0.5463535785675049,0.3023423552513122,0.5415005683898926,0.2997597157955169,20251120150301
20251120150338_TOP,conn6,20251120150338_TOP.png,OK,0.4873608350753784,0.3031743466854095,0.5126380920410156,0.2824066579341888,20251120150338
20251120150412_TOP,conn6,20251120150412_TOP.png,OK,0.4584135413169861,0.2721514999866485,0.4393777549266815,0.2630951702594757,20251120150412
20251120150450_TOP,conn6,20251120150450_TOP.png,OK,0.4913673400878906,0.2914652228355407,0.5217241644859314,0.2564873695373535,20251120150450
20251120150526_TOP,conn6,20251120150526_TOP.png,OK,0.5624903440475464,0.3122653067111969,0.5818765163421631,0.3060191571712494,20251120150526
20251120150604_TOP,conn6,20251120150604_TOP.png,OK,0.4555129110813141,0.263719230890274,0.4200551509857178,0.2319769561290741,20251120150604
20251120150639_TOP,conn6,20251120150639_TOP.png,OCCLUSION,0.5166135430335999,0.2831632196903229,0.5039183497428894,0.2688096761703491,20251120150639
20251120150715_TOP,conn6,20251120150715_TOP.png,OK,0.5608423948287964,0.2994429171085357,0.5553961992263794,0.3041989505290985,20251120150715
20251120150752_TOP,conn6,20251120150752_TOP.png,OK,0.561470091342926,0.3003275394439697,0.6044660806655884,0.2478811889886856,20251120150752
20251120150830_TOP,conn6,20251120150830_TOP.png,OK,0.5404582619667053,0.293618381023407,0.6113272309303284,0.2716156840324402,20251120150830
20251120150904_TOP,conn6,20251120150904_TOP.png,OK,0.5927828550338745,0.2907010018825531,0.6712964177131653,0.2766734361648559,20251120150904
20251120150943_TOP,conn6,20251120150943_TOP.png,OCCLUSION,0.5695291757583618,0.2884478271007538,0.7178317904472351,0.2205854654312133,20251120150943
20251120151019_TOP,conn6,20251120151019_TOP.png,OCCLUSION,0.5385774374008179,0.2874836027622223,0.5778204202651978,0.292717844247818,20251120151019
20251120151054_TOP,conn6,20251120151054_TOP.png,OK,0.5420852303504944,0.317777007818222,0.6177993416786194,0.2600142657756805,20251120151054
20251120151130_TOP,conn6,20251120151130_TOP.png,OK,0.5661102533340454,0.3046352863311767,0.5615556836128235,0.285999059677124,20251120151130
20251120151209_TOP,conn6,20251120151209_TOP.png,OK,0.5320677161216736,0.2940536737442016,0.6200631856918335,0.2525270581245422,20251120151209
20251120151244_TOP,conn6,20251120151244_TOP.png,OK,0.4538153409957886,0.3066384196281433,0.4384167790412903,0.320655882358551,20251120151244
20251120151319_TOP,conn6,20251120151319_TOP.png,OCCLUSION,0.3132945597171783,0.2866347730159759,0.2797585725784302,0.2564443349838257,20251120151319
20251118105546_TOP,conn7,20251118105546_TOP.png,OK,0.353080004453659,0.2397211790084839,0.3941935896873474,0.2344117909669876,20251118105546
20251118105625_TOP,conn7,20251118105625_TOP.png,PARTIAL OCCLUSION,0.3792260885238647,0.2626390755176544,0.4195954799652099,0.2496521919965744,20251118105625
20251118105700_TOP,conn7,20251118105700_TOP.png,PARTIAL OCCLUSION,0.3960817456245422,0.2632127404212951,0.5009358525276184,0.2574517130851745,20251118105700
20251118105736_TOP,conn7,20251118105736_TOP.png,OK,0.3562490940093994,0.2299791127443313,0.4048500061035156,0.2095261663198471,20251118105736
20251118105811_TOP,conn7,20251118105811_TOP.png,PARTIAL OCCLUSION,0.4408460557460785,0.2819981575012207,0.4281120300292969,0.284786581993103,20251118105811
20251118105849_TOP,conn7,20251118105849_TOP.png,OK,0.3849437534809112,0.2505401074886322,0.4531054198741913,0.2407290488481521,20251118105849
20251118105924_TOP,conn7,20251118105924_TOP.png,OK,0.4020105004310608,0.259067177772522,0.3960190713405609,0.2564432024955749,20251118105924
20251118110001_TOP,conn7,20251118110001_TOP.png,OK,0.3771370947360992,0.2539796233177185,0.4247862994670868,0.2578329443931579,20251118110001
20251118110038_TOP,conn7,20251118110038_TOP.png,OK,0.3822187483310699,0.2579992115497589,0.5225737690925598,0.2382494956254959,20251118110038
20251118110112_TOP,conn7,20251118110112_TOP.png,OK,0.3936507403850555,0.2687128484249115,0.452990710735321,0.2574203908443451,20251118110112
20251118110150_TOP,conn7,20251118110150_TOP.png,OCCLUSION,0.469811350107193,0.2706363499164581,0.4594482481479645,0.25428107380867,20251118110150
20251118110226_TOP,conn7,20251118110226_TOP.png,OK,0.3696714043617248,0.242190882563591,0.4351637661457062,0.230214849114418,20251118110226
20251118110304_TOP,conn7,20251118110304_TOP.png,OK,0.4166691601276397,0.2689294517040252,0.4402348697185516,0.2759427428245544,20251118110304
20251118110340_TOP,conn7,20251118110340_TOP.png,OK,0.3720612823963165,0.2504058480262756,0.4123556017875671,0.2491390854120254,20251118110340
20251118110416_TOP,conn7,20251118110416_TOP.png,OK,0.4388661086559295,0.2793735563755035,0.4079034030437469,0.2811756730079651,20251118110416
20251118110451_TOP,conn7,20251118110451_TOP.png,OK,0.3845075070858001,0.2601419687271118,0.3965257406234741,0.2495304197072982,20251118110451
20251118110529_TOP,conn7,20251118110529_TOP.png,OK,0.3648965358734131,0.2572634220123291,0.3820723593235016,0.241849198937416,20251118110529
20251118110605_TOP,conn7,20251118110605_TOP.png,OK,0.3800779283046722,0.2507319152355194,0.4959876537322998,0.2241348624229431,20251118110605
20251118110642_TOP,conn7,20251118110642_TOP.png,OK,0.3800576031208038,0.2567546665668487,0.3814394176006317,0.2364027351140976,20251118110642
20251118110717_TOP,conn7,20251118110717_TOP.png,OK,0.3857133388519287,0.2537297904491424,0.4237687587738037,0.2353478074073791,20251118110717
20251118110755_TOP,conn7,20251118110755_TOP.png,PARTIAL OCCLUSION,0.4023854732513428,0.2666999101638794,0.483452171087265,0.2501277029514313,20251118110755
20251118110830_TOP,conn7,20251118110830_TOP.png,OK,0.3743221461772918,0.2573217749595642,0.4802972674369812,0.2176366597414016,20251118110830
20251118110907_TOP,conn7,20251118110907_TOP.png,OK,0.3819776177406311,0.2629067301750183,0.4286278188228607,0.254365473985672,20251118110907
20251118110944_TOP,conn7,20251118110944_TOP.png,OK,0.4569062888622284,0.2694031894207001,0.4618018567562103,0.2437918931245803,20251118110944
20251118111019_TOP,conn7,20251118111019_TOP.png,OK,0.3856767117977142,0.2566462159156799,0.4933221340179443,0.2633815705776214,20251118111019
20251118111057_TOP,conn7,20251118111057_TOP.png,OK,0.3599433898925781,0.2529747486114502,0.3664207458496094,0.2461845278739929,20251118111057
20251118111131_TOP,conn7,20251118111131_TOP.png,OK,0.3757247626781463,0.2585889399051666,0.4972907304763794,0.2505846321582794,20251118111131
20251118111209_TOP,conn7,20251118111209_TOP.png,OCCLUSION,0.3954192399978637,0.2556444406509399,0.4186910092830658,0.247109368443489,20251118111209
20251118111246_TOP,conn7,20251118111246_TOP.png,OK,0.376979261636734,0.2566872239112854,0.3902018666267395,0.2589786052703857,20251118111246
20251118111323_TOP,conn7,20251118111323_TOP.png,OK,0.4002372026443481,0.2719273269176483,0.422786682844162,0.2722264528274536,20251118111323
20251118111359_TOP,conn7,20251118111359_TOP.png,OK,0.3632749319076538,0.2506486177444458,0.3761768341064453,0.2424104660749435,20251118111359
20251118111436_TOP,conn7,20251118111436_TOP.png,OK,0.3553056716918945,0.252759039402008,0.3954479694366455,0.2436379790306091,20251118111436
20251119082900_TOP,conn7,20251119082900_TOP.png,OK,0.3829832673072815,0.2582503855228424,0.4239907264709472,0.2394142299890518,20251119082900
20251119082936_TOP,conn7,20251119082936_TOP.png,OK,0.3615761995315552,0.2453921288251876,0.4874669909477234,0.2445781826972961,20251119082936
20251119083012_TOP,conn7,20251119083012_TOP.png,OCCLUSION,0.3631803393363952,0.2513172924518585,0.4463862776756286,0.2499233931303024,20251119083012
20251119083048_TOP,conn7,20251119083048_TOP.png,OK,0.3700231611728668,0.2467951029539108,0.4256420731544494,0.2299878597259521,20251119083048
20251119083124_TOP,conn7,20251119083124_TOP.png,OK,0.3594287931919098,0.2511793673038482,0.3797831535339355,0.225704088807106,20251119083124
20251119083201_TOP,conn7,20251119083201_TOP.png,OK,0.3658128678798675,0.2587954401969909,0.4368348717689514,0.2451312988996505,20251119083201
20251119083237_TOP,conn7,20251119083237_TOP.png,OK,0.3312826454639435,0.2347763031721115,0.3916171491146087,0.2426776140928268,20251119083237
20251119083314_TOP,conn7,20251119083314_TOP.png,OK,0.3728716969490051,0.2540335655212402,0.4654189050197601,0.2350405901670456,20251119083314
20251119083351_TOP,conn7,20251119083351_TOP.png,OK,0.3597428500652313,0.2591947615146637,0.4015358090400696,0.2424142658710479,20251119083351
20251119083425_TOP,conn7,20251119083425_TOP.png,OK,0.3898912072181701,0.260226160287857,0.4646357893943786,0.2141614854335785,20251119083425
20251119083503_TOP,conn7,20251119083503_TOP.png,OK,0.3797489404678345,0.2613306939601898,0.4411773085594177,0.2482968866825103,20251119083503
20251119083538_TOP,conn7,20251119083538_TOP.png,KO,0.383899450302124,0.2435074895620346,0.5196111798286438,0.2288470566272735,20251119083538
20251119083617_TOP,conn7,20251119083617_TOP.png,KO,0.3797240257263183,0.2423310875892639,0.5190722942352295,0.2377206236124038,20251119083617
20251119083652_TOP,conn7,20251119083652_TOP.png,KO,0.3707306683063507,0.2371792644262313,0.5088614821434021,0.2351812124252319,20251119083652
20251119083728_TOP,conn7,20251119083728_TOP.png,OK,0.3669921457767486,0.2501155138015747,0.4028388559818268,0.2478653043508529,20251119083728
20251119083803_TOP,conn7,20251119083803_TOP.png,OK,0.3789042234420776,0.2544192969799042,0.4611788094043731,0.2060669362545013,20251119083803
20251119083842_TOP,conn7,20251119083842_TOP.png,OK,0.3985175192356109,0.264941543340683,0.3886314034461975,0.2248072624206543,20251119083842
20251119083918_TOP,conn7,20251119083918_TOP.png,OCCLUSION,0.3801619410514831,0.2525276839733124,0.3821664452552795,0.2420584857463836,20251119083918
20251119083954_TOP,conn7,20251119083954_TOP.png,OK,0.3933458924293518,0.2607726752758026,0.4986119270324707,0.2439186722040176,20251119083954
20251119084031_TOP,conn7,20251119084031_TOP.png,PARTIAL OCCLUSION,0.3993414342403412,0.2718217074871063,0.323808342218399,0.2192472517490387,20251119084031
20251119084105_TOP,conn7,20251119084105_TOP.png,PARTIAL OCCLUSION,0.4652125835418701,0.2618035674095154,0.4452993869781494,0.2625366151332855,20251119084105
20251119084142_TOP,conn7,20251119084142_TOP.png,OK,0.3689260482788086,0.2485328316688537,0.4799671769142151,0.2339413613080978,20251119084142
20251119084219_TOP,conn7,20251119084219_TOP.png,OK,0.407841682434082,0.2582819163799286,0.403986781835556,0.2182321399450302,20251119084219
20251119084256_TOP,conn7,20251119084256_TOP.png,OK,0.3698093891143799,0.2485368549823761,0.4055176079273224,0.246031254529953,20251119084256
20251119084332_TOP,conn7,20251119084332_TOP.png,OK,0.3650689721107483,0.2552361190319061,0.3976794183254242,0.2404505610466003,20251119084332
20251119084409_TOP,conn7,20251119084409_TOP.png,OK,0.3843305706977844,0.2648733258247375,0.4220852255821228,0.2461666166782379,20251119084409
20251119084443_TOP,conn7,20251119084443_TOP.png,OK,0.3844583630561828,0.2623152136802673,0.4332607388496399,0.2382214069366455,20251119084443
20251119084522_TOP,conn7,20251119084522_TOP.png,OCCLUSION,0.4380218982696533,0.2761595547199249,0.4799473881721496,0.2626956105232239,20251119084522
20251119084557_TOP,conn7,20251119084557_TOP.png,OK,0.3816335201263428,0.2578965127468109,0.4405253529548645,0.2295595556497573,20251119084557
20251119084633_TOP,conn7,20251119084633_TOP.png,OK,0.3810680508613586,0.2506490647792816,0.4318718314170837,0.2555175125598907,20251119084633
20251119084710_TOP,conn7,20251119084710_TOP.png,OK,0.3463984727859497,0.2424752712249755,0.3896192610263824,0.2223842591047287,20251119084710
20251119084747_TOP,conn7,20251119084747_TOP.png,OK,0.3726650476455688,0.2481190860271453,0.4331270456314087,0.2273656129837036,20251119084747
20251119084824_TOP,conn7,20251119084824_TOP.png,OK,0.3801177144050598,0.2592101395130157,0.4400747716426849,0.264081209897995,20251119084824
20251119084900_TOP,conn7,20251119084900_TOP.png,OK,0.3865488469600677,0.2515476942062378,0.4596933722496032,0.2422309070825576,20251119084900
20251119084935_TOP,conn7,20251119084935_TOP.png,OK,0.348899632692337,0.2448478788137436,0.4598996341228485,0.243649736046791,20251119084935
20251119085012_TOP,conn7,20251119085012_TOP.png,OCCLUSION,0.3504839241504669,0.2442863434553146,0.4196804463863373,0.248814582824707,20251119085012
20251119085050_TOP,conn7,20251119085050_TOP.png,OK,0.3543040156364441,0.2394859343767166,0.3822753727436065,0.2297367006540298,20251119085050
20251119085124_TOP,conn7,20251119085124_TOP.png,OK,0.387028157711029,0.2740065455436706,0.4292929470539093,0.2495364397764206,20251119085124
20251119085200_TOP,conn7,20251119085200_TOP.png,OK,0.3705544173717499,0.2603494524955749,0.4235327243804931,0.2257394939661026,20251119085200
20251119085236_TOP,conn7,20251119085236_TOP.png,OK,0.3677637875080108,0.255506694316864,0.5016124844551086,0.2523785531520843,20251119085236
20251119085312_TOP,conn7,20251119085312_TOP.png,OK,0.335117369890213,0.2360177189111709,0.3780047297477722,0.2205135971307754,20251119085312
20251119085350_TOP,conn7,20251119085350_TOP.png,OCCLUSION,0.4343388378620147,0.2727732062339782,0.4646489322185516,0.2664964199066162,20251119085350
20251119085424_TOP,conn7,20251119085424_TOP.png,OK,0.3767546415328979,0.2648819983005523,0.3581831753253937,0.223023846745491,20251119085424
20251119085502_TOP,conn7,20251119085502_TOP.png,OK,0.3676223158836365,0.2501180768013,0.3854624927043915,0.2348836362361908,20251119085502
20251119085538_TOP,conn7,20251119085538_TOP.png,OK,0.3517176508903503,0.2353700399398803,0.4188824892044067,0.2329716831445694,20251119085538
20251119085613_TOP,conn7,20251119085613_TOP.png,OK,0.3607490062713623,0.2471792846918106,0.4672484695911407,0.2545638680458069,20251119085613
20251119085652_TOP,conn7,20251119085652_TOP.png,OK,0.4403201937675476,0.2839378714561462,0.4806265234947204,0.2759620547294616,20251119085652
20251119085727_TOP,conn7,20251119085727_TOP.png,OK,0.3345575034618377,0.2374692410230636,0.3970258235931396,0.2233537137508392,20251119085727
20251120141147_TOP,conn7,20251120141147_TOP.png,OCCLUSION,0.3810416162014007,0.2625067830085754,0.4320996105670929,0.2545058727264404,20251120141147
20251120141222_TOP,conn7,20251120141222_TOP.png,OK,0.3603238463401794,0.2523618936538696,0.3762131333351135,0.2363241016864776,20251120141222
20251120141259_TOP,conn7,20251120141259_TOP.png,OK,0.4349054396152496,0.2617453336715698,0.4278182089328766,0.2561262845993042,20251120141259
20251120141335_TOP,conn7,20251120141335_TOP.png,OK,0.3642434179782867,0.2514209151268005,0.4595745503902435,0.2423069179058075,20251120141335
20251120141413_TOP,conn7,20251120141413_TOP.png,OK,0.3472563624382019,0.2307054698467254,0.3964827954769134,0.2208499461412429,20251120141413
20251120141448_TOP,conn7,20251120141448_TOP.png,OK,0.3624508380889892,0.240849494934082,0.4441217482089996,0.2175672203302383,20251120141448
20251120141522_TOP,conn7,20251120141522_TOP.png,OK,0.3653989434242248,0.2480869740247726,0.4163316488265991,0.225993663072586,20251120141522
20251120141602_TOP,conn7,20251120141602_TOP.png,OK,0.382609099149704,0.2569980025291443,0.4270128011703491,0.241229772567749,20251120141602
20251120141637_TOP,conn7,20251120141637_TOP.png,OK,0.3356496691703796,0.2269235104322433,0.3936645984649658,0.2340623885393142,20251120141637
20251120141713_TOP,conn7,20251120141713_TOP.png,OK,0.3618990480899811,0.2453198581933975,0.4423029720783233,0.2274916917085647,20251120141713
20251120141750_TOP,conn7,20251120141750_TOP.png,OCCLUSION,0.437859296798706,0.2724829018115997,0.4336626529693603,0.2699271142482757,20251120141750
20251120142801_TOP,conn7,20251120142801_TOP.png,OCCLUSION,0.3483351469039917,0.2456854879856109,0.4947588741779327,0.2637893557548523,20251120142801
20251120142838_TOP,conn7,20251120142838_TOP.png,OK,0.3410142362117767,0.2390829473733902,0.3764549195766449,0.2313701957464218,20251120142838
20251120142913_TOP,conn7,20251120142913_TOP.png,OK,0.3977949619293213,0.2610080540180206,0.4564839899539947,0.2713974714279175,20251120142913
20251120142950_TOP,conn7,20251120142950_TOP.png,PARTIAL OCCLUSION,0.3793479204177856,0.2528659403324127,0.460954338312149,0.2426825165748596,20251120142950
20251120143927_TOP,conn7,20251120143927_TOP.png,OCCLUSION,0.348955750465393,0.2467943876981735,0.4021052122116089,0.2565047740936279,20251120143927
20251120144004_TOP,conn7,20251120144004_TOP.png,OK,0.3651936054229736,0.2531702220439911,0.4983552992343902,0.2537058591842651,20251120144004
20251120144040_TOP,conn7,20251120144040_TOP.png,OK,0.3623133599758148,0.2492790967226028,0.4819692075252533,0.2533169984817505,20251120144040
20251120144114_TOP,conn7,20251120144114_TOP.png,OK,0.3774875998497009,0.2518001198768616,0.3894269466400146,0.2536483705043793,20251120144114
20251120144153_TOP,conn7,20251120144153_TOP.png,OK,0.3718945980072021,0.2582255899906158,0.4297972023487091,0.2433737963438034,20251120144153
20251120144228_TOP,conn7,20251120144228_TOP.png,OCCLUSION,0.4026262760162353,0.2612428665161133,0.4686646163463592,0.2834107577800751,20251120144228
20251120144300_TOP,conn7,20251120144300_TOP.png,OK,0.3708310425281524,0.2599779665470123,0.4274575710296631,0.2538891732692718,20251120144300
20251120144337_TOP,conn7,20251120144337_TOP.png,OK,0.3371649384498596,0.2321552485227584,0.4263443350791931,0.2349797189235687,20251120144337
20251120144413_TOP,conn7,20251120144413_TOP.png,OK,0.3631438910961151,0.2575428485870361,0.4826352000236511,0.2551969885826111,20251120144413
20251120144451_TOP,conn7,20251120144451_TOP.png,OK,0.3743085861206054,0.2533814311027527,0.4927849173545837,0.2341732382774353,20251120144451
20251120144526_TOP,conn7,20251120144526_TOP.png,PARTIAL OCCLUSION,0.4317556321620941,0.2755062580108642,0.4518857002258301,0.2590762972831726,20251120144526
20251120144603_TOP,conn7,20251120144603_TOP.png,OK,0.3490764200687408,0.2325782030820846,0.3841090798377991,0.2213559448719024,20251120144603
20251120144639_TOP,conn7,20251120144639_TOP.png,OK,0.3777723610401153,0.2511660456657409,0.4102982580661773,0.2417400330305099,20251120144639
20251120144717_TOP,conn7,20251120144717_TOP.png,OK,0.3618155419826507,0.2441751062870025,0.3816680014133453,0.2313208878040313,20251120144717
20251120144751_TOP,conn7,20251120144751_TOP.png,OK,0.3858075737953186,0.2705976366996765,0.4285725355148315,0.2705681324005127,20251120144751
20251120144830_TOP,conn7,20251120144830_TOP.png,OK,0.3575206398963928,0.2493844926357269,0.4146201014518738,0.2255986630916595,20251120144830
20251120144906_TOP,conn7,20251120144906_TOP.png,OK,0.378101646900177,0.2652780711650848,0.4424622356891632,0.2475481927394867,20251120144906
20251120144941_TOP,conn7,20251120144941_TOP.png,OK,0.3695994019508362,0.2576808333396911,0.4788415133953094,0.2645012736320495,20251120144941
20251120145019_TOP,conn7,20251120145019_TOP.png,OK,0.3773353099822998,0.2605142593383789,0.4355672597885132,0.2438265830278396,20251120145019
20251120145056_TOP,conn7,20251120145056_TOP.png,OK,0.3783407807350158,0.2551497519016266,0.4284396469593048,0.2398876249790191,20251120145056
20251120145131_TOP,conn7,20251120145131_TOP.png,OK,0.3613609969615936,0.2408954054117202,0.3818891644477844,0.2293847054243087,20251120145131
20251120145207_TOP,conn7,20251120145207_TOP.png,OK,0.428417831659317,0.2575989067554474,0.4343236684799194,0.2227244675159454,20251120145207
20251120145244_TOP,conn7,20251120145244_TOP.png,OK,0.3855385780334472,0.2535709738731384,0.4545982778072357,0.235947236418724,20251120145244
20251120145321_TOP,conn7,20251120145321_TOP.png,OK,0.3590146601200104,0.2421025186777115,0.4276061356067657,0.2220581471920013,20251120145321
20251120145354_TOP,conn7,20251120145354_TOP.png,OCCLUSION,0.3398559093475342,0.2498455941677093,0.4008170068264007,0.2250707149505615,20251120145354
20251120145433_TOP,conn7,20251120145433_TOP.png,OK,0.3675000369548797,0.2484701424837112,0.4661170542240143,0.2420273721218109,20251120145433
20251120145511_TOP,conn7,20251120145511_TOP.png,OK,0.3265762329101562,0.2281451672315597,0.3937982618808746,0.2329198122024536,20251120145511
20251120145545_TOP,conn7,20251120145545_TOP.png,OK,0.3745720684528351,0.2523360848426819,0.4293548464775085,0.226870909333229,20251120145545
20251120145621_TOP,conn7,20251120145621_TOP.png,OCCLUSION,0.4166148900985718,0.2624363899230957,0.4826591312885284,0.2661363780498504,20251120145621
20251120145659_TOP,conn7,20251120145659_TOP.png,OK,0.3706701099872589,0.253131091594696,0.4138988256454468,0.2284537553787231,20251120145659
20251120145736_TOP,conn7,20251120145736_TOP.png,OK,0.38035848736763,0.2562012374401092,0.4961848855018616,0.2351156175136566,20251120145736
20251120145812_TOP,conn7,20251120145812_TOP.png,OK,0.3462967872619629,0.2405504882335662,0.3951558470726013,0.2346290051937103,20251120145812
20251120145848_TOP,conn7,20251120145848_TOP.png,PARTIAL OCCLUSION,0.3408328592777252,0.2362757623195648,0.3521241843700409,0.222130075097084,20251120145848
20251120145923_TOP,conn7,20251120145923_TOP.png,OK,0.3727472424507141,0.2518310546875,0.4013690948486328,0.2259836494922638,20251120145923
20251120150000_TOP,conn7,20251120150000_TOP.png,OK,0.3684221506118774,0.2505623996257782,0.4420198500156402,0.2428986579179763,20251120150000
20251120150038_TOP,conn7,20251120150038_TOP.png,OK,0.3822854161262512,0.248276486992836,0.4622788429260254,0.2272959649562835,20251120150038
20251120150113_TOP,conn7,20251120150113_TOP.png,PARTIAL OCCLUSION,0.375276118516922,0.2571973502635956,0.45554980635643,0.2343958765268325,20251120150113
20251120150149_TOP,conn7,20251120150149_TOP.png,OK,0.4475189745426178,0.2820270657539367,0.4980944991111755,0.2715303599834442,20251120150149
20251120150225_TOP,conn7,20251120150225_TOP.png,OK,0.3650369942188263,0.2446082979440689,0.3830247223377228,0.2094215899705886,20251120150225
20251120150301_TOP,conn7,20251120150301_TOP.png,OK,0.3494230210781097,0.232491597533226,0.4125305712223053,0.2271557599306106,20251120150301
20251120150338_TOP,conn7,20251120150338_TOP.png,OK,0.3608551323413849,0.2501483559608459,0.3938288390636444,0.2322035133838653,20251120150338
20251120150412_TOP,conn7,20251120150412_TOP.png,OK,0.3530692756175995,0.2471303194761276,0.3859724700450897,0.2263607531785965,20251120150412
20251120150450_TOP,conn7,20251120150450_TOP.png,OK,0.3726135790348053,0.2549010217189789,0.4488256573677063,0.2353468388319015,20251120150450
20251120150526_TOP,conn7,20251120150526_TOP.png,OCCLUSION,0.4422169327735901,0.2832916676998138,0.4412697553634643,0.2627260088920593,20251120150526
20251120150604_TOP,conn7,20251120150604_TOP.png,OK,0.3684954345226288,0.2611888349056244,0.4284297525882721,0.2392965108156204,20251120150604
20251120150639_TOP,conn7,20251120150639_TOP.png,OK,0.3699295222759247,0.2492561936378479,0.4211634397506714,0.2244725823402404,20251120150639
20251120150715_TOP,conn7,20251120150715_TOP.png,OK,0.3708173334598541,0.2507445812225342,0.4119454324245453,0.2315990179777145,20251120150715
20251120150752_TOP,conn7,20251120150752_TOP.png,OK,0.3732670247554779,0.2603965699672699,0.4304334223270416,0.239393264055252,20251120150752
20251120150830_TOP,conn7,20251120150830_TOP.png,OK,0.389873594045639,0.264550119638443,0.4466140270233154,0.2513995766639709,20251120150830
20251120150904_TOP,conn7,20251120150904_TOP.png,OK,0.3577991127967834,0.2474292069673538,0.4370023608207702,0.222640112042427,20251120150904
20251120150943_TOP,conn7,20251120150943_TOP.png,OK,0.3736893534660339,0.2430081367492675,0.4219878613948822,0.2178868055343628,20251120150943
20251120151019_TOP,conn7,20251120151019_TOP.png,OK,0.3611539006233215,0.2463793456554412,0.5041856169700623,0.218261107802391,20251120151019
20251120151054_TOP,conn7,20251120151054_TOP.png,OK,0.3738362491130829,0.249280110001564,0.4522644877433777,0.2242058962583542,20251120151054
20251120151130_TOP,conn7,20251120151130_TOP.png,OK,0.3663437068462372,0.2527017295360565,0.3982224464416504,0.2521995007991791,20251120151130
20251120151209_TOP,conn7,20251120151209_TOP.png,OK,0.4353507459163666,0.2664708197116852,0.3934021592140198,0.2419198453426361,20251120151209
20251120151244_TOP,conn7,20251120151244_TOP.png,OK,0.3704217076301574,0.2524115145206451,0.4319379031658172,0.242799624800682,20251120151244
20251120151319_TOP,conn7,20251120151319_TOP.png,OK,0.3609660565853119,0.2398782074451446,0.4184846580028534,0.2226323038339615,20251120151319
20251118105546_TOP,conn8,20251118105546_TOP.png,OK,0.3519291281700134,0.2725766599178314,0.4527058601379394,0.2778426110744476,20251118105546
20251118105625_TOP,conn8,20251118105625_TOP.png,OK,0.3438345789909363,0.2528493106365204,0.3921493887901306,0.2546298205852508,20251118105625
20251118105700_TOP,conn8,20251118105700_TOP.png,OK,0.3464747965335846,0.2671042382717132,0.3824652731418609,0.2621890902519226,20251118105700
20251118105736_TOP,conn8,20251118105736_TOP.png,OK,0.3701006472110748,0.269291877746582,0.398239254951477,0.2571694552898407,20251118105736
20251118105811_TOP,conn8,20251118105811_TOP.png,OK,0.3351638913154602,0.2579054832458496,0.3694019615650177,0.2511769533157348,20251118105811
20251118105849_TOP,conn8,20251118105849_TOP.png,OK,0.3638938069343567,0.2657281458377838,0.4156542122364044,0.259475439786911,20251118105849
20251118105924_TOP,conn8,20251118105924_TOP.png,OK,0.3443053960800171,0.258719265460968,0.387063980102539,0.2528780698776245,20251118105924
20251118110001_TOP,conn8,20251118110001_TOP.png,OK,0.3948193788528442,0.2820025682449341,0.489842027425766,0.2927388250827789,20251118110001
20251118110038_TOP,conn8,20251118110038_TOP.png,OK,0.3380230665206909,0.2718753516674042,0.4051784574985504,0.2687208950519562,20251118110038
20251118110112_TOP,conn8,20251118110112_TOP.png,OK,0.3610520660877228,0.2722921967506408,0.4382475912570953,0.2570118010044098,20251118110112
20251118110150_TOP,conn8,20251118110150_TOP.png,OK,0.352957546710968,0.2752894163131714,0.4067851901054382,0.2705475091934204,20251118110150
20251118110226_TOP,conn8,20251118110226_TOP.png,OK,0.359047383069992,0.2735675573348999,0.4081854820251465,0.2414212822914123,20251118110226
20251118110304_TOP,conn8,20251118110304_TOP.png,OK,0.3976527452468872,0.2960541546344757,0.4898281097412109,0.2873164117336273,20251118110304
20251118110340_TOP,conn8,20251118110340_TOP.png,OK,0.3347588181495666,0.2520548403263092,0.4036455750465393,0.2535312473773956,20251118110340
20251118110416_TOP,conn8,20251118110416_TOP.png,OK,0.3222032785415649,0.2564140856266022,0.3670143485069275,0.2608687281608581,20251118110416
20251118110451_TOP,conn8,20251118110451_TOP.png,OK,0.3366637825965881,0.2599266767501831,0.4415808618068695,0.2624633014202118,20251118110451
20251118110529_TOP,conn8,20251118110529_TOP.png,OK,0.3293925523757934,0.2628960609436035,0.4223024845123291,0.2696573436260223,20251118110529
20251118110605_TOP,conn8,20251118110605_TOP.png,OK,0.3435003757476806,0.2581015825271606,0.4303039312362671,0.2540080845355987,20251118110605
20251118110642_TOP,conn8,20251118110642_TOP.png,OK,0.3647412061691284,0.2736805379390716,0.4217996895313263,0.2633885741233825,20251118110642
20251118110717_TOP,conn8,20251118110717_TOP.png,OK,0.3795253336429596,0.2683111429214477,0.4325085580348968,0.2600847482681274,20251118110717
20251118110755_TOP,conn8,20251118110755_TOP.png,OK,0.3362201154232025,0.2618005871772766,0.3976980149745941,0.2550128400325775,20251118110755
20251118110830_TOP,conn8,20251118110830_TOP.png,OK,0.2945459187030792,0.2379747778177261,0.4117775559425354,0.2520805597305298,20251118110830
20251118110907_TOP,conn8,20251118110907_TOP.png,OK,0.3344990015029907,0.2628316283226013,0.4137073159217834,0.2706969380378723,20251118110907
20251118110944_TOP,conn8,20251118110944_TOP.png,OK,0.3246428072452545,0.2542782127857208,0.3904325067996979,0.261493444442749,20251118110944
20251118111019_TOP,conn8,20251118111019_TOP.png,OK,0.3573192358016968,0.2710264027118683,0.4291764497756958,0.2776210308074951,20251118111019
20251118111057_TOP,conn8,20251118111057_TOP.png,OK,0.3434869050979614,0.2693304717540741,0.4205588400363922,0.2439704239368438,20251118111057
20251118111131_TOP,conn8,20251118111131_TOP.png,OK,0.3526747524738312,0.2707078456878662,0.4250762462615967,0.2661832571029663,20251118111131
20251118111209_TOP,conn8,20251118111209_TOP.png,PARTIAL OCCLUSION,0.3798750042915344,0.2656784653663635,0.3811377882957458,0.2590359151363373,20251118111209
20251118111246_TOP,conn8,20251118111246_TOP.png,OK,0.3513746559619903,0.2644009590148926,0.4717649221420288,0.2661517858505249,20251118111246
20251118111323_TOP,conn8,20251118111323_TOP.png,OK,0.3554608821868896,0.2773600816726684,0.4626049697399139,0.2785655558109283,20251118111323
20251118111359_TOP,conn8,20251118111359_TOP.png,OK,0.330636203289032,0.2593644261360168,0.3929548561573028,0.2582457959651947,20251118111359
20251118111436_TOP,conn8,20251118111436_TOP.png,OK,0.3766966164112091,0.2661401033401489,0.4082613885402679,0.257492184638977,20251118111436
20251119082900_TOP,conn8,20251119082900_TOP.png,OK,0.3582580089569092,0.2694628536701202,0.4731940925121307,0.2703748047351837,20251119082900
20251119082936_TOP,conn8,20251119082936_TOP.png,OK,0.3255811631679535,0.2471024096012115,0.3865515887737274,0.2594007849693298,20251119082936
20251119083012_TOP,conn8,20251119083012_TOP.png,OK,0.3704284429550171,0.2680667340755462,0.4345250129699707,0.2693398296833038,20251119083012
20251119083048_TOP,conn8,20251119083048_TOP.png,OK,0.3383970260620117,0.2618168294429779,0.3738380372524261,0.2531366050243377,20251119083048
20251119083124_TOP,conn8,20251119083124_TOP.png,OK,0.3648407459259033,0.2648921310901642,0.4199683666229248,0.2542546093463897,20251119083124
20251119083201_TOP,conn8,20251119083201_TOP.png,OK,0.3568717837333679,0.2617042660713196,0.4271653890609741,0.2447700053453445,20251119083201
20251119083237_TOP,conn8,20251119083237_TOP.png,OK,0.3428948819637298,0.2625541985034942,0.4360621869564056,0.2627618908882141,20251119083237
20251119083314_TOP,conn8,20251119083314_TOP.png,OK,0.3659753501415252,0.2627560496330261,0.4433501958847046,0.2577149271965027,20251119083314
20251119083351_TOP,conn8,20251119083351_TOP.png,OK,0.43281090259552,0.2730554342269897,0.3927067220211029,0.2376344203948974,20251119083351
20251119083425_TOP,conn8,20251119083425_TOP.png,OK,0.3264181613922119,0.2522797286510467,0.3885669112205505,0.253014475107193,20251119083425
20251119083503_TOP,conn8,20251119083503_TOP.png,OK,0.3553178310394287,0.258952260017395,0.4257950782775879,0.2457554936408996,20251119083503
20251119083538_TOP,conn8,20251119083538_TOP.png,OK,0.3530504703521728,0.2662901878356933,0.4390210211277008,0.254378080368042,20251119083538
20251119083617_TOP,conn8,20251119083617_TOP.png,OK,0.3575927019119262,0.2632273137569427,0.4353176653385162,0.2567967176437378,20251119083617
20251119083652_TOP,conn8,20251119083652_TOP.png,OK,0.3806771636009216,0.2654013335704803,0.4207096397876739,0.2519524991512298,20251119083652
20251119083728_TOP,conn8,20251119083728_TOP.png,OK,0.372031420469284,0.2741059958934784,0.4656397700309753,0.2688649594783783,20251119083728
20251119083803_TOP,conn8,20251119083803_TOP.png,OK,0.3527630865573883,0.2555151283740997,0.437807947397232,0.2614938914775848,20251119083803
20251119083842_TOP,conn8,20251119083842_TOP.png,OK,0.3636057674884796,0.2635455131530761,0.3889937400817871,0.2536007165908813,20251119083842
20251119083918_TOP,conn8,20251119083918_TOP.png,OK,0.3553478419780731,0.2673253118991852,0.4321042597293854,0.266526997089386,20251119083918
20251119083954_TOP,conn8,20251119083954_TOP.png,OK,0.3403838276863098,0.2591242790222168,0.4273044168949127,0.2474593222141266,20251119083954
20251119084031_TOP,conn8,20251119084031_TOP.png,OK,0.3486231565475464,0.2635844647884369,0.4411251246929168,0.2601210176944732,20251119084031
20251119084105_TOP,conn8,20251119084105_TOP.png,OK,0.3406036794185638,0.265877366065979,0.3903928995132446,0.2756088078022003,20251119084105
20251119084142_TOP,conn8,20251119084142_TOP.png,OK,0.3795229196548462,0.2698808014392853,0.4679407179355621,0.2547281086444855,20251119084142
20251119084219_TOP,conn8,20251119084219_TOP.png,OK,0.3211247622966766,0.2511096000671386,0.4244900345802307,0.2556797564029693,20251119084219
20251119084256_TOP,conn8,20251119084256_TOP.png,OK,0.3808680772781372,0.2670775949954986,0.4604891240596771,0.2650394439697265,20251119084256
20251119084332_TOP,conn8,20251119084332_TOP.png,OK,0.3547271490097046,0.266735315322876,0.4402640163898468,0.2629965245723724,20251119084332
20251119084409_TOP,conn8,20251119084409_TOP.png,OK,0.4043667912483215,0.283255398273468,0.4869281351566314,0.2610802948474884,20251119084409
20251119084443_TOP,conn8,20251119084443_TOP.png,OK,0.3616359233856201,0.2794307172298431,0.4684509932994842,0.2640991508960724,20251119084443
20251119084522_TOP,conn8,20251119084522_TOP.png,OCCLUSION,0.3018910586833954,0.2193882912397384,0.3006108403205871,0.2040701955556869,20251119084522
20251119084557_TOP,conn8,20251119084557_TOP.png,OK,0.3580121099948883,0.2653372585773468,0.4851823449134826,0.2596065104007721,20251119084557
20251119084633_TOP,conn8,20251119084633_TOP.png,OK,0.3539753258228302,0.267595112323761,0.452896237373352,0.2681626379489898,20251119084633
20251119084710_TOP,conn8,20251119084710_TOP.png,OK,0.3661554753780365,0.2743277549743652,0.4311340153217315,0.2672624886035919,20251119084710
20251119084747_TOP,conn8,20251119084747_TOP.png,OK,0.351622074842453,0.2725502848625183,0.5010665059089661,0.262644499540329,20251119084747
20251119084824_TOP,conn8,20251119084824_TOP.png,OK,0.3620336651802063,0.2637639045715332,0.4344682991504669,0.2564294040203094,20251119084824
20251119084900_TOP,conn8,20251119084900_TOP.png,OK,0.3728481233119964,0.2764796316623688,0.4357509315013885,0.2786516845226288,20251119084900
20251119084935_TOP,conn8,20251119084935_TOP.png,OK,0.3568113148212433,0.2691069841384887,0.4291561245918274,0.2609299421310425,20251119084935
20251119085012_TOP,conn8,20251119085012_TOP.png,OK,0.3589449524879455,0.2709651589393616,0.4240685403347015,0.261708527803421,20251119085012
20251119085050_TOP,conn8,20251119085050_TOP.png,OK,0.3964477479457855,0.2891982197761535,0.4908657073974609,0.2739783227443695,20251119085050
20251119085124_TOP,conn8,20251119085124_TOP.png,OK,0.3441749513149261,0.2645053267478943,0.4864670634269714,0.2616164982318878,20251119085124
20251119085200_TOP,conn8,20251119085200_TOP.png,OK,0.3395505547523498,0.2659819424152374,0.4825412034988403,0.2711912989616394,20251119085200
20251119085236_TOP,conn8,20251119085236_TOP.png,OK,0.3572022914886474,0.2664028406143188,0.4418365061283111,0.2641021609306335,20251119085236
20251119085312_TOP,conn8,20251119085312_TOP.png,OK,0.3435805439949035,0.2604140043258667,0.3967833817005157,0.2548902928829193,20251119085312
20251119085350_TOP,conn8,20251119085350_TOP.png,OK,0.3327671587467193,0.2628967761993408,0.4176117479801178,0.2611367702484131,20251119085350
20251119085424_TOP,conn8,20251119085424_TOP.png,OK,0.3352422714233398,0.2546624839305877,0.4086700677871704,0.2556726634502411,20251119085424
20251119085502_TOP,conn8,20251119085502_TOP.png,OK,0.416238784790039,0.2872930765151977,0.4899169206619262,0.277191162109375,20251119085502
20251119085538_TOP,conn8,20251119085538_TOP.png,OK,0.384293645620346,0.2822579145431518,0.3978713154792785,0.2574578821659088,20251119085538
20251119085613_TOP,conn8,20251119085613_TOP.png,OK,0.3770043551921844,0.2823608517646789,0.4501663446426391,0.2727149426937103,20251119085613
20251119085652_TOP,conn8,20251119085652_TOP.png,OK,0.3340895771980285,0.2629241645336151,0.4245863258838653,0.2639871835708618,20251119085652
20251119085727_TOP,conn8,20251119085727_TOP.png,OK,0.3498654663562774,0.2634565830230713,0.4286993443965912,0.2585862278938293,20251119085727
20251120141147_TOP,conn8,20251120141147_TOP.png,OK,0.3336132168769836,0.2477508634328842,0.3998117446899414,0.2545863389968872,20251120141147
20251120141222_TOP,conn8,20251120141222_TOP.png,OK,0.3543494641780853,0.2671505510807037,0.419721245765686,0.2602937519550323,20251120141222
20251120141259_TOP,conn8,20251120141259_TOP.png,OK,0.3565495610237121,0.2770910859107971,0.3951830863952636,0.272457867860794,20251120141259
20251120141335_TOP,conn8,20251120141335_TOP.png,OK,0.3631693720817566,0.2775473296642303,0.4173625409603119,0.2740577459335327,20251120141335
20251120141413_TOP,conn8,20251120141413_TOP.png,OK,0.3384104669094085,0.2534728944301605,0.4024325311183929,0.2610228955745697,20251120141413
20251120141448_TOP,conn8,20251120141448_TOP.png,OK,0.3694121539592743,0.274983286857605,0.4366847276687622,0.2703045904636383,20251120141448
20251120141522_TOP,conn8,20251120141522_TOP.png,OK,0.3605589568614959,0.2734049558639526,0.4435587227344513,0.2672787010669708,20251120141522
20251120141602_TOP,conn8,20251120141602_TOP.png,OK,0.3616325855255127,0.2688054144382477,0.4135318994522095,0.2638357579708099,20251120141602
20251120141637_TOP,conn8,20251120141637_TOP.png,OK,0.3518181145191192,0.252200037240982,0.4530256986618042,0.2427946180105209,20251120141637
20251120141713_TOP,conn8,20251120141713_TOP.png,OK,0.3580895960330963,0.2683663070201874,0.4395462274551391,0.2614438831806183,20251120141713
20251120141750_TOP,conn8,20251120141750_TOP.png,OCCLUSION,0.375427633523941,0.2723984718322754,0.4474011361598968,0.2491581290960312,20251120141750
20251120142801_TOP,conn8,20251120142801_TOP.png,OK,0.3645035028457641,0.2691294252872467,0.4210412502288818,0.2724307775497436,20251120142801
20251120142838_TOP,conn8,20251120142838_TOP.png,OK,0.3574402034282684,0.2648318409919739,0.4119583368301391,0.2595562636852264,20251120142838
20251120142913_TOP,conn8,20251120142913_TOP.png,OK,0.3884143233299255,0.2840693593025207,0.4451451003551483,0.2626281976699829,20251120142913
20251120142950_TOP,conn8,20251120142950_TOP.png,OK,0.3285516202449798,0.2574456334114074,0.3940449357032776,0.2611411213874817,20251120142950
20251120143927_TOP,conn8,20251120143927_TOP.png,OK,0.3415016233921051,0.2620744705200195,0.4214370548725128,0.2539812922477722,20251120143927
20251120144004_TOP,conn8,20251120144004_TOP.png,OK,0.3643549382686615,0.267078548669815,0.4071531593799591,0.2651457488536834,20251120144004
20251120144040_TOP,conn8,20251120144040_TOP.png,OK,0.3742087483406067,0.2730531394481659,0.4136902093887329,0.2622356712818146,20251120144040
20251120144114_TOP,conn8,20251120144114_TOP.png,OK,0.3645600080490112,0.2764443457126617,0.4707112610340118,0.2601687908172607,20251120144114
20251120144153_TOP,conn8,20251120144153_TOP.png,OK,0.3472780287265777,0.2708523571491241,0.4194559752941131,0.2696692943572998,20251120144153
20251120144228_TOP,conn8,20251120144228_TOP.png,OK,0.3694325089454651,0.2677721977233886,0.4747065901756286,0.2587802410125732,20251120144228
20251120144300_TOP,conn8,20251120144300_TOP.png,OK,0.3712901771068573,0.2792627811431885,0.4282404482364654,0.2668087184429168,20251120144300
20251120144337_TOP,conn8,20251120144337_TOP.png,OK,0.3740365505218506,0.2600899040699005,0.4165741205215454,0.2448970228433609,20251120144337
20251120144413_TOP,conn8,20251120144413_TOP.png,OK,0.321388304233551,0.26072558760643,0.4071627855300903,0.2597018480300903,20251120144413
20251120144451_TOP,conn8,20251120144451_TOP.png,OK,0.3696254193782806,0.2696765661239624,0.4471690058708191,0.2606525123119354,20251120144451
20251120144526_TOP,conn8,20251120144526_TOP.png,OK,0.3585663735866546,0.2709013819694519,0.4227667152881622,0.2730898559093475,20251120144526
20251120144603_TOP,conn8,20251120144603_TOP.png,OK,0.3545481562614441,0.2647078931331634,0.4330969452857971,0.2613705694675445,20251120144603
20251120144639_TOP,conn8,20251120144639_TOP.png,OK,0.3478561043739319,0.2620060443878174,0.4331204891204834,0.2569502890110016,20251120144639
20251120144717_TOP,conn8,20251120144717_TOP.png,OK,0.3616498112678528,0.2630168795585632,0.4270595014095306,0.2549576163291931,20251120144717
20251120144751_TOP,conn8,20251120144751_TOP.png,OK,0.370608776807785,0.2714594900608063,0.4453526437282562,0.2623412311077118,20251120144751
20251120144830_TOP,conn8,20251120144830_TOP.png,OK,0.4159692525863647,0.2805580496788025,0.3460051715373993,0.2387764304876327,20251120144830
20251120144906_TOP,conn8,20251120144906_TOP.png,OK,0.3483448326587677,0.271192193031311,0.4298075735569,0.2590564489364624,20251120144906
20251120144941_TOP,conn8,20251120144941_TOP.png,OK,0.3469798266887665,0.2521229386329651,0.4089845418930053,0.2411609292030334,20251120144941
20251120145019_TOP,conn8,20251120145019_TOP.png,OK,0.364921510219574,0.2704453468322754,0.4184482991695404,0.2607250213623047,20251120145019
20251120145056_TOP,conn8,20251120145056_TOP.png,OK,0.3515291213989258,0.2631589472293854,0.4496175944805145,0.2454403191804886,20251120145056
20251120145131_TOP,conn8,20251120145131_TOP.png,OK,0.3669995665550232,0.2707488536834717,0.4166383445262909,0.2491163462400436,20251120145131
20251120145207_TOP,conn8,20251120145207_TOP.png,OK,0.3796846866607666,0.2928625047206878,0.4243413507938385,0.2748835682868957,20251120145207
20251120145244_TOP,conn8,20251120145244_TOP.png,OK,0.3377507030963897,0.2551549673080444,0.4235208630561828,0.2570574581623077,20251120145244
20251120145321_TOP,conn8,20251120145321_TOP.png,OK,0.3609337508678436,0.2759976685047149,0.4471775889396667,0.2792032659053802,20251120145321
20251120145354_TOP,conn8,20251120145354_TOP.png,OK,0.3443438112735748,0.2650656402111053,0.3907908499240875,0.2661839127540588,20251120145354
20251120145433_TOP,conn8,20251120145433_TOP.png,OK,0.3610076904296875,0.2618818581104278,0.4532129168510437,0.2545790076255798,20251120145433
20251120145511_TOP,conn8,20251120145511_TOP.png,OK,0.3406383097171783,0.2651124894618988,0.4328979551792145,0.2520377933979034,20251120145511
20251120145545_TOP,conn8,20251120145545_TOP.png,OK,0.3582297563552856,0.2689140737056732,0.4297904670238495,0.2560412585735321,20251120145545
20251120145621_TOP,conn8,20251120145621_TOP.png,OK,0.3402992784976959,0.2606829404830932,0.3992683589458465,0.2665247917175293,20251120145621
20251120145659_TOP,conn8,20251120145659_TOP.png,OK,0.3524083495140075,0.2678956389427185,0.4307917356491089,0.2555169761180877,20251120145659
20251120145736_TOP,conn8,20251120145736_TOP.png,OK,0.3453693687915802,0.2645342350006103,0.4180503487586975,0.2640300691127777,20251120145736
20251120145812_TOP,conn8,20251120145812_TOP.png,OK,0.3462494015693664,0.2650880217552185,0.4476332664489746,0.2656226754188537,20251120145812
20251120145848_TOP,conn8,20251120145848_TOP.png,OK,0.336822509765625,0.2623777389526367,0.4281420111656189,0.2601312398910522,20251120145848
20251120145923_TOP,conn8,20251120145923_TOP.png,OK,0.3430754542350769,0.2673079073429107,0.4975086450576782,0.2688716650009155,20251120145923
20251120150000_TOP,conn8,20251120150000_TOP.png,OK,0.3570320606231689,0.2737221419811249,0.4441460072994232,0.2661905586719513,20251120150000
20251120150038_TOP,conn8,20251120150038_TOP.png,OK,0.362232357263565,0.2740809619426727,0.4219237864017486,0.2680390477180481,20251120150038
20251120150113_TOP,conn8,20251120150113_TOP.png,OK,0.3238152861595154,0.2569902241230011,0.4147374629974365,0.2652885317802429,20251120150113
20251120150149_TOP,conn8,20251120150149_TOP.png,OK,0.3413489162921905,0.2598339319229126,0.4151481986045837,0.2534302473068237,20251120150149
20251120150225_TOP,conn8,20251120150225_TOP.png,OK,0.3467890918254852,0.2688159942626953,0.4274477660655975,0.2615237832069397,20251120150225
20251120150301_TOP,conn8,20251120150301_TOP.png,OK,0.35576131939888,0.2711324095726013,0.4370120763778686,0.2474347203969955,20251120150301
20251120150338_TOP,conn8,20251120150338_TOP.png,OK,0.3569740056991577,0.2773745059967041,0.4320122599601745,0.277218759059906,20251120150338
20251120150412_TOP,conn8,20251120150412_TOP.png,OK,0.3449528217315674,0.267652302980423,0.4640555083751678,0.2628649175167084,20251120150412
20251120150450_TOP,conn8,20251120150450_TOP.png,OK,0.3545653820037842,0.2656448781490326,0.4374988079071045,0.2665363252162933,20251120150450
20251120150526_TOP,conn8,20251120150526_TOP.png,OK,0.3404021561145782,0.2661411762237549,0.3953125476837158,0.2490683645009994,20251120150526
20251120150604_TOP,conn8,20251120150604_TOP.png,OK,0.3596457839012146,0.267826646566391,0.4374100267887115,0.2611865401268005,20251120150604
20251120150639_TOP,conn8,20251120150639_TOP.png,OK,0.3504599034786224,0.2653433084487915,0.4691987037658691,0.2503864467144012,20251120150639
20251120150715_TOP,conn8,20251120150715_TOP.png,OK,0.3569000661373138,0.2753942012786865,0.4167388677597046,0.2552269101142883,20251120150715
20251120150752_TOP,conn8,20251120150752_TOP.png,OK,0.3504161834716797,0.2712064087390899,0.4699432253837585,0.2639283239841461,20251120150752
20251120150830_TOP,conn8,20251120150830_TOP.png,OK,0.3514832258224487,0.262469619512558,0.4172106087207794,0.2521613240242004,20251120150830
20251120150904_TOP,conn8,20251120150904_TOP.png,OK,0.3446181714534759,0.2609111666679382,0.4062439501285553,0.2541218400001526,20251120150904
20251120150943_TOP,conn8,20251120150943_TOP.png,OK,0.3566983044147491,0.2666716575622558,0.4504541158676147,0.2596991956233978,20251120150943
20251120151019_TOP,conn8,20251120151019_TOP.png,OK,0.3366244733333587,0.2629131376743316,0.44075608253479,0.2614602148532867,20251120151019
20251120151054_TOP,conn8,20251120151054_TOP.png,OK,0.3496712148189544,0.2625664472579956,0.4013960361480713,0.2571048736572265,20251120151054
20251120151130_TOP,conn8,20251120151130_TOP.png,PARTIAL OCCLUSION,0.4197409451007843,0.2913244068622589,0.5599135756492615,0.2612582147121429,20251120151130
20251120151209_TOP,conn8,20251120151209_TOP.png,OK,0.360106885433197,0.2889578938484192,0.446513295173645,0.2653334736824035,20251120151209
20251120151244_TOP,conn8,20251120151244_TOP.png,OK,0.3519275784492492,0.270422488451004,0.4396425187587738,0.2669832110404968,20251120151244
20251120151319_TOP,conn8,20251120151319_TOP.png,KO,0.3709239959716797,0.2546299397945404,0.5394232273101807,0.2430931329727172,20251120151319
20251118105546_TOP,conn9,20251118105546_TOP.png,OK,0.4498132765293121,0.2910635471343994,0.5682104825973511,0.2937064170837402,20251118105546
20251118105625_TOP,conn9,20251118105625_TOP.png,OCCLUSION,0.5450788140296936,0.2939926087856293,0.6752659678459167,0.2662044465541839,20251118105625
20251118105700_TOP,conn9,20251118105700_TOP.png,OK,0.449495255947113,0.2910691797733307,0.5484764575958252,0.2951912879943847,20251118105700
20251118105736_TOP,conn9,20251118105736_TOP.png,OK,0.4541561901569366,0.2854391932487488,0.5571861267089844,0.2835800945758819,20251118105736
20251118105811_TOP,conn9,20251118105811_TOP.png,OK,0.4440858364105224,0.2881016433238983,0.5561687350273132,0.2971642911434173,20251118105811
20251118105849_TOP,conn9,20251118105849_TOP.png,OK,0.449342280626297,0.2888677418231964,0.5653071999549866,0.2900651693344116,20251118105849
20251118105924_TOP,conn9,20251118105924_TOP.png,OK,0.44764444231987,0.2908244132995605,0.5746931433677673,0.2969501316547394,20251118105924
20251118110001_TOP,conn9,20251118110001_TOP.png,OK,0.4493488669395447,0.2902178466320038,0.563221275806427,0.2980169653892517,20251118110001
20251118110038_TOP,conn9,20251118110038_TOP.png,OK,0.4487763345241546,0.2918038666248321,0.5733386874198914,0.3003700077533722,20251118110038
20251118110112_TOP,conn9,20251118110112_TOP.png,OK,0.4528623223304748,0.2975121736526489,0.5946618318557739,0.3039378523826599,20251118110112
20251118110150_TOP,conn9,20251118110150_TOP.png,OK,0.4385088980197906,0.2866057157516479,0.5474334359169006,0.2856757640838623,20251118110150
20251118110226_TOP,conn9,20251118110226_TOP.png,OK,0.4745342135429382,0.2924862802028656,0.5785369277000427,0.3043192923069,20251118110226
20251118110304_TOP,conn9,20251118110304_TOP.png,OK,0.4384024739265442,0.2902761101722717,0.565274715423584,0.3050020337104797,20251118110304
20251118110340_TOP,conn9,20251118110340_TOP.png,OK,0.4551102817058563,0.2911000251770019,0.574150025844574,0.2882833778858185,20251118110340
20251118110416_TOP,conn9,20251118110416_TOP.png,OK,0.4474352896213531,0.2952198088169098,0.573330819606781,0.3102098703384399,20251118110416
20251118110451_TOP,conn9,20251118110451_TOP.png,OK,0.4423364996910095,0.2841272354125976,0.5540275573730469,0.290822297334671,20251118110451
20251118110529_TOP,conn9,20251118110529_TOP.png,OK,0.4641776084899902,0.2969950139522552,0.5820306539535522,0.3047454059123993,20251118110529
20251118110605_TOP,conn9,20251118110605_TOP.png,OK,0.4637233912944793,0.3084540069103241,0.5931998491287231,0.3192011713981628,20251118110605
20251118110642_TOP,conn9,20251118110642_TOP.png,OK,0.4435094594955444,0.2875558733940124,0.5488215088844299,0.2929918169975281,20251118110642
20251118110717_TOP,conn9,20251118110717_TOP.png,OK,0.4759590923786163,0.2891148328781128,0.5810200572013855,0.2900693714618683,20251118110717
20251118110755_TOP,conn9,20251118110755_TOP.png,OK,0.4500601589679718,0.2881875932216644,0.5648114085197449,0.293027400970459,20251118110755
20251118110830_TOP,conn9,20251118110830_TOP.png,OK,0.461212158203125,0.3062758147716522,0.5867477655410767,0.2932827472686767,20251118110830
20251118110907_TOP,conn9,20251118110907_TOP.png,OK,0.4345743954181671,0.2986895143985748,0.5915506482124329,0.284477561712265,20251118110907
20251118110944_TOP,conn9,20251118110944_TOP.png,OK,0.4366931617259979,0.2834669649600982,0.5599285960197449,0.2881404757499695,20251118110944
20251118111019_TOP,conn9,20251118111019_TOP.png,OK,0.4541213810443878,0.285002052783966,0.5746281147003174,0.2905471920967102,20251118111019
20251118111057_TOP,conn9,20251118111057_TOP.png,OK,0.46029993891716,0.2993845343589782,0.5854769945144653,0.3067139387130737,20251118111057
20251118111131_TOP,conn9,20251118111131_TOP.png,OK,0.4581547081470489,0.2994966506958008,0.5764755606651306,0.3136796951293945,20251118111131
20251118111209_TOP,conn9,20251118111209_TOP.png,OK,0.4736559987068176,0.2866076529026031,0.5693056583404541,0.3033170998096466,20251118111209
20251118111246_TOP,conn9,20251118111246_TOP.png,OK,0.4428979754447937,0.2922753691673279,0.5852936506271362,0.3001019656658172,20251118111246
20251118111323_TOP,conn9,20251118111323_TOP.png,OCCLUSION,0.4770852625370025,0.2857685387134552,0.5759559869766235,0.3155409097671509,20251118111323
20251118111359_TOP,conn9,20251118111359_TOP.png,OK,0.4536193907260895,0.2920432984828949,0.5757933259010315,0.2959975600242615,20251118111359
20251118111436_TOP,conn9,20251118111436_TOP.png,OK,0.5237411856651306,0.2918590307235718,0.6711570620536804,0.2685006558895111,20251118111436
20251119082900_TOP,conn9,20251119082900_TOP.png,OK,0.4460079669952392,0.2871701121330261,0.5604313611984253,0.2959546446800232,20251119082900
20251119082936_TOP,conn9,20251119082936_TOP.png,OK,0.4756094813346863,0.3023223578929901,0.5888751745223999,0.3334547877311706,20251119082936
20251119083012_TOP,conn9,20251119083012_TOP.png,OK,0.4462361633777618,0.2898976504802704,0.58381587266922,0.2994851469993591,20251119083012
20251119083048_TOP,conn9,20251119083048_TOP.png,OK,0.4470196962356567,0.2878873348236084,0.5775047540664673,0.2954250872135162,20251119083048
20251119083124_TOP,conn9,20251119083124_TOP.png,OK,0.4428977370262146,0.2914411425590515,0.5732499361038208,0.2999472022056579,20251119083124
20251119083201_TOP,conn9,20251119083201_TOP.png,OK,0.4519389867782593,0.2992308139801025,0.5773420929908752,0.3167421817779541,20251119083201
20251119083237_TOP,conn9,20251119083237_TOP.png,OK,0.4327070116996765,0.29102823138237,0.5530871748924255,0.303589403629303,20251119083237
20251119083314_TOP,conn9,20251119083314_TOP.png,OK,0.4579055309295654,0.2922203838825226,0.5827679634094238,0.3030273616313934,20251119083314
20251119083351_TOP,conn9,20251119083351_TOP.png,OK,0.4774186611175537,0.2815136015415191,0.5617139339447021,0.305949717760086,20251119083351
20251119083425_TOP,conn9,20251119083425_TOP.png,OK,0.4519710540771484,0.2927437126636505,0.5840593576431274,0.3036338686943054,20251119083425
20251119083503_TOP,conn9,20251119083503_TOP.png,OK,0.447741687297821,0.2938852906227112,0.5798893570899963,0.3045631647109985,20251119083503
20251119083538_TOP,conn9,20251119083538_TOP.png,OK,0.4535884261131286,0.2977404296398163,0.5868186950683594,0.3094324767589569,20251119083538
20251119083617_TOP,conn9,20251119083617_TOP.png,OK,0.4523325264453888,0.2920326888561249,0.5766697525978088,0.3112430572509765,20251119083617
20251119083652_TOP,conn9,20251119083652_TOP.png,OK,0.4486793279647827,0.298027902841568,0.562993586063385,0.3116157948970794,20251119083652
20251119083728_TOP,conn9,20251119083728_TOP.png,OK,0.4471837282180786,0.2919472754001617,0.5780942440032959,0.3028740584850311,20251119083728
20251119083803_TOP,conn9,20251119083803_TOP.png,OK,0.4440239071846008,0.2907575964927673,0.579379677772522,0.2985380589962005,20251119083803
20251119083842_TOP,conn9,20251119083842_TOP.png,OCCLUSION,0.4462849795818329,0.2904828488826751,0.5905637741088867,0.3097223043441772,20251119083842
20251119083918_TOP,conn9,20251119083918_TOP.png,OK,0.4446029365062713,0.2896432876586914,0.5751663446426392,0.3034176826477051,20251119083918
20251119083954_TOP,conn9,20251119083954_TOP.png,OK,0.4376007318496704,0.2955016791820526,0.5745630264282227,0.3063007295131683,20251119083954
20251119084031_TOP,conn9,20251119084031_TOP.png,OK,0.4318833351135254,0.2870369851589203,0.5614980459213257,0.2985783219337463,20251119084031
20251119084105_TOP,conn9,20251119084105_TOP.png,OK,0.4361537098884582,0.2905298471450805,0.5608888268470764,0.2940182387828827,20251119084105
20251119084142_TOP,conn9,20251119084142_TOP.png,OK,0.4411788284778595,0.2940069139003753,0.5750678181648254,0.305542379617691,20251119084142
20251119084219_TOP,conn9,20251119084219_TOP.png,OK,0.4479411840438843,0.2980570495128631,0.5765198469161987,0.3143794238567352,20251119084219
20251119084256_TOP,conn9,20251119084256_TOP.png,OCCLUSION,0.4572122693061828,0.2860417068004608,0.5683110356330872,0.3238650560379028,20251119084256
20251119084332_TOP,conn9,20251119084332_TOP.png,OK,0.4531180560588836,0.3039069473743438,0.5881900191307068,0.3166378736495971,20251119084332
20251119084409_TOP,conn9,20251119084409_TOP.png,OK,0.4775236546993255,0.291498988866806,0.584230899810791,0.312595784664154,20251119084409
20251119084443_TOP,conn9,20251119084443_TOP.png,OK,0.4447143077850342,0.2856030762195587,0.5468655824661255,0.2917045652866363,20251119084443
20251119084522_TOP,conn9,20251119084522_TOP.png,PARTIAL OCCLUSION,0.4930087327957153,0.3065265715122223,0.6126253008842468,0.3388652205467224,20251119084522
20251119084557_TOP,conn9,20251119084557_TOP.png,OK,0.4535037279129028,0.2859013378620147,0.5790485143661499,0.2894386351108551,20251119084557
20251119084633_TOP,conn9,20251119084633_TOP.png,OK,0.4505393207073211,0.3110471665859222,0.5974201560020447,0.3234744668006897,20251119084633
20251119084710_TOP,conn9,20251119084710_TOP.png,OK,0.4475011825561523,0.2899683713912964,0.5713660717010498,0.2950941026210785,20251119084710
20251119084747_TOP,conn9,20251119084747_TOP.png,OK,0.4413691163063049,0.2859232127666473,0.5605359077453613,0.3049906194210052,20251119084747
20251119084824_TOP,conn9,20251119084824_TOP.png,OK,0.4468240439891815,0.282767117023468,0.5430712699890137,0.290485143661499,20251119084824
20251119084900_TOP,conn9,20251119084900_TOP.png,OK,0.4458504915237427,0.2920356690883636,0.5706099271774292,0.3015671670436859,20251119084900
20251119084935_TOP,conn9,20251119084935_TOP.png,OK,0.4448075890541076,0.2903921008110046,0.5703545808792114,0.2974482178688049,20251119084935
20251119085012_TOP,conn9,20251119085012_TOP.png,OK,0.4370811283588409,0.2899099290370941,0.5691637396812439,0.2990727424621582,20251119085012
20251119085050_TOP,conn9,20251119085050_TOP.png,OK,0.434400737285614,0.287002682685852,0.5495134592056274,0.3001293838024139,20251119085050
20251119085124_TOP,conn9,20251119085124_TOP.png,OK,0.4275770783424377,0.2944492399692535,0.5515028834342957,0.3002591729164123,20251119085124
20251119085200_TOP,conn9,20251119085200_TOP.png,OK,0.4475035667419433,0.2941506206989288,0.5754522681236267,0.3010511994361877,20251119085200
20251119085236_TOP,conn9,20251119085236_TOP.png,OK,0.4411811232566833,0.291201651096344,0.5670955181121826,0.3027959167957306,20251119085236
20251119085312_TOP,conn9,20251119085312_TOP.png,OK,0.4666310250759125,0.2837319374084472,0.5626100897789001,0.3131555318832397,20251119085312
20251119085350_TOP,conn9,20251119085350_TOP.png,OK,0.4473167955875397,0.2889819741249084,0.5698124170303345,0.2939229607582092,20251119085350
20251119085424_TOP,conn9,20251119085424_TOP.png,OK,0.4403553307056427,0.2952405214309692,0.5579628944396973,0.3082476258277893,20251119085424
20251119085502_TOP,conn9,20251119085502_TOP.png,OK,0.4543788731098175,0.2906264662742615,0.5743126273155212,0.2980209589004516,20251119085502
20251119085538_TOP,conn9,20251119085538_TOP.png,OK,0.4363704025745392,0.2896060645580292,0.5666883587837219,0.3030409216880798,20251119085538
20251119085613_TOP,conn9,20251119085613_TOP.png,OK,0.4399202466011047,0.2901189029216766,0.5681109428405762,0.3037127256393432,20251119085613
20251119085652_TOP,conn9,20251119085652_TOP.png,OK,0.4371629357337951,0.2921763062477112,0.5700371861457825,0.3007607460021972,20251119085652
20251119085727_TOP,conn9,20251119085727_TOP.png,OK,0.4396208524703979,0.2897087633609772,0.5657045245170593,0.3016133606433868,20251119085727
20251120141147_TOP,conn9,20251120141147_TOP.png,OK,0.4558093249797821,0.2951816618442535,0.5813129544258118,0.3016716539859772,20251120141147
20251120141222_TOP,conn9,20251120141222_TOP.png,PARTIAL OCCLUSION,0.414620041847229,0.2740752100944519,0.482420951128006,0.2789939343929291,20251120141222
20251120141259_TOP,conn9,20251120141259_TOP.png,OK,0.4412364661693573,0.288361519575119,0.5679206252098083,0.2964981198310852,20251120141259
20251120141335_TOP,conn9,20251120141335_TOP.png,OK,0.4348489642143249,0.2892494201660156,0.5612269639968872,0.3075222074985504,20251120141335
20251120141413_TOP,conn9,20251120141413_TOP.png,OK,0.4425344169139862,0.2920733690261841,0.5534528493881226,0.2871661782264709,20251120141413
20251120141448_TOP,conn9,20251120141448_TOP.png,OCCLUSION,0.456112802028656,0.2857362031936645,0.5492433905601501,0.3095221519470215,20251120141448
20251120141522_TOP,conn9,20251120141522_TOP.png,OK,0.446677029132843,0.2892903089523315,0.5765356421470642,0.2940933406352997,20251120141522
20251120141602_TOP,conn9,20251120141602_TOP.png,OK,0.4632763564586639,0.2948685884475708,0.5804493427276611,0.305790513753891,20251120141602
20251120141637_TOP,conn9,20251120141637_TOP.png,OK,0.4262163937091827,0.2857175171375274,0.5550410151481628,0.2993285953998565,20251120141637
20251120141713_TOP,conn9,20251120141713_TOP.png,OK,0.4474576115608215,0.2924097180366516,0.5832066535949707,0.3049537241458893,20251120141713
20251120141750_TOP,conn9,20251120141750_TOP.png,OCCLUSION,0.4974423050880432,0.306644856929779,0.691662073135376,0.2225345522165298,20251120141750
20251120142801_TOP,conn9,20251120142801_TOP.png,OK,0.4726311266422272,0.2947089076042175,0.5815474987030029,0.3079065084457397,20251120142801
20251120142838_TOP,conn9,20251120142838_TOP.png,OK,0.4440236985683441,0.2969835996627807,0.5780469179153442,0.3085095882415771,20251120142838
20251120142913_TOP,conn9,20251120142913_TOP.png,OK,0.4465136229991913,0.2903870642185211,0.5651820302009583,0.3040655553340912,20251120142913
20251120142950_TOP,conn9,20251120142950_TOP.png,KO,0.4439586997032165,0.2903171181678772,0.5603318214416504,0.2930789291858673,20251120142950
20251120143927_TOP,conn9,20251120143927_TOP.png,OK,0.4317652285099029,0.2894639670848846,0.5620056986808777,0.2967790067195892,20251120143927
20251120144004_TOP,conn9,20251120144004_TOP.png,OK,0.4488349556922912,0.3019171357154846,0.5792781710624695,0.3100266456604004,20251120144004
20251120144040_TOP,conn9,20251120144040_TOP.png,OK,0.4518972039222717,0.298551857471466,0.574704110622406,0.3121107220649719,20251120144040
20251120144114_TOP,conn9,20251120144114_TOP.png,OK,0.4522160291671753,0.2916116714477539,0.5793600678443909,0.2991856932640075,20251120144114
20251120144153_TOP,conn9,20251120144153_TOP.png,OK,0.4493306279182434,0.2949889600276947,0.5780794620513916,0.3168168067932129,20251120144153
20251120144228_TOP,conn9,20251120144228_TOP.png,OCCLUSION,0.3824890255928039,0.2715693712234497,0.5535523295402527,0.3041353523731231,20251120144228
20251120144300_TOP,conn9,20251120144300_TOP.png,OK,0.4316620826721191,0.291354089975357,0.5668312907218933,0.3030937612056732,20251120144300
20251120144337_TOP,conn9,20251120144337_TOP.png,OK,0.4470289051532745,0.2894006967544555,0.5425289869308472,0.2932058274745941,20251120144337
20251120144413_TOP,conn9,20251120144413_TOP.png,OK,0.4252276718616485,0.2937721610069275,0.5570963621139526,0.3062479794025421,20251120144413
20251120144451_TOP,conn9,20251120144451_TOP.png,OK,0.4387840628623962,0.2911163866519928,0.5714882612228394,0.3050684034824371,20251120144451
20251120144526_TOP,conn9,20251120144526_TOP.png,OK,0.4517717063426971,0.2882680892944336,0.567376434803009,0.2996715605258941,20251120144526
20251120144603_TOP,conn9,20251120144603_TOP.png,OK,0.4540514051914215,0.2880875468254089,0.5821370482444763,0.2972366213798523,20251120144603
20251120144639_TOP,conn9,20251120144639_TOP.png,OK,0.4344326853752136,0.2880373299121856,0.5349096655845642,0.2707199454307556,20251120144639
20251120144717_TOP,conn9,20251120144717_TOP.png,OK,0.4360568821430206,0.2869718074798584,0.5546358227729797,0.2973491549491882,20251120144717
20251120144751_TOP,conn9,20251120144751_TOP.png,OK,0.4360737204551697,0.2858870923519134,0.5509380102157593,0.3015503883361816,20251120144751
20251120144830_TOP,conn9,20251120144830_TOP.png,OK,0.4609962105751037,0.295398473739624,0.5737369060516357,0.3134734034538269,20251120144830
20251120144906_TOP,conn9,20251120144906_TOP.png,OK,0.4434811472892761,0.2935957610607147,0.5869380235671997,0.3083813190460205,20251120144906
20251120144941_TOP,conn9,20251120144941_TOP.png,OK,0.4207050800323486,0.2796854972839355,0.5123838186264038,0.2709303200244903,20251120144941
20251120145019_TOP,conn9,20251120145019_TOP.png,OK,0.4391152560710907,0.2910616397857666,0.5510424971580505,0.3002022504806518,20251120145019
20251120145056_TOP,conn9,20251120145056_TOP.png,OK,0.4323469698429107,0.2930286526679992,0.5679383873939514,0.3079228103160858,20251120145056
20251120145131_TOP,conn9,20251120145131_TOP.png,OK,0.439135730266571,0.2808469235897064,0.5206232666969299,0.281730979681015,20251120145131
20251120145207_TOP,conn9,20251120145207_TOP.png,OK,0.4509199261665344,0.2867280542850494,0.5757430791854858,0.2978905737400055,20251120145207
20251120145244_TOP,conn9,20251120145244_TOP.png,OK,0.4441095888614654,0.2940983474254608,0.5707558393478394,0.3041935265064239,20251120145244
20251120145321_TOP,conn9,20251120145321_TOP.png,PARTIAL OCCLUSION,0.4896344542503357,0.2856327891349792,0.5837380290031433,0.3161197304725647,20251120145321
20251120145354_TOP,conn9,20251120145354_TOP.png,OK,0.4265005588531494,0.2886690199375152,0.5567197799682617,0.3043465912342071,20251120145354
20251120145433_TOP,conn9,20251120145433_TOP.png,OK,0.4405930340290069,0.2865803241729736,0.555804967880249,0.2958598434925079,20251120145433
20251120145511_TOP,conn9,20251120145511_TOP.png,OK,0.426689863204956,0.2958271503448486,0.576109766960144,0.3056912422180176,20251120145511
20251120145545_TOP,conn9,20251120145545_TOP.png,OK,0.4551912844181061,0.2975373566150665,0.5699790120124817,0.308741956949234,20251120145545
20251120145621_TOP,conn9,20251120145621_TOP.png,OK,0.4509932994842529,0.2915058732032776,0.5814706683158875,0.295765608549118,20251120145621
20251120145659_TOP,conn9,20251120145659_TOP.png,OK,0.4515426754951477,0.2887192368507385,0.5738098621368408,0.2919600009918213,20251120145659
20251120145736_TOP,conn9,20251120145736_TOP.png,OK,0.4641148447990417,0.2922591865062713,0.6011514067649841,0.3054665625095367,20251120145736
20251120145812_TOP,conn9,20251120145812_TOP.png,OK,0.4604247212409973,0.2968785166740417,0.5918858051300049,0.3048741221427917,20251120145812
20251120145848_TOP,conn9,20251120145848_TOP.png,KO,0.4441141784191131,0.293783575296402,0.5593627691268921,0.2920806407928467,20251120145848
20251120145923_TOP,conn9,20251120145923_TOP.png,OK,0.4601114690303802,0.2963102757930755,0.5881978273391724,0.3084865212440491,20251120145923
20251120150000_TOP,conn9,20251120150000_TOP.png,OK,0.4548177123069763,0.2896102666854858,0.5694555044174194,0.3032662868499756,20251120150000
20251120150038_TOP,conn9,20251120150038_TOP.png,OK,0.44080850481987,0.2865112721920013,0.5725598931312561,0.2978309094905853,20251120150038
20251120150113_TOP,conn9,20251120150113_TOP.png,OK,0.4314765036106109,0.2936738729476928,0.6053164601325989,0.2770847380161285,20251120150113
20251120150149_TOP,conn9,20251120150149_TOP.png,OK,0.4465985000133514,0.3024891912937164,0.5836739540100098,0.3074522614479065,20251120150149
20251120150225_TOP,conn9,20251120150225_TOP.png,OK,0.4498955309391022,0.292140245437622,0.5796735286712646,0.2976195514202118,20251120150225
20251120150301_TOP,conn9,20251120150301_TOP.png,OK,0.453794926404953,0.2954932749271393,0.5701752305030823,0.3037814199924469,20251120150301
20251120150338_TOP,conn9,20251120150338_TOP.png,OK,0.4323008060455322,0.2909565269947052,0.5547491312026978,0.3053774833679199,20251120150338
20251120150412_TOP,conn9,20251120150412_TOP.png,OK,0.4575951397418976,0.2947215139865875,0.5792781710624695,0.3028425574302673,20251120150412
20251120150450_TOP,conn9,20251120150450_TOP.png,OK,0.4750185310840606,0.2888631820678711,0.5669269561767578,0.3063148558139801,20251120150450
20251120150526_TOP,conn9,20251120150526_TOP.png,OK,0.4528336524963379,0.2931031882762909,0.568759560585022,0.3045800328254699,20251120150526
20251120150604_TOP,conn9,20251120150604_TOP.png,OK,0.4422085881233215,0.2888219654560089,0.5645096898078918,0.3068445324897766,20251120150604
20251120150639_TOP,conn9,20251120150639_TOP.png,OK,0.4352322220802307,0.2895138561725616,0.5700578689575195,0.3029773235321045,20251120150639
20251120150715_TOP,conn9,20251120150715_TOP.png,OK,0.4441574215888977,0.2947002947330475,0.5721843242645264,0.3117055594921112,20251120150715
20251120150752_TOP,conn9,20251120150752_TOP.png,OK,0.439426064491272,0.2991565763950348,0.5759431719779968,0.3127162754535675,20251120150752
20251120150830_TOP,conn9,20251120150830_TOP.png,OK,0.440798670053482,0.2935116589069366,0.5723084807395935,0.3058110177516937,20251120150830
20251120150904_TOP,conn9,20251120150904_TOP.png,OK,0.4255358278751373,0.299187958240509,0.5643913745880127,0.2989748120307922,20251120150904
20251120150943_TOP,conn9,20251120150943_TOP.png,OK,0.4493207633495331,0.2848139405250549,0.5514280200004578,0.3016862273216247,20251120150943
20251120151019_TOP,conn9,20251120151019_TOP.png,OK,0.4351448118686676,0.2932615280151367,0.5757095813751221,0.3067274987697601,20251120151019
20251120151054_TOP,conn9,20251120151054_TOP.png,OK,0.4398761689662933,0.2908512055873871,0.5664004683494568,0.3038062751293182,20251120151054
20251120151130_TOP,conn9,20251120151130_TOP.png,OK,0.4533325731754303,0.2825275957584381,0.5795493125915527,0.2921631336212158,20251120151130
20251120151209_TOP,conn9,20251120151209_TOP.png,OK,0.4523714184761047,0.2906909584999084,0.5820749402046204,0.306776612997055,20251120151209
20251120151244_TOP,conn9,20251120151244_TOP.png,OK,0.4507845640182495,0.2834627032279968,0.5722917914390564,0.2867681384086609,20251120151244
20251120151319_TOP,conn9,20251120151319_TOP.png,OK,0.4412181973457336,0.2796515822410583,0.5530279874801636,0.2912203073501587,20251120151319
